timestamp,track_id,name,score
timestamp,track_id,name,score
timestamp,track_id,name,score
timestamp,track_id,name,score
timestamp,track_id,name,score
timestamp,track_id,name,score
timestamp,track_id,name,score
timestamp,track_id,name,score
timestamp,track_id,name,score
timestamp,track_id,name,score
timestamp,track_id,name,score
1763807586.0206468,1,Koushik,0.766
1763807586.0206609,2,Unknown,0.444
1763807586.020663,3,Unknown,0.090
1763807586.2156942,1,Koushik,0.827
1763807586.2157,2,Unknown,0.392
1763807586.215701,3,Unknown,0.097
1763807586.407715,1,Koushik,0.896
1763807586.407723,2,Unknown,0.373
1763807586.407725,3,Unknown,0.095
1763807586.570231,1,Koushik,0.898
1763807586.570237,2,Unknown,0.358
1763807586.570239,3,Unknown,0.090
1763807586.733763,1,Koushik,0.872
1763807586.733769,2,Unknown,0.358
1763807586.73377,3,Unknown,0.102
1763807586.920782,1,Koushik,0.868
1763807586.92079,2,Unknown,0.366
1763807586.920792,3,Unknown,0.124
1763807587.1194382,1,Koushik,0.837
1763807587.119444,2,Unknown,0.429
1763807587.119446,3,Unknown,0.091
1763807587.309501,1,Koushik,0.865
1763807587.30951,2,Unknown,0.461
1763807587.309512,3,Unknown,0.105
1763807587.490012,1,Koushik,0.818
1763807587.490019,2,Unknown,0.423
1763807587.4900212,3,Unknown,0.109
1763807587.6757681,1,Koushik,0.779
1763807587.675773,2,Unknown,0.415
1763807587.675775,3,Unknown,0.117
1763807587.8414762,1,Koushik,0.817
1763807587.841484,2,Unknown,0.369
1763807587.841486,3,Unknown,0.092
1763807588.0071192,1,Koushik,0.792
1763807588.007125,2,Unknown,0.336
1763807588.007127,3,Unknown,0.098
1763807588.1731572,1,Koushik,0.807
1763807588.173169,2,Unknown,0.336
1763807588.173171,3,Unknown,0.017
1763807588.358258,1,Koushik,0.841
1763807588.358264,2,Unknown,0.329
1763807588.3582652,3,Unknown,0.072
1763807588.553356,1,Koushik,0.828
1763807588.553362,2,Unknown,0.422
1763807588.5533628,3,Unknown,0.106
1763807588.7501209,1,Koushik,0.857
1763807588.750129,2,Unknown,0.426
1763807588.750131,3,Unknown,0.114
1763807588.953366,1,Koushik,0.817
1763807588.953373,2,Unknown,0.388
1763807588.9533749,3,Unknown,0.129
1763807589.147212,1,Koushik,0.813
1763807589.147218,2,Unknown,0.389
1763807589.147219,3,Unknown,0.108
1763807589.317781,1,Koushik,0.839
1763807589.317787,2,Unknown,0.422
1763807589.317788,3,Unknown,0.131
1763807589.520041,1,Koushik,0.850
1763807589.5200472,2,Unknown,0.402
1763807589.5200489,3,Unknown,0.162
1763807589.720053,1,Koushik,0.854
1763807589.720059,2,Unknown,0.415
1763807589.7200608,3,Unknown,0.164
1763807589.92465,1,Koushik,0.873
1763807589.9246569,2,Unknown,0.419
1763807589.9246578,3,Unknown,0.132
1763807590.121134,1,Koushik,0.871
1763807590.12114,2,Unknown,0.428
1763807590.121142,3,Unknown,0.127
1763807590.318785,1,Koushik,0.868
1763807590.3187919,2,Unknown,0.458
1763807590.318794,3,Unknown,0.124
1763807590.518951,1,Koushik,0.844
1763807590.518956,2,Unknown,0.421
1763807590.518958,3,Unknown,0.138
1763807590.712502,1,Koushik,0.800
1763807590.712509,2,Unknown,0.451
1763807590.712511,3,Unknown,0.125
1763807590.8864992,1,Koushik,0.630
1763807590.886506,2,Unknown,0.437
1763807590.886507,3,Unknown,0.129
1763807591.085508,1,Koushik,0.704
1763807591.085514,2,Unknown,0.407
1763807591.085516,3,Unknown,0.139
1763807591.281461,1,Koushik,0.788
1763807591.281468,2,Unknown,0.430
1763807591.2814689,3,Unknown,0.149
1763807591.452584,1,Koushik,0.694
1763807591.45259,2,Unknown,0.512
1763807591.4525912,3,Unknown,0.131
1763807591.648242,1,Koushik,0.822
1763807591.6482491,2,Unknown,0.534
1763807591.648252,3,Unknown,0.151
1763807591.8136818,1,Koushik,0.835
1763807591.813688,2,Unknown,0.461
1763807591.813689,3,Unknown,0.158
1763807591.98324,1,Koushik,0.835
1763807591.983247,2,Unknown,0.393
1763807591.983249,3,Unknown,0.144
1763807592.158283,1,Koushik,0.821
1763807592.15829,2,Unknown,0.412
1763807592.1582909,3,Unknown,0.083
1763807592.352872,1,Koushik,0.833
1763807592.3528802,2,Unknown,0.392
1763807592.352882,3,Unknown,0.095
1763807592.544897,1,Koushik,0.791
1763807592.5449028,2,Unknown,0.419
1763807592.544905,3,Unknown,0.144
1763807592.719937,1,Koushik,0.859
1763807592.7199428,2,Unknown,0.394
1763807592.719945,3,Unknown,0.115
1763807592.9097311,1,Koushik,0.875
1763807592.909736,2,Unknown,0.439
1763807592.9097369,3,Unknown,0.149
1763807593.077124,1,Koushik,0.839
1763807593.077128,2,Unknown,0.409
1763807593.07713,3,Unknown,0.172
1763807593.255816,1,Koushik,0.832
1763807593.255821,2,Unknown,0.420
1763807593.2558222,3,Unknown,0.149
1763807593.442554,1,Koushik,0.847
1763807593.44256,2,Unknown,0.405
1763807593.442562,3,Unknown,0.150
1763807593.607032,1,Koushik,0.639
1763807593.607043,2,Unknown,0.436
1763807593.6070452,3,Unknown,0.147
1763807593.789454,1,Koushik,0.614
1763807593.789463,2,Unknown,0.399
1763807593.7894661,3,Unknown,0.149
1763807593.97661,1,Koushik,0.714
1763807593.976616,2,Unknown,0.419
1763807593.976618,3,Unknown,0.131
1763807594.152,1,Koushik,0.726
1763807594.152009,2,Unknown,0.496
1763807594.15201,3,Unknown,0.127
1763807594.337143,1,Koushik,0.708
1763807594.337149,2,Unknown,0.424
1763807594.337151,3,Unknown,0.160
1763807594.496856,1,Koushik,0.658
1763807594.496862,2,Unknown,0.498
1763807594.496863,3,Unknown,0.201
1763807594.673111,1,Koushik,0.744
1763807594.673122,2,Unknown,0.478
1763807594.6731231,3,Unknown,0.137
1763807594.836319,1,Koushik,0.770
1763807594.8363252,2,Unknown,0.288
1763807594.836326,3,Unknown,0.147
1763807595.009522,1,Koushik,0.714
1763807595.009532,2,Unknown,0.380
1763807595.009534,3,Unknown,0.169
1763807595.184381,1,Koushik,0.773
1763807595.1843898,2,Unknown,0.363
1763807595.184392,3,Unknown,0.119
1763807595.3768861,1,Koushik,0.833
1763807595.376895,2,Unknown,0.371
1763807595.376897,3,Unknown,0.131
1763807595.541881,1,Koushik,0.856
1763807595.541889,2,Unknown,0.421
1763807595.541891,3,Unknown,0.143
1763807595.70594,1,Koushik,0.880
1763807595.7059462,2,Unknown,0.440
1763807595.705947,3,Unknown,0.117
1763807595.8851578,1,Koushik,0.850
1763807595.885164,2,Unknown,0.440
1763807595.885165,3,Unknown,0.124
1763807596.079136,1,Koushik,0.868
1763807596.0791419,2,Unknown,0.414
1763807596.079144,3,Unknown,0.134
1763807596.252096,1,Koushik,0.840
1763807596.2521012,2,Unknown,0.388
1763807596.2521029,3,Unknown,0.150
1763807596.406113,1,Unknown,0.561
1763807596.406121,2,Unknown,0.374
1763807596.406123,3,Unknown,0.132
1763807596.5695732,1,Koushik,0.606
1763807596.569578,2,Unknown,0.392
1763807596.56958,3,Unknown,0.115
1763807596.757107,1,Unknown,0.567
1763807596.757112,2,Unknown,0.402
1763807596.757113,3,Unknown,0.062
1763807596.95362,1,Koushik,0.714
1763807596.9536269,2,Unknown,0.393
1763807596.9536278,3,Unknown,0.147
1763807597.143728,1,Koushik,0.807
1763807597.143734,2,Unknown,0.441
1763807597.143735,3,Unknown,0.140
1763807597.307693,1,Koushik,0.852
1763807597.307699,2,Unknown,0.415
1763807597.307701,3,Unknown,0.147
1763807597.4712,1,Koushik,0.751
1763807597.4712052,2,Unknown,0.454
1763807597.471207,3,Unknown,0.052
1763807597.654984,1,Koushik,0.685
1763807597.6549902,2,Unknown,0.444
1763807597.6549919,3,Unknown,0.160
1763807597.842591,1,Koushik,0.685
1763807597.842607,2,Unknown,0.393
1763807597.8426082,3,Unknown,0.089
1763807598.006389,1,Koushik,0.731
1763807598.006397,2,Unknown,0.555
1763807598.006399,3,Unknown,0.085
1763807598.19152,1,Koushik,0.745
1763807598.191524,2,Unknown,0.538
1763807598.191526,3,Unknown,0.039
1763807598.3855171,1,Koushik,0.720
1763807598.385524,2,Unknown,0.517
1763807598.385525,3,Unknown,-0.005
1763807598.5795782,1,Koushik,0.719
1763807598.579584,2,Unknown,0.532
1763807598.579586,3,Unknown,0.081
1763807598.748328,1,Koushik,0.609
1763807598.7483342,2,Unknown,0.483
1763807598.7483351,3,Unknown,0.122
1763807598.922365,1,Unknown,0.569
1763807598.92237,2,Unknown,0.344
1763807598.9223711,3,Unknown,0.076
1763807599.118423,1,Koushik,0.700
1763807599.118429,2,Unknown,0.391
1763807599.11843,3,Unknown,0.024
1763807599.304976,1,Koushik,0.731
1763807599.304981,2,Unknown,0.521
1763807599.304982,3,Unknown,0.078
1763807599.488771,1,Koushik,0.747
1763807599.488776,2,Unknown,0.319
1763807599.488777,3,Unknown,0.093
1763807599.6858308,1,Koushik,0.847
1763807599.685836,2,Unknown,0.342
1763807599.685837,3,Unknown,0.064
1763807599.874042,1,Koushik,0.850
1763807599.874049,2,Unknown,0.331
1763807599.8740501,3,Unknown,0.064
1763807600.040117,1,Koushik,0.847
1763807600.040131,2,Unknown,0.372
1763807600.040252,3,Unknown,0.036
1763807600.20694,1,Koushik,0.844
1763807600.2069461,2,Unknown,0.372
1763807600.206948,3,Unknown,0.021
1763807600.38416,1,Koushik,0.829
1763807600.384165,2,Unknown,0.453
1763807600.384166,3,Unknown,0.078
1763807600.538084,1,Koushik,0.805
1763807600.538089,2,Unknown,0.422
1763807600.538091,3,Unknown,0.062
1763807600.7173362,1,Koushik,0.812
1763807600.717341,2,Unknown,0.496
1763807600.717342,3,Unknown,0.064
1763807600.8715038,1,Koushik,0.864
1763807600.871509,2,Unknown,0.404
1763807600.87151,3,Unknown,0.047
1763807601.050946,1,Koushik,0.825
1763807601.050952,2,Unknown,0.421
1763807601.050953,3,Unknown,0.091
1763807601.207131,1,Koushik,0.839
1763807601.207139,2,Unknown,0.386
1763807601.2071412,3,Unknown,0.098
1763807601.388767,1,Koushik,0.813
1763807601.388772,2,Unknown,0.453
1763807601.3887732,3,Unknown,0.087
1763807601.5901299,1,Koushik,0.811
1763807601.590136,2,Unknown,0.458
1763807601.590137,3,Unknown,0.123
1763807601.775362,1,Koushik,0.789
1763807601.775369,2,Unknown,0.446
1763807601.77537,3,Unknown,0.072
1763807601.944572,1,Koushik,0.809
1763807601.944577,2,Unknown,0.412
1763807601.9445791,3,Unknown,0.082
1763807602.116956,1,Koushik,0.847
1763807602.116962,2,Unknown,0.447
1763807602.116964,3,Unknown,0.071
1763807602.281461,1,Koushik,0.816
1763807602.281476,2,Unknown,0.388
1763807602.281478,3,Unknown,0.059
1763807602.471238,1,Koushik,0.804
1763807602.471246,2,Unknown,0.387
1763807602.471248,3,Unknown,0.072
1763807602.631958,1,Koushik,0.824
1763807602.631964,2,Unknown,0.439
1763807602.631965,3,Unknown,0.108
1763807602.802293,1,Koushik,0.833
1763807602.8023,2,Unknown,0.413
1763807602.802302,3,Unknown,0.118
1763807602.962523,1,Koushik,0.809
1763807602.962528,2,Unknown,0.397
1763807602.9625301,3,Unknown,0.107
1763807603.147821,1,Koushik,0.773
1763807603.147829,2,Unknown,0.410
1763807603.147831,3,Unknown,0.099
1763807603.355875,1,Koushik,0.665
1763807603.355881,2,Unknown,0.450
1763807603.355882,3,Unknown,0.013
1763807603.554417,1,Koushik,0.742
1763807603.554423,2,Unknown,0.481
1763807603.554424,3,Unknown,0.079
1763807603.752459,1,Koushik,0.695
1763807603.752465,2,Unknown,0.480
1763807603.752466,3,Unknown,0.087
1763807603.942809,1,Koushik,0.783
1763807603.942817,2,Unknown,0.449
1763807603.942819,3,Unknown,0.087
1763807604.122217,1,Koushik,0.810
1763807604.1222231,2,Unknown,0.416
1763807604.122224,3,Unknown,0.042
1763807604.3216782,1,Koushik,0.796
1763807604.321683,2,Unknown,0.393
1763807604.321685,3,Unknown,0.069
1763807604.505743,1,Koushik,0.783
1763807604.505749,2,Unknown,0.495
1763807604.50575,3,Unknown,0.042
1763807604.675905,1,Koushik,0.807
1763807604.6759129,2,Unknown,0.388
1763807604.675914,3,Unknown,0.092
1763807604.8412921,1,Koushik,0.795
1763807604.841299,2,Unknown,0.486
1763807604.841301,3,Unknown,0.113
1763807605.0033548,1,Koushik,0.762
1763807605.003359,2,Unknown,0.437
1763807605.003361,3,Unknown,0.059
1763807605.1722949,1,Koushik,0.690
1763807605.172301,2,Unknown,0.388
1763807605.1723032,3,Unknown,0.041
1763807605.3375518,1,Koushik,0.652
1763807605.337557,2,Unknown,0.467
1763807605.337558,3,Unknown,0.072
1763807605.505762,1,Unknown,0.591
1763807605.5057678,2,Unknown,0.466
1763807605.50577,3,Unknown,0.052
1763807605.6708832,1,Unknown,0.227
1763807605.670889,2,Unknown,0.486
1763807605.67089,3,Unknown,0.054
1763807606.339954,2,Unknown,0.468
1763807606.339962,3,Unknown,0.009
1763807606.493949,2,Unknown,0.461
1763807606.4939551,3,Unknown,0.072
1763807606.6790981,2,Unknown,0.438
1763807606.6791072,3,Unknown,0.054
1763807606.8362749,2,Unknown,0.498
1763807606.836282,3,Unknown,0.087
1763807606.997192,2,Unknown,0.527
1763807606.9971972,3,Unknown,0.086
1763807607.1694038,2,Unknown,0.553
1763807607.16941,3,Unknown,0.047
1763807607.328372,2,Unknown,0.538
1763807607.328377,3,Unknown,0.105
1763807607.5027351,2,Unknown,0.447
1763807607.502741,3,Unknown,0.076
1763807607.66639,2,Unknown,0.454
1763807607.666395,3,Unknown,0.060
1763807607.833111,2,Unknown,0.479
1763807607.833117,3,Unknown,0.069
1763807608.005654,2,Unknown,0.406
1763807608.005661,3,Unknown,0.084
1763807608.1696131,2,Unknown,0.399
1763807608.1696188,3,Unknown,0.085
1763807608.16962,4,Unknown,0.421
1763807608.350167,2,Unknown,0.462
1763807608.350174,3,Unknown,0.070
1763807608.350175,4,Unknown,0.422
1763807608.503078,2,Unknown,0.479
1763807608.5030851,3,Unknown,0.068
1763807608.503086,4,Unknown,0.387
1763807608.6742358,2,Unknown,0.462
1763807608.6742442,3,Unknown,0.067
1763807608.674245,4,Unknown,0.421
1763807608.8308952,2,Unknown,0.412
1763807608.830902,3,Unknown,0.073
1763807609.007919,2,Unknown,0.382
1763807609.007924,3,Unknown,0.068
1763807609.1622841,2,Unknown,0.412
1763807609.1622899,3,Unknown,0.058
1763807609.334466,2,Unknown,0.409
1763807609.334472,3,Unknown,0.108
1763807609.5001159,2,Unknown,0.396
1763807609.500122,3,Unknown,0.086
1763807609.674092,2,Unknown,0.436
1763807609.674098,3,Unknown,0.089
1763807609.832795,2,Unknown,0.440
1763807609.8328,3,Unknown,0.097
1763807610.0021188,2,Unknown,0.435
1763807610.002126,3,Unknown,0.097
1763807610.165175,2,Unknown,0.411
1763807610.165181,3,Unknown,0.114
1763807610.3393312,2,Unknown,0.389
1763807610.3393369,3,Unknown,0.050
1763807610.497983,2,Unknown,0.432
1763807610.4979892,3,Unknown,0.077
1763807610.6771982,2,Unknown,0.511
1763807610.677206,3,Unknown,0.128
1763807610.836421,2,Unknown,0.503
1763807610.836426,3,Unknown,0.141
1763807610.836427,5,Koushik,0.620
1763807611.012017,2,Unknown,0.493
1763807611.012031,3,Unknown,0.179
1763807611.012033,5,Koushik,0.610
1763807611.184887,2,Unknown,0.451
1763807611.184892,3,Unknown,0.142
1763807611.184893,5,Koushik,0.621
1763807611.3380868,2,Unknown,0.476
1763807611.338094,3,Unknown,0.123
1763807611.3380961,5,Unknown,0.587
1763807611.522589,2,Unknown,0.560
1763807611.5225961,3,Unknown,0.130
1763807611.522597,5,Unknown,0.394
1763807611.709877,2,Unknown,0.472
1763807611.709882,3,Unknown,0.159
1763807611.709884,5,Unknown,0.537
1763807611.882663,2,Unknown,0.492
1763807611.882669,3,Unknown,0.133
1763807611.8826702,5,Unknown,0.523
1763807612.0503008,2,Unknown,0.518
1763807612.050307,3,Unknown,0.146
1763807612.050308,5,Unknown,0.492
1763807612.205315,2,Unknown,0.539
1763807612.205319,3,Unknown,0.130
1763807612.205321,5,Unknown,0.576
1763807612.3851159,2,Unknown,0.493
1763807612.385121,3,Unknown,0.156
1763807612.385122,5,Unknown,0.587
1763807612.538374,2,Unknown,0.476
1763807612.5383801,3,Unknown,0.140
1763807612.538381,5,Unknown,0.575
1763807612.718519,2,Unknown,0.518
1763807612.7185228,3,Unknown,0.070
1763807612.718525,5,Unknown,0.474
1763807612.869217,2,Unknown,0.494
1763807612.869222,3,Unknown,0.068
1763807612.8692238,5,Unknown,0.506
1763807613.039021,2,Unknown,0.432
1763807613.039026,3,Unknown,0.133
1763807613.039028,5,Unknown,0.564
1763807613.2053251,2,Unknown,0.373
1763807613.20533,3,Unknown,0.072
1763807613.205332,5,Unknown,0.561
1763807613.3669739,2,Unknown,0.488
1763807613.36698,3,Unknown,-0.008
1763807613.366981,5,Unknown,0.577
1763807613.5451221,2,Unknown,0.563
1763807613.5451279,3,Unknown,0.034
1763807613.545129,5,Unknown,0.501
1763807613.705017,2,Unknown,0.530
1763807613.705023,3,Unknown,0.063
1763807613.705024,5,Unknown,0.572
1763807613.871255,2,Unknown,0.505
1763807613.8712618,3,Unknown,0.062
1763807613.871263,5,Unknown,0.584
1763807614.032403,2,Unknown,0.567
1763807614.032408,3,Unknown,0.091
1763807614.0324092,5,Koushik,0.611
1763807614.209269,2,Unknown,0.526
1763807614.209276,3,Unknown,0.069
1763807614.2092779,5,Unknown,0.538
1763807614.366733,2,Unknown,0.534
1763807614.366739,3,Unknown,0.143
1763807614.36674,5,Unknown,0.491
1763807614.545918,2,Unknown,0.570
1763807614.545933,3,Unknown,0.135
1763807614.545934,5,Unknown,0.578
1763807614.724562,2,Unknown,0.485
1763807614.724569,3,Unknown,0.166
1763807614.72457,5,Koushik,0.611
1763807614.92186,2,Unknown,0.501
1763807614.921866,3,Unknown,0.186
1763807614.921868,5,Unknown,0.599
1763807615.111226,2,Unknown,0.523
1763807615.111236,3,Unknown,0.149
1763807615.111237,5,Unknown,0.600
1763807615.2799108,2,Unknown,0.500
1763807615.279916,3,Unknown,0.150
1763807615.2799182,5,Koushik,0.610
1763807615.456625,2,Unknown,0.516
1763807615.456631,3,Unknown,0.123
1763807615.4566321,5,Unknown,0.545
1763807615.650424,2,Unknown,0.498
1763807615.650431,3,Unknown,0.163
1763807615.8028412,2,Unknown,0.472
1763807615.802848,3,Unknown,0.146
1763807615.983229,2,Unknown,0.465
1763807615.983237,3,Unknown,0.093
1763807616.13714,2,Unknown,0.495
1763807616.137147,3,Unknown,0.150
1763807616.318398,2,Unknown,0.529
1763807616.318403,3,Unknown,0.148
1763807616.3184042,6,Unknown,0.479
1763807616.471179,2,Unknown,0.532
1763807616.471186,3,Unknown,0.135
1763807616.471188,6,Unknown,0.565
1763807616.657056,2,Unknown,0.465
1763807616.6570618,3,Unknown,0.109
1763807616.657064,6,Koushik,0.663
1763807616.853086,2,Unknown,0.531
1763807616.8530939,3,Unknown,0.088
1763807616.853096,6,Koushik,0.676
1763807617.045519,2,Unknown,0.472
1763807617.045527,3,Unknown,0.107
1763807617.0455282,6,Unknown,0.590
1763807617.218287,2,Unknown,0.537
1763807617.218294,3,Unknown,0.118
1763807617.218296,6,Koushik,0.603
1763807617.391565,2,Unknown,0.498
1763807617.391584,3,Unknown,0.159
1763807617.391585,6,Koushik,0.703
1763807617.570592,2,Unknown,0.516
1763807617.570598,3,Unknown,0.104
1763807617.5706,6,Koushik,0.636
1763807617.731881,2,Unknown,0.496
1763807617.7318861,3,Unknown,0.113
1763807617.731888,6,Koushik,0.767
1763807617.914625,2,Unknown,0.534
1763807617.914631,3,Unknown,0.142
1763807617.9146318,6,Koushik,0.712
1763807618.065314,2,Unknown,0.533
1763807618.06532,3,Unknown,0.054
1763807618.065322,6,Koushik,0.765
1763807618.255022,2,Unknown,0.508
1763807618.255028,3,Unknown,0.111
1763807618.25503,6,Koushik,0.774
1763807618.448086,2,Unknown,0.477
1763807618.4480908,3,Unknown,0.187
1763807618.448093,6,Koushik,0.747
1763807618.650647,2,Unknown,0.428
1763807618.650657,3,Unknown,0.156
1763807618.6506581,6,Koushik,0.652
1763807618.83582,2,Unknown,0.535
1763807618.835826,3,Unknown,0.114
1763807618.835828,6,Unknown,0.461
1763807619.010895,2,Unknown,0.486
1763807619.010905,3,Unknown,0.155
1763807619.0109062,6,Unknown,0.523
1763807619.188894,2,Unknown,0.495
1763807619.1889012,3,Unknown,0.136
1763807619.188902,6,Koushik,0.726
1763807619.3883111,2,Unknown,0.477
1763807619.388319,3,Unknown,0.168
1763807619.38832,6,Koushik,0.703
1763807619.579948,2,Unknown,0.465
1763807619.579956,3,Unknown,0.133
1763807619.579958,6,Koushik,0.776
1763807619.75147,2,Unknown,0.466
1763807619.751477,3,Unknown,0.059
1763807619.751478,6,Koushik,0.717
1763807619.9018822,2,Unknown,0.482
1763807619.901888,3,Unknown,0.056
1763807619.90189,6,Koushik,0.612
1763807620.077185,2,Unknown,0.526
1763807620.0771918,3,Unknown,0.091
1763807620.2520692,2,Unknown,0.534
1763807620.252074,3,Unknown,0.090
1763807620.41615,2,Unknown,0.427
1763807620.4161549,3,Unknown,0.044
1763807620.571587,2,Unknown,0.582
1763807620.571593,3,Unknown,0.200
1763807620.732664,2,Unknown,0.505
1763807620.7326689,3,Unknown,0.104
1763807620.907191,2,Unknown,0.486
1763807620.907197,3,Unknown,0.088
1763807621.068192,2,Unknown,0.478
1763807621.068198,3,Unknown,0.051
1763807621.248582,2,Unknown,0.470
1763807621.248588,3,Unknown,0.017
1763807621.4037828,2,Unknown,0.459
1763807621.403789,3,Unknown,0.089
1763807621.56722,2,Unknown,0.365
1763807621.567225,3,Unknown,0.058
1763807621.7406368,2,Unknown,0.363
1763807621.740643,3,Unknown,0.035
1763807621.901621,2,Unknown,0.390
1763807621.9016268,3,Unknown,0.006
1763807622.079231,2,Unknown,0.375
1763807622.079238,3,Unknown,0.088
1763807622.235001,2,Unknown,0.382
1763807622.235007,3,Unknown,0.017
1763807622.415702,2,Unknown,0.455
1763807622.4157069,3,Unknown,0.100
1763807622.568505,2,Unknown,0.384
1763807622.56851,3,Unknown,0.067
1763807622.73206,2,Unknown,0.412
1763807622.7320662,3,Unknown,0.035
1763807622.9155421,2,Unknown,0.370
1763807622.915547,3,Unknown,0.074
1763807623.069634,2,Unknown,0.391
1763807623.06964,3,Unknown,0.070
1763807623.248977,2,Unknown,0.490
1763807623.2489831,3,Unknown,0.065
1763807623.407296,2,Unknown,0.481
1763807623.407302,3,Unknown,0.094
1763807623.568752,2,Unknown,0.490
1763807623.568757,3,Unknown,0.065
1763807623.7447731,2,Unknown,0.453
1763807623.7447839,3,Unknown,0.084
1763807623.900112,2,Unknown,0.388
1763807623.900118,3,Unknown,0.116
1763807624.080006,2,Unknown,0.438
1763807624.080012,3,Unknown,0.074
1763807624.237036,2,Unknown,0.368
1763807624.237043,3,Unknown,0.091
1763807624.415016,2,Unknown,0.378
1763807624.415025,3,Unknown,0.002
1763807624.57175,2,Unknown,0.425
1763807624.5717561,3,Unknown,0.035
1763807624.750179,2,Unknown,0.444
1763807624.7501838,3,Unknown,0.061
1763807624.906461,2,Unknown,0.396
1763807624.9064682,3,Unknown,0.153
1763807625.069105,2,Unknown,0.415
1763807625.069111,3,Unknown,0.104
1763807625.253634,2,Unknown,0.461
1763807625.25364,3,Unknown,0.130
1763807625.402265,2,Unknown,0.397
1763807625.402271,3,Unknown,0.142
1763807625.581425,2,Unknown,0.384
1763807625.581429,3,Unknown,0.139
1763807625.749814,2,Unknown,0.434
1763807625.74982,3,Unknown,0.119
1763807625.9007769,2,Unknown,0.350
1763807625.900783,3,Unknown,0.101
1763807626.069775,2,Unknown,0.333
1763807626.069781,3,Unknown,0.027
1763807626.239007,2,Unknown,0.352
1763807626.2390132,3,Unknown,0.062
1763807626.4162061,2,Unknown,0.380
1763807626.416211,3,Unknown,0.055
1763807626.570858,2,Unknown,0.379
1763807626.5708642,3,Unknown,0.021
1763807626.749474,2,Unknown,0.377
1763807626.74948,3,Unknown,0.059
1763807626.901797,2,Unknown,0.366
1763807626.901806,3,Unknown,0.086
1763807627.083552,2,Unknown,0.386
1763807627.0835578,3,Unknown,0.062
1763807627.232979,2,Unknown,0.412
1763807627.232985,3,Unknown,0.096
1763807627.4167092,2,Unknown,0.378
1763807627.416715,3,Unknown,0.047
1763807627.57109,2,Unknown,0.385
1763807627.5710971,3,Unknown,0.126
1763807627.749378,2,Unknown,0.424
1763807627.7493818,3,Unknown,0.135
1763807627.903902,2,Unknown,0.345
1763807627.9039092,3,Unknown,0.137
1763807628.0830789,2,Unknown,0.372
1763807628.083085,3,Unknown,0.149
1763807628.2383301,2,Unknown,0.402
1763807628.238336,3,Unknown,0.139
1763807628.4165702,2,Unknown,0.390
1763807628.416575,3,Unknown,0.172
1763807628.5737011,2,Unknown,0.443
1763807628.573708,3,Unknown,0.129
1763807628.7528708,2,Unknown,0.444
1763807628.752876,3,Unknown,0.127
1763807628.917832,2,Unknown,0.385
1763807628.917838,3,Unknown,0.087
1763807629.083256,2,Unknown,0.440
1763807629.083261,3,Unknown,0.047
1763807629.2389429,2,Unknown,0.482
1763807629.2389498,3,Unknown,0.042
1763807629.418326,2,Unknown,0.439
1763807629.418334,3,Unknown,0.144
1763807629.572851,2,Unknown,0.433
1763807629.5728571,3,Unknown,0.097
1763807629.7490802,2,Unknown,0.465
1763807629.749088,3,Unknown,0.068
1763807629.905525,2,Unknown,0.477
1763807629.905531,3,Unknown,0.129
1763807630.084321,2,Unknown,0.309
1763807630.084327,3,Unknown,0.109
1763807630.249332,2,Unknown,0.295
1763807630.249336,3,Unknown,0.113
1763807630.4021251,2,Unknown,0.209
1763807630.4021308,3,Unknown,0.126
1763807630.5844102,2,Unknown,0.315
1763807630.584415,3,Unknown,0.133
1763807630.75054,2,Unknown,0.295
1763807630.7505448,3,Unknown,0.124
1763807630.905282,2,Unknown,0.289
1763807630.905289,3,Unknown,0.132
1763807631.0851462,2,Unknown,0.335
1763807631.085151,3,Unknown,0.129
1763807631.252219,2,Unknown,0.327
1763807631.252224,3,Unknown,0.124
1763807631.418808,2,Unknown,0.348
1763807631.418814,3,Unknown,0.090
1763807631.585175,2,Unknown,0.343
1763807631.5851798,3,Unknown,0.076
1763807631.75263,2,Unknown,0.343
1763807631.752637,3,Unknown,0.108
1763807631.918009,2,Unknown,0.407
1763807631.918016,3,Unknown,0.093
1763807632.0701098,2,Unknown,0.370
1763807632.0701172,3,Unknown,0.129
1763807632.2499468,2,Unknown,0.415
1763807632.249953,3,Unknown,0.135
1763807632.405407,2,Unknown,0.416
1763807632.4054148,3,Unknown,0.072
1763807632.583856,2,Unknown,0.331
1763807632.5838609,3,Unknown,0.075
1763807632.737965,2,Unknown,0.351
1763807632.737972,3,Unknown,0.170
1763807632.9152708,2,Unknown,0.370
1763807632.9152908,3,Unknown,0.104
1763807633.071536,2,Unknown,0.454
1763807633.071543,3,Unknown,0.128
1763807633.249463,2,Unknown,0.435
1763807633.2494678,3,Unknown,0.128
1763807633.4165409,2,Unknown,0.447
1763807633.416548,3,Unknown,0.134
1763807633.570955,2,Unknown,0.489
1763807633.570962,3,Unknown,0.161
1763807633.752042,2,Unknown,0.476
1763807633.752047,3,Unknown,0.161
1763807633.9174058,2,Unknown,0.461
1763807633.917412,3,Unknown,0.168
1763807634.082347,2,Unknown,0.440
1763807634.0823522,3,Unknown,0.184
1763807634.2381,2,Unknown,0.431
1763807634.238107,3,Unknown,0.097
1763807634.415612,2,Unknown,0.471
1763807634.4156191,3,Unknown,0.096
1763807634.573506,2,Unknown,0.467
1763807634.573513,3,Unknown,0.166
1763807634.7501929,2,Unknown,0.330
1763807634.7501981,3,Unknown,0.173
1763807634.9075918,2,Unknown,0.412
1763807634.907598,3,Unknown,0.139
1763807635.086288,2,Unknown,0.501
1763807635.086296,3,Unknown,0.192
1763807635.086297,7,Unknown,0.584
1763807635.264242,2,Unknown,0.437
1763807635.264253,3,Unknown,0.194
1763807635.2642539,7,Koushik,0.702
1763807635.450506,2,Unknown,0.419
1763807635.450512,3,Unknown,0.156
1763807635.4505138,7,Koushik,0.779
1763807635.638578,2,Unknown,0.457
1763807635.6385841,3,Unknown,0.214
1763807635.638586,7,Koushik,0.827
1763807635.803252,2,Unknown,0.426
1763807635.803257,3,Unknown,0.108
1763807635.803259,7,Koushik,0.882
1763807635.989247,2,Unknown,0.544
1763807635.989253,3,Unknown,0.109
1763807635.989255,7,Koushik,0.909
1763807636.201333,2,Unknown,0.478
1763807636.20134,3,Unknown,0.103
1763807636.2013419,7,Koushik,0.874
1763807636.395282,2,Unknown,0.528
1763807636.3952892,3,Unknown,0.068
1763807636.3952909,7,Koushik,0.877
1763807636.5792918,2,Unknown,0.539
1763807636.579301,3,Unknown,0.126
1763807636.579303,7,Koushik,0.872
1763807636.7422988,2,Unknown,0.537
1763807636.742305,3,Unknown,0.105
1763807636.742306,7,Koushik,0.852
1763807636.919832,2,Unknown,0.452
1763807636.919839,3,Unknown,0.100
1763807636.91984,7,Koushik,0.661
1763807637.086623,2,Unknown,0.421
1763807637.0866292,3,Unknown,0.059
1763807637.0866299,7,Unknown,0.422
1763807637.245009,2,Unknown,0.415
1763807637.245016,3,Unknown,0.113
1763807637.245018,7,Unknown,0.489
1763807637.415751,2,Unknown,0.460
1763807637.415759,3,Unknown,0.101
1763807637.415761,7,Unknown,0.497
1763807637.588511,2,Unknown,0.464
1763807637.5885172,3,Unknown,0.147
1763807637.588518,7,Unknown,0.592
1763807637.7509708,2,Unknown,0.496
1763807637.750977,3,Unknown,0.101
1763807637.901234,2,Unknown,0.567
1763807637.90124,3,Unknown,0.142
1763807638.082412,2,Unknown,0.487
1763807638.082416,3,Unknown,0.091
1763807638.239685,2,Unknown,0.490
1763807638.239692,3,Unknown,0.186
1763807638.41505,2,Unknown,0.383
1763807638.415056,3,Unknown,0.163
1763807638.571261,2,Unknown,0.429
1763807638.571268,3,Unknown,0.155
1763807638.747266,2,Unknown,0.474
1763807638.747272,3,Unknown,0.110
1763807638.904874,2,Unknown,0.404
1763807638.904882,3,Unknown,0.143
1763807639.082866,2,Unknown,0.437
1763807639.082874,3,Unknown,0.125
1763807639.251032,2,Unknown,0.413
1763807639.251037,3,Unknown,0.166
1763807639.404712,2,Unknown,0.439
1763807639.404719,3,Unknown,0.129
1763807639.583467,2,Unknown,0.394
1763807639.583476,3,Unknown,0.120
1763807639.7399292,2,Unknown,0.390
1763807639.739936,3,Unknown,0.187
1763807639.917163,2,Unknown,0.460
1763807639.9171681,3,Unknown,0.146
1763807640.083709,2,Unknown,0.480
1763807640.083714,3,Unknown,0.163
1763807640.238145,2,Unknown,0.475
1763807640.238153,3,Unknown,0.139
1763807640.415691,2,Unknown,0.433
1763807640.415704,3,Unknown,0.102
1763807640.575685,2,Unknown,0.427
1763807640.575692,3,Unknown,0.115
1763807640.7514849,2,Unknown,0.375
1763807640.75149,3,Unknown,0.085
1763807640.9167192,2,Unknown,0.391
1763807640.916725,3,Unknown,0.123
1763807641.0722592,2,Unknown,0.457
1763807641.072264,3,Unknown,0.174
1763807641.2469592,2,Unknown,0.426
1763807641.246967,3,Unknown,0.122
1763807641.4048839,2,Unknown,0.434
1763807641.4048908,3,Unknown,0.128
1763807641.582977,2,Unknown,0.353
1763807641.582987,3,Unknown,0.133
1763807641.741368,2,Unknown,0.527
1763807641.741375,3,Unknown,0.151
1763807641.914356,2,Unknown,0.526
1763807641.9143639,3,Unknown,0.155
1763807642.079298,2,Unknown,0.572
1763807642.079305,3,Unknown,0.115
1763807642.250816,2,Koushik,0.613
1763807642.250821,3,Unknown,0.119
1763807642.41609,2,Unknown,0.526
1763807642.416102,3,Unknown,0.149
1763807642.572382,2,Unknown,0.487
1763807642.5723882,3,Unknown,0.164
1763807642.748302,2,Unknown,0.415
1763807642.748307,3,Unknown,0.140
1763807642.9058208,2,Unknown,0.479
1763807642.905826,3,Unknown,0.100
1763807643.081237,2,Unknown,0.439
1763807643.0812428,3,Unknown,0.135
1763807643.236219,2,Unknown,0.456
1763807643.2362251,3,Unknown,0.075
1763807643.420651,2,Unknown,0.416
1763807643.420657,3,Unknown,0.082
1763807643.4206588,8,Unknown,-0.068
1763807643.578349,2,Unknown,0.463
1763807643.578357,3,Unknown,0.093
1763807643.5783591,8,Unknown,-0.062
1763807643.74854,2,Unknown,0.438
1763807643.7485492,3,Unknown,-0.039
1763807643.748551,8,Unknown,0.077
1763807643.919861,2,Unknown,0.435
1763807643.9198668,3,Unknown,-0.024
1763807643.919868,8,Unknown,0.007
1763807644.085,2,Unknown,0.396
1763807644.085005,3,Unknown,0.071
1763807644.237875,2,Unknown,0.427
1763807644.2378821,3,Unknown,0.108
1763807644.418945,2,Unknown,0.423
1763807644.4189498,3,Unknown,0.119
1763807644.57196,2,Unknown,0.509
1763807644.571967,3,Unknown,0.063
1763807644.7482948,2,Unknown,0.544
1763807644.748304,3,Unknown,-0.026
1763807644.905493,2,Unknown,0.557
1763807644.9055,3,Unknown,0.026
1763807645.082688,2,Unknown,0.515
1763807645.082703,3,Unknown,0.049
1763807645.240598,2,Unknown,0.554
1763807645.240604,3,Unknown,-0.025
1763807645.416255,2,Unknown,0.416
1763807645.4162629,3,Unknown,0.042
1763807645.5736,2,Unknown,0.375
1763807645.573607,3,Unknown,0.023
1763807645.749728,2,Unknown,0.400
1763807645.7497358,3,Unknown,0.076
1763807645.9182878,2,Unknown,0.427
1763807645.918294,3,Unknown,0.061
1763807646.073697,2,Unknown,0.367
1763807646.0737019,3,Unknown,0.043
1763807646.2498171,2,Unknown,0.380
1763807646.249823,3,Unknown,0.008
1763807646.401172,2,Unknown,0.353
1763807646.4011772,3,Unknown,-0.002
1763807646.584241,2,Unknown,0.393
1763807646.584246,3,Unknown,0.057
1763807646.7386508,2,Unknown,0.486
1763807646.738657,3,Unknown,0.108
1763807646.913323,2,Unknown,0.561
1763807646.9133298,3,Unknown,0.102
1763807647.072497,2,Unknown,0.559
1763807647.072504,3,Unknown,0.076
1763807647.2520802,2,Unknown,0.567
1763807647.252086,3,Unknown,0.060
1763807647.4067159,2,Unknown,0.530
1763807647.4067242,3,Unknown,0.079
1763807647.584851,2,Unknown,0.532
1763807647.584857,3,Unknown,0.099
1763807647.741465,2,Unknown,0.542
1763807647.741472,3,Unknown,0.081
1763807647.916464,2,Unknown,0.500
1763807647.91648,3,Unknown,0.058
1763807648.072968,2,Unknown,0.533
1763807648.072974,3,Unknown,0.032
1763807648.246836,2,Unknown,0.535
1763807648.2468412,3,Unknown,0.002
1763807648.403795,2,Unknown,0.548
1763807648.4038012,3,Unknown,0.070
1763807648.584377,2,Unknown,0.451
1763807648.584382,3,Unknown,0.057
1763807648.739306,2,Unknown,0.304
1763807648.7393138,3,Unknown,0.115
1763807648.914229,2,Unknown,0.341
1763807648.9142358,3,Unknown,0.053
1763807649.073185,2,Unknown,0.387
1763807649.073192,3,Unknown,0.079
1763807649.2477062,2,Unknown,0.358
1763807649.247714,3,Unknown,0.066
1763807649.406611,2,Unknown,0.383
1763807649.406618,3,Unknown,0.036
1763807649.5855942,2,Unknown,0.379
1763807649.585599,3,Unknown,0.134
1763807649.741427,2,Unknown,0.366
1763807649.7414331,3,Unknown,0.119
1763807649.741434,9,Unknown,0.424
1763807649.915585,2,Unknown,0.367
1763807649.9155898,3,Unknown,0.156
1763807650.078088,2,Unknown,0.371
1763807650.078099,3,Unknown,0.177
1763807650.078101,9,Unknown,0.415
1763807650.2457201,2,Unknown,0.399
1763807650.245724,3,Unknown,0.136
1763807650.2457259,9,Unknown,0.337
1763807650.415895,2,Unknown,0.361
1763807650.415902,3,Unknown,0.102
1763807650.574373,2,Unknown,0.349
1763807650.574378,3,Unknown,0.130
1763807650.749702,2,Unknown,0.402
1763807650.750141,3,Unknown,0.076
1763807650.9065568,2,Unknown,0.365
1763807650.906563,3,Unknown,0.091
1763807651.083165,2,Unknown,0.371
1763807651.083173,3,Unknown,0.067
1763807651.239991,2,Unknown,0.425
1763807651.239996,3,Unknown,0.072
1763807651.4160929,2,Unknown,0.411
1763807651.416099,3,Unknown,0.084
1763807651.5776892,2,Unknown,0.482
1763807651.577695,3,Unknown,0.063
1763807651.74304,2,Unknown,0.433
1763807651.7430458,3,Unknown,0.042
1763807651.916524,2,Unknown,0.431
1763807651.916532,3,Unknown,0.103
1763807652.0789702,2,Unknown,0.469
1763807652.078975,3,Unknown,0.095
1763807652.247055,2,Unknown,0.429
1763807652.247061,3,Unknown,0.071
1763807652.417877,2,Unknown,0.437
1763807652.417883,3,Unknown,0.069
1763807652.568149,2,Unknown,0.390
1763807652.5681548,3,Unknown,-0.018
1763807652.749687,2,Unknown,0.376
1763807652.749695,3,Unknown,0.082
1763807652.904091,2,Unknown,0.413
1763807652.904097,3,Unknown,-0.051
1763807653.083603,2,Unknown,0.365
1763807653.083613,3,Unknown,-0.099
1763807653.239161,2,Unknown,0.428
1763807653.239166,3,Unknown,-0.122
1763807653.416832,2,Unknown,0.364
1763807653.416845,3,Unknown,0.037
1763807653.5743418,2,Unknown,0.363
1763807653.574348,3,Unknown,-0.027
1763807653.748961,2,Unknown,0.477
1763807653.748969,3,Unknown,0.060
1763807653.908077,2,Unknown,0.549
1763807653.908082,3,Unknown,0.034
1763807654.081281,2,Unknown,0.509
1763807654.08129,3,Unknown,0.075
1763807654.236601,2,Unknown,0.502
1763807654.236606,3,Unknown,0.082
1763807654.41774,2,Unknown,0.494
1763807654.4177449,3,Unknown,0.127
1763807654.57864,2,Unknown,0.479
1763807654.578651,3,Unknown,0.070
1763807654.747009,2,Unknown,0.386
1763807654.747015,3,Unknown,0.098
1763807654.916212,2,Unknown,0.414
1763807654.9162161,3,Unknown,0.063
1763807655.073934,2,Unknown,0.406
1763807655.07394,3,Unknown,0.019
1763807655.249244,2,Unknown,0.512
1763807655.249249,3,Unknown,0.031
1763807655.403187,2,Unknown,0.463
1763807655.403193,3,Unknown,0.064
1763807655.5872939,2,Unknown,0.514
1763807655.5873,3,Unknown,0.012
1763807655.737689,2,Unknown,0.507
1763807655.737694,3,Unknown,0.056
1763807655.918709,2,Unknown,0.474
1763807655.918714,3,Unknown,0.083
1763807656.0754979,2,Unknown,0.517
1763807656.075504,3,Unknown,0.090
1763807656.250741,2,Unknown,0.336
1763807656.250746,3,Unknown,0.119
1763807656.404053,2,Unknown,0.418
1763807656.404059,3,Unknown,0.044
1763807656.583832,2,Unknown,0.404
1763807656.583843,3,Unknown,0.083
1763807656.739717,2,Unknown,0.398
1763807656.739723,3,Unknown,0.077
1763807656.9177432,2,Unknown,0.421
1763807656.917748,3,Unknown,0.094
1763807657.072989,2,Unknown,0.371
1763807657.0729952,3,Unknown,0.094
1763807657.2501829,2,Unknown,0.475
1763807657.25019,3,Unknown,0.083
1763807657.4075232,2,Unknown,0.412
1763807657.4075289,3,Unknown,0.119
1763807657.585152,2,Unknown,0.392
1763807657.5851572,3,Unknown,0.130
1763807657.740036,2,Unknown,0.500
1763807657.740041,3,Unknown,0.123
1763807657.916515,2,Unknown,0.408
1763807657.916521,3,Unknown,0.093
1763807658.0745,2,Unknown,0.364
1763807658.074506,3,Unknown,0.078
1763807658.249373,2,Unknown,0.403
1763807658.2493818,3,Unknown,0.061
1763807658.406812,2,Unknown,0.378
1763807658.4068182,3,Unknown,0.071
1763807658.583296,2,Unknown,0.385
1763807658.5833018,3,Unknown,0.103
1763807658.739413,2,Unknown,0.410
1763807658.739419,3,Unknown,0.045
1763807658.916369,2,Unknown,0.399
1763807658.916374,3,Unknown,0.058
1763807659.076402,2,Unknown,0.409
1763807659.076407,3,Unknown,0.092
1763807659.2579541,2,Unknown,0.386
1763807659.257959,3,Unknown,0.134
1763807659.422233,2,Unknown,0.466
1763807659.4222379,3,Unknown,0.075
1763807659.589694,2,Unknown,0.386
1763807659.589699,3,Unknown,0.052
1763807659.770661,2,Unknown,0.369
1763807659.770667,3,Unknown,0.089
1763807659.7706702,10,Unknown,0.321
1763807659.948661,2,Unknown,0.436
1763807659.948666,3,Unknown,0.108
1763807659.948668,10,Unknown,0.401
1763807660.1031628,2,Unknown,0.365
1763807660.103169,3,Unknown,0.138
1763807660.2790961,2,Unknown,0.404
1763807660.279104,3,Unknown,0.097
1763807660.4478452,2,Unknown,0.370
1763807660.447853,3,Unknown,0.078
1763807660.6202261,2,Unknown,0.463
1763807660.6202319,3,Unknown,-0.028
1763807660.774233,2,Unknown,0.526
1763807660.7742379,3,Unknown,0.083
1763807660.9501472,2,Unknown,0.512
1763807660.950152,3,Unknown,0.106
1763807661.108902,2,Unknown,0.501
1763807661.108908,3,Unknown,0.094
1763807661.284361,2,Unknown,0.500
1763807661.2843661,3,Unknown,0.159
1763807661.440268,2,Unknown,0.479
1763807661.440274,3,Unknown,0.129
1763807661.615838,2,Unknown,0.469
1763807661.615846,3,Unknown,0.038
1763807661.7768152,2,Unknown,0.413
1763807661.776822,3,Unknown,0.124
1763807661.951215,2,Unknown,0.408
1763807661.951222,3,Unknown,0.100
1763807662.119468,2,Unknown,0.388
1763807662.119474,3,Unknown,0.084
1763807662.277062,2,Unknown,0.396
1763807662.277069,3,Unknown,0.108
1763807662.449643,2,Unknown,0.387
1763807662.449651,3,Unknown,0.102
1763807662.618061,2,Unknown,0.395
1763807662.6180658,3,Unknown,0.121
1763807662.774642,2,Unknown,0.435
1763807662.7746491,3,Unknown,0.106
1763807662.949833,2,Unknown,0.371
1763807662.9498382,3,Unknown,0.030
1763807663.10778,2,Unknown,0.319
1763807663.107786,3,Unknown,0.050
1763807663.284537,2,Unknown,0.395
1763807663.2845461,3,Unknown,0.092
1763807663.4409752,2,Unknown,0.437
1763807663.440982,3,Unknown,0.092
1763807663.61587,2,Unknown,0.441
1763807663.6158772,3,Unknown,0.054
1763807663.7745652,2,Unknown,0.416
1763807663.774573,3,Unknown,0.086
1763807663.97394,11,Koushik,0.837
1763807663.97395,12,Unknown,0.421
1763807663.973952,13,Unknown,0.126
1763807664.141073,11,Koushik,0.797
1763807664.141079,14,Unknown,0.172
1763807664.313807,11,Koushik,0.811
1763807664.313814,14,Unknown,0.103
1763807664.474157,11,Koushik,0.787
1763807664.474163,14,Unknown,0.152
1763807664.474165,15,Unknown,0.221
1763807664.653669,11,Koushik,0.789
1763807664.653674,14,Unknown,0.150
1763807664.653676,15,Unknown,0.306
1763807664.831496,11,Koushik,0.724
1763807664.8315048,14,Unknown,0.068
1763807665.0169652,11,Koushik,0.767
1763807665.0169752,14,Unknown,0.084
1763807665.0169768,15,Unknown,0.528
1763807665.195869,11,Koushik,0.784
1763807665.1958761,14,Unknown,0.184
1763807665.1958778,15,Unknown,0.427
1763807665.389656,11,Koushik,0.790
1763807665.389662,14,Unknown,0.137
1763807665.389663,15,Unknown,0.404
1763807665.544616,11,Koushik,0.816
1763807665.5446222,14,Unknown,0.072
1763807665.5446231,15,Unknown,0.388
1763807665.733091,11,Koushik,0.790
1763807665.733097,14,Unknown,0.096
1763807665.733098,15,Unknown,0.502
1763807666.5184891,11,Koushik,0.763
1763807666.518498,14,Unknown,0.104
1763807666.5185,15,Unknown,0.370
1763807666.518501,16,Unknown,-0.003
1763807666.68887,11,Koushik,0.735
1763807666.688876,14,Unknown,0.085
1763807666.688877,15,Unknown,0.325
1763807666.849237,11,Koushik,0.805
1763807666.8492448,14,Unknown,0.091
1763807666.849247,15,Unknown,0.351
1763807667.023295,11,Koushik,0.804
1763807667.0233011,14,Unknown,0.108
1763807667.0233028,15,Unknown,0.462
1763807667.185816,11,Koushik,0.800
1763807667.185822,14,Unknown,0.108
1763807667.344467,11,Koushik,0.757
1763807667.3444731,14,Unknown,0.073
1763807667.344474,15,Unknown,0.453
1763807667.52474,11,Koushik,0.730
1763807667.524746,14,Unknown,-0.018
1763807667.524747,15,Unknown,0.510
1763807667.524748,17,Unknown,-0.266
1763807667.6920478,11,Koushik,0.770
1763807667.692054,14,Unknown,0.032
1763807667.692055,15,Unknown,0.416
1763807667.6920562,17,Unknown,-0.180
1763807667.8908958,11,Koushik,0.779
1763807667.8909,14,Unknown,0.147
1763807667.890901,15,Unknown,0.197
1763807667.890902,17,Unknown,-0.206
1763807668.054503,11,Koushik,0.789
1763807668.054508,14,Unknown,0.134
1763807668.0545092,17,Unknown,-0.220
1763807668.21173,11,Koushik,0.791
1763807668.211735,14,Unknown,0.088
1763807668.2117372,17,Unknown,-0.228
1763807668.386095,11,Koushik,0.780
1763807668.3861,14,Unknown,0.067
1763807668.386102,18,Unknown,0.323
1763807668.553335,11,Koushik,0.793
1763807668.55334,14,Unknown,0.098
1763807668.5533419,17,Unknown,-0.023
1763807668.7084851,11,Koushik,0.816
1763807668.708492,14,Unknown,0.087
1763807668.886265,11,Koushik,0.782
1763807668.886271,14,Unknown,0.093
1763807668.886273,17,Unknown,-0.117
1763807669.04075,11,Koushik,0.817
1763807669.040756,14,Unknown,0.094
1763807669.219566,11,Koushik,0.804
1763807669.219573,14,Unknown,0.010
1763807669.219575,17,Unknown,-0.065
1763807669.374791,11,Koushik,0.832
1763807669.374796,14,Unknown,0.046
1763807669.550619,11,Koushik,0.788
1763807669.5506282,14,Unknown,0.067
1763807669.7066681,11,Koushik,0.784
1763807669.7066739,14,Unknown,0.107
1763807669.883122,11,Koushik,0.801
1763807669.88313,14,Unknown,0.102
1763807670.0447922,11,Koushik,0.734
1763807670.044797,14,Unknown,0.022
1763807670.044799,19,Unknown,0.410
1763807670.216789,11,Koushik,0.635
1763807670.216798,14,Unknown,0.059
1763807670.2168,19,Unknown,0.389
1763807670.384487,11,Unknown,0.284
1763807670.3844962,14,Unknown,-0.030
1763807670.384498,19,Unknown,0.476
1763807670.537052,14,Unknown,0.037
1763807670.537057,19,Unknown,0.440
1763807670.719619,14,Unknown,0.056
1763807670.7196229,19,Unknown,0.469
1763807670.8724139,14,Unknown,0.058
1763807670.872419,19,Unknown,0.406
1763807671.048948,14,Unknown,0.053
1763807671.048954,19,Unknown,0.384
1763807671.205534,14,Unknown,-0.009
1763807671.2055402,19,Unknown,0.459
1763807671.380805,14,Unknown,-0.091
1763807671.380814,19,Unknown,0.425
1763807671.537893,14,Unknown,0.074
1763807671.5378969,19,Unknown,0.383
1763807671.717281,14,Unknown,0.023
1763807671.7172868,19,Unknown,0.405
1763807671.870202,14,Unknown,-0.098
1763807671.870208,19,Unknown,0.329
1763807672.052633,14,Unknown,0.044
1763807672.052639,19,Unknown,0.315
1763807672.208686,14,Unknown,0.008
1763807672.208693,19,Unknown,0.360
1763807672.384442,14,Unknown,0.058
1763807672.3844469,19,Unknown,0.483
1763807672.5432801,14,Unknown,0.091
1763807672.543285,19,Unknown,0.575
1763807672.725373,14,Unknown,0.118
1763807672.725379,19,Unknown,0.534
1763807672.7253811,20,Unknown,0.184
1763807672.886165,14,Unknown,0.092
1763807672.8861709,19,Unknown,0.553
1763807673.042737,14,Unknown,0.096
1763807673.0427442,19,Unknown,0.578
1763807673.042745,21,Unknown,0.168
1763807673.213121,14,Unknown,0.142
1763807673.213127,19,Unknown,0.585
1763807673.3717592,14,Unknown,0.076
1763807673.371764,19,Unknown,0.484
1763807673.549383,14,Unknown,0.078
1763807673.549396,19,Unknown,0.512
1763807673.7091022,14,Unknown,0.047
1763807673.709109,19,Unknown,0.542
1763807673.883568,14,Unknown,-0.006
1763807673.8835788,19,Unknown,0.554
1763807674.039008,14,Unknown,-0.064
1763807674.039016,19,Unknown,0.528
1763807674.216127,14,Unknown,-0.035
1763807674.21614,19,Unknown,0.516
1763807674.3707252,14,Unknown,0.045
1763807674.370733,19,Unknown,0.483
1763807674.5504808,14,Unknown,0.146
1763807674.550488,19,Unknown,0.507
1763807674.7094452,14,Unknown,0.069
1763807674.709452,19,Unknown,0.592
1763807674.8829792,14,Unknown,0.070
1763807674.882993,19,Unknown,0.533
1763807675.038362,14,Unknown,0.050
1763807675.038368,19,Unknown,0.486
1763807675.21578,14,Unknown,0.104
1763807675.215786,19,Unknown,0.542
1763807675.367693,14,Unknown,0.055
1763807675.3676999,19,Unknown,0.544
1763807675.550205,14,Unknown,0.086
1763807675.5502138,19,Unknown,0.522
1763807675.708226,14,Unknown,-0.008
1763807675.708232,19,Unknown,0.548
1763807676.030155,19,Unknown,0.560
1763807676.218789,14,Unknown,0.072
1763807676.218803,19,Unknown,0.500
1763807676.393779,14,Unknown,0.112
1763807676.3937862,19,Unknown,0.556
1763807676.615249,14,Unknown,0.060
1763807676.615264,19,Unknown,0.414
1763807676.790966,14,Unknown,0.130
1763807676.790973,19,Unknown,0.553
1763807676.939224,14,Unknown,0.105
1763807676.939229,19,Unknown,0.495
1763807677.121474,14,Unknown,0.125
1763807677.12148,19,Unknown,0.477
1763807677.3088582,14,Unknown,0.089
1763807677.308865,19,Unknown,0.493
1763807677.490823,14,Unknown,0.095
1763807677.490835,19,Unknown,0.523
1763807677.654527,14,Unknown,0.107
1763807677.6545331,19,Unknown,0.525
1763807677.6545348,22,Unknown,0.600
1763807677.807748,14,Unknown,0.106
1763807677.807755,19,Unknown,0.504
1763807677.984013,14,Unknown,0.076
1763807677.984027,19,Unknown,0.463
1763807678.143208,14,Unknown,0.060
1763807678.1432152,19,Unknown,0.506
1763807678.317334,14,Unknown,0.040
1763807678.317342,19,Unknown,0.506
1763807678.474963,14,Unknown,0.064
1763807678.47497,19,Unknown,0.523
1763807678.650103,14,Unknown,0.026
1763807678.650112,19,Unknown,0.509
1763807678.810795,14,Unknown,0.031
1763807678.810803,19,Unknown,0.544
1763807678.985236,14,Unknown,0.049
1763807678.9852428,19,Unknown,0.534
1763807679.1507359,14,Unknown,0.069
1763807679.150744,19,Unknown,0.366
1763807679.3106508,14,Unknown,0.029
1763807679.310657,19,Unknown,0.357
1763807679.481131,14,Unknown,0.080
1763807679.4811368,19,Unknown,0.409
1763807679.651954,14,Unknown,0.095
1763807679.6519601,19,Unknown,0.406
timestamp,track_id,name,score
1763814458.9672341,1,Unknown,0.482
1763814459.243726,1,Koushik,0.746
1763814459.45083,1,Koushik,0.811
1763814459.6825972,1,Koushik,0.832
1763814459.914266,1,Koushik,0.787
1763814460.1713011,1,Koushik,0.801
1763814460.414294,1,Koushik,0.821
1763814460.655563,1,Koushik,0.815
1763814460.924663,1,Koushik,0.798
1763814461.1602712,1,Koushik,0.628
1763814461.395134,1,Koushik,0.718
1763814461.630593,1,Koushik,0.851
1763814461.8874712,1,Koushik,0.850
1763814462.128337,1,Koushik,0.864
1763814462.357687,1,Koushik,0.842
1763814462.5988941,1,Koushik,0.790
1763814462.838443,1,Koushik,0.796
1763814463.092909,1,Koushik,0.777
1763814463.316681,1,Koushik,0.825
1763814463.567648,1,Koushik,0.809
1763814463.803445,1,Koushik,0.854
1763814464.0470579,1,Koushik,0.852
1763814464.293767,1,Koushik,0.847
1763814464.5246358,1,Koushik,0.875
1763814464.765016,1,Koushik,0.880
1763814464.9941068,1,Koushik,0.853
1763814465.248672,1,Koushik,0.845
1763814465.494654,1,Koushik,0.853
1763814465.731044,1,Koushik,0.864
1763814465.97003,1,Koushik,0.860
1763814466.213275,1,Koushik,0.868
1763814466.449141,1,Koushik,0.793
1763814466.685674,1,Koushik,0.859
1763814466.9314098,1,Koushik,0.829
1763814467.178455,1,Koushik,0.851
1763814467.4280472,1,Koushik,0.836
1763814467.629388,1,Koushik,0.836
1763814467.863925,1,Koushik,0.860
1763814468.114939,1,Koushik,0.881
1763814468.354885,1,Koushik,0.885
1763814468.592874,1,Koushik,0.866
1763814468.8550231,1,Koushik,0.866
1763814469.1078641,1,Koushik,0.863
1763814469.336509,1,Koushik,0.843
1763814469.576132,1,Koushik,0.852
1763814469.827442,1,Koushik,0.851
1763814470.063117,1,Koushik,0.892
1763814470.3051279,1,Koushik,0.873
1763814470.713089,1,Unknown,-0.065
1763814470.969046,1,Koushik,0.817
1763814471.203543,1,Koushik,0.835
1763814471.447763,1,Koushik,0.883
1763814471.686908,1,Koushik,0.803
1763814471.930332,1,Koushik,0.763
1763814472.166007,1,Koushik,0.820
1763814472.410787,1,Koushik,0.837
1763814472.648588,1,Koushik,0.884
1763814472.889903,1,Koushik,0.879
1763814473.130154,1,Koushik,0.883
1763814473.366817,1,Koushik,0.840
1763814473.6271172,1,Koushik,0.884
1763814473.85134,1,Koushik,0.872
1763814474.096745,1,Koushik,0.871
1763814474.326524,1,Koushik,0.859
1763814474.5611641,1,Koushik,0.913
1763814474.75912,1,Koushik,0.903
1763814474.928007,1,Koushik,0.858
1763814475.094752,1,Koushik,0.868
1763814475.253118,1,Koushik,0.877
1763814475.447973,1,Koushik,0.886
1763814475.6139038,1,Koushik,0.886
1763814475.779764,1,Koushik,0.872
1763814475.9423602,1,Koushik,0.886
1763814476.1129239,1,Koushik,0.877
1763814476.292127,1,Koushik,0.878
1763814476.4643662,1,Koushik,0.883
1763814476.622533,1,Koushik,0.883
1763814476.792074,1,Koushik,0.866
1763814476.9560351,1,Koushik,0.884
1763814477.1276338,1,Koushik,0.890
1763814477.28855,1,Koushik,0.888
1763814477.462872,1,Koushik,0.897
1763814477.6216269,1,Koushik,0.888
1763814477.7970781,1,Koushik,0.883
1763814477.9522848,1,Koushik,0.881
1763814478.130561,1,Koushik,0.899
1763814478.284538,1,Koushik,0.902
1763814478.4625092,1,Koushik,0.889
1763814478.619172,1,Koushik,0.886
1763814478.798537,1,Koushik,0.887
1763814478.9527922,1,Koushik,0.890
1763814479.1293309,1,Koushik,0.884
1763814479.287529,1,Koushik,0.863
1763814479.46415,1,Koushik,0.863
1763814479.6169448,1,Koushik,0.892
1763814479.7953331,1,Koushik,0.849
1763814479.949787,1,Koushik,0.880
1763814480.13116,1,Koushik,0.889
1763814480.283453,1,Koushik,0.859
1763814480.46347,1,Koushik,0.874
1763814480.625642,1,Koushik,0.888
1763814480.79702,1,Koushik,0.903
1763814480.955308,1,Koushik,0.877
1763814481.1306481,1,Koushik,0.876
1763814481.288567,1,Koushik,0.878
1763814481.4628422,1,Koushik,0.885
1763814481.621804,1,Koushik,0.869
1763814481.7959108,1,Koushik,0.853
1763814481.953705,1,Koushik,0.863
1763814482.1280131,1,Koushik,0.859
1763814482.282067,1,Koushik,0.695
1763814484.064855,2,Koushik,0.621
1763814484.222235,2,Koushik,0.628
1763814484.429688,2,Koushik,0.919
1763814484.588919,2,Koushik,0.910
1763814484.750995,2,Koushik,0.911
1763814484.920244,2,Koushik,0.871
1763814485.08417,2,Koushik,0.906
1763814485.2619321,2,Koushik,0.863
1763814485.4336221,2,Koushik,0.900
1763814485.594439,2,Koushik,0.876
1763814485.7616599,2,Koushik,0.915
1763814485.92255,2,Koushik,0.910
1763814486.099765,2,Koushik,0.876
1763814486.2575061,2,Koushik,0.802
1763814486.431283,2,Koushik,0.865
1763814486.587693,2,Koushik,0.846
1763814486.765862,2,Koushik,0.845
1763814486.9229739,2,Koushik,0.866
1763814487.099782,2,Koushik,0.853
1763814487.257779,2,Koushik,0.864
1763814487.429145,2,Koushik,0.764
1763814487.588845,2,Koushik,0.709
1763814487.763943,2,Koushik,0.803
1763814487.9237702,2,Koushik,0.831
1763814488.1118379,2,Koushik,0.826
1763814488.255023,2,Koushik,0.839
1763814488.4293141,2,Koushik,0.798
1763814488.582685,2,Koushik,0.738
1763814488.7598588,2,Koushik,0.700
1763814488.928562,2,Koushik,0.640
1763814489.088732,2,Koushik,0.681
1763814489.2625868,2,Unknown,0.485
1763814489.557645,2,Unknown,0.168
1763814489.723259,2,Koushik,0.658
1763814489.896831,3,Koushik,0.674
1763814490.063861,3,Unknown,0.549
1763814490.22063,3,Koushik,0.796
1763814490.396924,3,Koushik,0.881
1763814490.55756,3,Koushik,0.863
1763814490.7308931,3,Koushik,0.865
1763814490.887209,3,Koushik,0.865
1763814491.062918,3,Koushik,0.695
1763814491.2217228,3,Koushik,0.673
1763814491.3975701,3,Unknown,0.595
1763814491.557534,3,Koushik,0.728
1763814491.7301672,3,Koushik,0.691
1763814491.8912451,3,Koushik,0.758
1763814492.062987,3,Koushik,0.771
1763814492.216904,3,Koushik,0.793
1763814492.3959832,3,Koushik,0.807
1763814492.571831,3,Koushik,0.780
1763814492.725104,3,Koushik,0.790
1763814492.881181,3,Koushik,0.730
1763814493.044539,3,Koushik,0.742
1763814493.213166,3,Koushik,0.798
1763814493.3884711,3,Koushik,0.772
1763814493.563787,3,Koushik,0.817
1763814493.7205892,3,Koushik,0.818
1763814493.8948119,3,Koushik,0.856
1763814494.053886,3,Koushik,0.843
1763814494.353864,3,Koushik,0.849
1763814494.3538702,4,Unknown,-0.095
1763814494.5301828,3,Koushik,0.860
1763814494.689151,3,Koushik,0.805
1763814494.8650272,3,Koushik,0.767
1763814495.020736,3,Koushik,0.865
1763814495.197611,3,Koushik,0.874
1763814495.3543758,3,Koushik,0.891
1763814495.5460649,3,Koushik,0.864
1763814495.725394,3,Koushik,0.872
1763814495.898376,3,Koushik,0.874
1763814496.062175,3,Koushik,0.867
1763814496.2313259,3,Koushik,0.851
1763814496.39471,3,Koushik,0.846
1763814496.557267,3,Koushik,0.814
1763814496.725903,3,Koushik,0.691
1763814496.927851,3,Unknown,0.586
1763814497.1282299,3,Unknown,0.551
1763814497.328025,3,Unknown,0.502
1763814497.519222,3,Unknown,0.469
1763814497.728672,3,Unknown,0.401
1763814497.9222558,3,Unknown,0.375
1763814498.132246,3,Unknown,0.362
1763814498.327785,3,Unknown,0.371
1763814498.531478,3,Unknown,0.346
1763814498.72721,3,Unknown,0.229
1763814499.897912,5,Unknown,0.406
1763814500.0982962,5,Unknown,0.520
1763814500.2990289,5,Koushik,0.703
1763814500.492857,5,Koushik,0.798
1763814500.6870568,5,Koushik,0.800
1763814500.8775182,5,Koushik,0.823
1763814501.077854,5,Koushik,0.809
1763814501.275059,5,Koushik,0.819
1763814501.4965491,5,Koushik,0.806
1763814501.686722,5,Koushik,0.815
1763814501.881817,5,Koushik,0.822
1763814502.0959191,5,Koushik,0.822
1763814502.296541,5,Koushik,0.824
1763814502.4946969,5,Koushik,0.833
1763814502.698758,5,Koushik,0.832
1763814502.892029,5,Koushik,0.835
1763814503.0983381,5,Koushik,0.834
1763814503.296263,5,Koushik,0.835
1763814503.491943,5,Koushik,0.827
1763814503.696434,5,Koushik,0.834
1763814503.897485,5,Koushik,0.829
1763814504.099394,5,Koushik,0.834
1763814504.29405,5,Koushik,0.832
1763814504.501027,5,Koushik,0.829
1763814504.6991081,5,Koushik,0.831
1763814504.9025211,5,Koushik,0.831
1763814505.1095412,5,Koushik,0.832
1763814505.31124,5,Koushik,0.815
1763814505.511946,5,Koushik,0.834
1763814505.7028139,5,Koushik,0.812
1763814505.9109068,5,Koushik,0.838
1763814506.1054878,5,Koushik,0.860
1763814506.299426,5,Koushik,0.880
1763814506.456063,5,Koushik,0.870
1763814506.63327,5,Koushik,0.851
1763814506.799547,5,Koushik,0.847
1763814506.9793081,5,Koushik,0.870
1763814507.1306298,5,Koushik,0.827
1763814507.311434,5,Koushik,0.846
1763814507.466244,5,Koushik,0.847
1763814507.627135,5,Koushik,0.848
1763814507.809877,5,Koushik,0.867
1763814507.9778821,5,Koushik,0.855
1763814508.1258261,5,Koushik,0.866
1763814508.306626,5,Koushik,0.855
1763814508.4646661,5,Koushik,0.850
1763814508.633322,5,Koushik,0.831
1763814508.826587,5,Koushik,0.807
1763814508.9895911,5,Koushik,0.820
1763814509.161843,5,Koushik,0.777
1763814509.330484,5,Unknown,0.372
1763814509.5764742,5,Koushik,0.638
1763814509.8067389,5,Koushik,0.607
1763814510.026377,5,Koushik,0.666
1763814510.297405,5,Koushik,0.688
1763814510.537718,5,Koushik,0.793
1763814510.7776608,5,Koushik,0.850
1763814511.01697,5,Koushik,0.820
1763814511.266631,5,Koushik,0.825
1763814511.498841,5,Koushik,0.860
1763814511.748757,5,Koushik,0.809
1763814511.9796412,5,Koushik,0.855
1763814512.22945,5,Koushik,0.846
1763814512.482513,5,Koushik,0.860
1763814512.7049658,5,Koushik,0.864
1763814512.950439,5,Koushik,0.850
1763814513.180455,5,Koushik,0.842
1763814513.416471,5,Koushik,0.806
1763814513.660383,5,Koushik,0.808
1763814513.907614,5,Koushik,0.798
1763814514.18519,5,Koushik,0.781
1763814514.4619808,5,Koushik,0.827
1763814514.683616,5,Koushik,0.765
1763814514.932032,5,Koushik,0.800
1763814515.177085,5,Koushik,0.760
1763814515.4090838,5,Koushik,0.811
1763814515.659641,5,Koushik,0.825
1763814515.888872,5,Koushik,0.815
1763814516.144227,5,Koushik,0.804
1763814516.374909,5,Koushik,0.819
timestamp,track_id,name,score
1763814878.036116,1,Unknown,-0.061
1763814878.294741,1,Koushik,0.652
1763814878.554444,1,Koushik,0.727
1763814878.761649,1,Koushik,0.791
1763814878.99708,1,Koushik,0.815
1763814879.244873,1,Koushik,0.847
1763814879.4938428,1,Koushik,0.825
1763814879.730747,1,Koushik,0.830
1763814879.9697359,1,Koushik,0.821
1763814880.228287,1,Koushik,0.821
1763814880.4677372,1,Koushik,0.846
1763814880.711039,1,Koushik,0.841
1763814880.951404,1,Koushik,0.810
1763814881.1954272,1,Koushik,0.836
1763814881.4266639,1,Koushik,0.797
1763814881.665303,1,Koushik,0.822
1763814881.919054,1,Koushik,0.824
1763814882.1612868,1,Koushik,0.816
1763814882.398056,1,Koushik,0.822
1763814882.6360152,1,Koushik,0.848
1763814882.8639832,1,Koushik,0.832
1763814883.114911,1,Koushik,0.823
1763814883.3476312,1,Koushik,0.810
1763814883.597866,1,Koushik,0.830
1763814883.833249,1,Koushik,0.827
1763814884.103798,1,Koushik,0.832
1763814884.368087,1,Koushik,0.801
1763814884.627552,1,Koushik,0.851
1763814884.860023,1,Koushik,0.846
1763814885.109518,1,Koushik,0.817
1763814885.336033,1,Koushik,0.828
1763814885.58188,1,Koushik,0.828
1763814885.836939,1,Koushik,0.840
1763814886.0931048,1,Koushik,0.858
1763814886.369359,1,Koushik,0.849
1763814886.645447,1,Koushik,0.775
1763814886.891056,1,Koushik,0.780
1763814887.108968,1,Koushik,0.788
1763814887.359642,1,Koushik,0.774
1763814887.607222,1,Koushik,0.732
1763814887.83374,1,Koushik,0.783
1763814888.098343,1,Koushik,0.775
1763814888.3459158,1,Koushik,0.762
1763814888.58032,1,Koushik,0.793
timestamp,track_id,name,score
1763815006.013294,1,Unknown,-0.011
1763815006.251049,1,Koushik,0.610
1763815006.52296,1,Koushik,0.745
1763815006.7244658,1,Koushik,0.763
1763815006.9700658,1,Koushik,0.783
1763815007.210617,1,Koushik,0.815
1763815007.4622688,1,Koushik,0.839
1763815007.702873,1,Koushik,0.860
1763815007.949727,1,Koushik,0.863
1763815008.196464,1,Koushik,0.847
1763815008.443058,1,Koushik,0.896
1763815008.678893,1,Koushik,0.879
1763815008.915948,1,Koushik,0.854
1763815009.15084,1,Koushik,0.812
1763815009.398023,1,Koushik,0.846
1763815009.645695,1,Koushik,0.840
1763815009.8713999,1,Koushik,0.820
1763815010.128673,1,Koushik,0.841
1763815010.359673,1,Koushik,0.857
1763815010.612438,1,Koushik,0.839
1763815010.844218,1,Koushik,0.846
1763815011.08034,1,Koushik,0.844
1763815011.323825,1,Koushik,0.822
1763815011.553592,1,Koushik,0.853
1763815011.7996202,1,Koushik,0.816
1763815012.037199,1,Koushik,0.829
1763815012.2775831,1,Koushik,0.829
1763815012.530166,1,Koushik,0.820
1763815012.769266,1,Koushik,0.839
1763815013.002867,1,Koushik,0.857
1763815013.250261,1,Koushik,0.842
1763815013.486919,1,Koushik,0.808
1763815013.729289,1,Koushik,0.872
1763815013.969572,1,Koushik,0.896
1763815014.2117581,1,Koushik,0.616
1763815014.442361,1,Unknown,0.375
1763815014.6958551,1,Koushik,0.631
1763815014.945865,1,Koushik,0.816
1763815015.146624,1,Koushik,0.856
1763815015.384108,1,Koushik,0.787
1763815015.6444402,1,Koushik,0.869
1763815015.8713741,1,Koushik,0.872
1763815016.105951,1,Koushik,0.854
1763815016.37695,1,Koushik,0.849
1763815016.6201909,1,Koushik,0.836
1763815016.861459,1,Koushik,0.824
1763815017.09972,1,Koushik,0.867
1763815017.336982,1,Koushik,0.866
1763815017.583719,1,Koushik,0.847
1763815017.8217301,1,Koushik,0.835
1763815018.0630631,1,Koushik,0.833
1763815018.30969,1,Koushik,0.832
1763815018.545194,1,Koushik,0.867
1763815018.787219,1,Koushik,0.887
1763815019.016407,1,Koushik,0.845
1763815019.262451,1,Koushik,0.840
1763815019.501271,1,Koushik,0.839
1763815019.759607,1,Koushik,0.853
1763815020.008993,1,Koushik,0.848
1763815020.227535,1,Koushik,0.869
1763815020.491005,1,Koushik,0.832
1763815020.724119,1,Koushik,0.820
1763815020.996522,1,Koushik,0.828
1763815021.248804,1,Koushik,0.800
1763815021.4951942,1,Koushik,0.825
1763815021.729113,1,Koushik,0.831
1763815021.9771461,1,Koushik,0.824
timestamp,track_id,name,score
1763815101.1889029,1,Unknown,-0.033
1763815101.449373,1,Unknown,
1763815101.695575,1,Unknown,
1763815101.9292202,1,Unknown,
1763815102.178837,1,Unknown,
1763815102.413306,1,Unknown,
1763815102.648345,1,Unknown,
1763815102.900203,1,Unknown,
1763815103.131613,1,Unknown,
1763815103.382638,1,Unknown,
1763815103.632371,1,Unknown,
1763815103.8639371,1,Unknown,
1763815104.113339,1,Unknown,
1763815104.3483908,1,Unknown,
1763815104.588201,1,Unknown,
1763815104.8324852,1,Unknown,
1763815105.0728772,1,Unknown,
1763815105.312883,1,Unknown,
1763815105.561413,1,Unknown,
1763815105.802607,1,Unknown,
1763815106.045352,1,Unknown,
1763815106.277077,1,Unknown,
1763815106.5279691,1,Unknown,
1763815106.757375,1,Unknown,
1763815106.9993339,1,Unknown,
1763815107.244755,1,Unknown,
1763815107.47943,1,Unknown,
1763815107.715803,1,Unknown,
1763815107.9428108,1,Unknown,
1763815108.1811168,1,Unknown,
1763815108.44485,1,Unknown,
1763815108.677674,1,Unknown,
1763815108.926492,1,Unknown,
1763815109.165327,1,Unknown,
1763815109.402014,1,Unknown,
1763815109.647754,1,Unknown,
1763815109.883512,1,Unknown,
1763815110.129311,1,Unknown,
1763815110.364172,1,Unknown,
1763815110.6039748,1,Unknown,
1763815110.8471522,1,Unknown,
1763815111.0882869,2,Unknown,0.141
1763815111.807626,3,Koushik,0.671
1763815112.0495949,3,Unknown,
1763815112.288825,3,Unknown,
1763815112.546049,3,Unknown,
1763815112.768121,3,Unknown,
1763815113.014428,3,Unknown,
1763815113.259917,3,Unknown,
1763815113.512924,3,Unknown,
1763815113.739769,3,Unknown,
1763815113.975957,3,Unknown,
1763815114.213994,3,Unknown,
1763815114.4589922,3,Unknown,
1763815114.696775,3,Unknown,
1763815114.935442,3,Unknown,
1763815115.187438,3,Unknown,
1763815115.428551,3,Unknown,
1763815115.669405,3,Unknown,
1763815115.9127839,3,Unknown,
1763815116.140942,3,Unknown,
1763815116.3663812,3,Unknown,
1763815116.624751,3,Unknown,
1763815116.9713469,3,Unknown,
1763815116.971354,4,Unknown,-0.074
1763815117.2112849,3,Unknown,
1763815117.465626,3,Unknown,
1763815117.707826,3,Unknown,
1763815117.966263,3,Unknown,
1763815118.212992,3,Unknown,
1763815118.213001,5,Unknown,-0.005
1763815118.498996,3,Unknown,
1763815118.7288918,3,Unknown,
1763815118.978438,3,Unknown,
1763815119.20912,3,Unknown,
1763815119.4492009,3,Unknown,
1763815119.6904588,3,Unknown,
1763815119.9631438,3,Unknown,
1763815119.963153,6,Unknown,-0.050
1763815120.234159,3,Unknown,
1763815120.4658308,3,Unknown,
1763815120.7321339,3,Unknown,
1763815120.9441879,3,Unknown,
1763815121.174572,3,Unknown,
1763815121.439439,3,Unknown,
1763815121.691173,3,Unknown,
1763815121.913713,3,Unknown,
1763815122.154665,3,Unknown,
1763815122.3980281,3,Unknown,
1763815122.631752,3,Unknown,
1763815122.8746371,3,Unknown,
timestamp,track_id,name,score
1763815241.342602,1,Unknown,0.175
1763815241.585514,1,Unknown,
1763815241.832614,1,Unknown,
1763815242.062853,1,Unknown,
1763815242.308846,1,Unknown,
1763815242.545723,1,Unknown,
1763815242.7967129,1,Unknown,
1763815243.02797,1,Unknown,
1763815243.282563,1,Unknown,
1763815243.521419,1,Unknown,
1763815243.7649128,1,Unknown,
1763815244.011949,1,Unknown,
1763815244.241554,1,Unknown,
1763815244.496207,1,Unknown,
1763815244.7227361,1,Unknown,
1763815244.965248,1,Unknown,
1763815245.2025359,1,Unknown,
1763815245.448323,1,Unknown,
1763815245.689634,1,Unknown,
1763815245.929642,1,Unknown,
1763815246.174195,1,Unknown,
1763815246.415943,1,Unknown,
1763815246.647323,1,Unknown,
1763815246.897475,1,Unknown,
1763815247.147244,1,Unknown,
1763815247.3799412,1,Unknown,
1763815247.6152089,1,Unknown,
1763815247.85471,1,Unknown,
1763815248.112329,1,Unknown,
1763815248.3457532,1,Unknown,
1763815248.580116,1,Unknown,
1763815248.817628,1,Unknown,
1763815249.064137,1,Unknown,
1763815249.300989,1,Unknown,
1763815249.551062,1,Unknown,
1763815249.776509,1,Unknown,
1763815250.0355551,1,Unknown,
1763815250.244719,1,Unknown,
1763815250.5016582,1,Unknown,
1763815250.748068,1,Unknown,
1763815250.9946089,1,Unknown,
1763815251.2203772,1,Unknown,
1763815251.476904,1,Unknown,
1763815251.6968079,1,Unknown,
1763815251.956915,1,Unknown,
1763815252.192228,1,Unknown,
1763815252.442015,1,Unknown,
1763815252.714436,1,Unknown,
1763815252.9631848,1,Unknown,
1763815253.216916,1,Unknown,
1763815253.459564,1,Unknown,
1763815253.695316,1,Unknown,
1763815253.921899,1,Unknown,
1763815254.165971,1,Unknown,
timestamp,track_id,name,score
1763815664.01943,1,Unknown,-0.012
1763815664.238656,1,Unknown,
1763815664.511752,1,Unknown,
1763815664.715727,1,Unknown,
1763815664.956042,1,Unknown,
1763815665.192568,1,Unknown,
1763815665.4371579,1,Unknown,
1763815665.6809971,1,Unknown,
1763815665.928865,1,Unknown,
1763815666.180783,1,Unknown,
1763815666.423609,1,Unknown,
1763815666.671668,1,Unknown,
1763815666.906975,1,Unknown,
1763815667.147137,1,Unknown,
1763815667.386372,1,Unknown,
1763815667.6263108,1,Unknown,
1763815667.8611908,1,Unknown,
1763815668.109474,1,Unknown,
1763815668.3467982,1,Unknown,
1763815668.59253,1,Unknown,
1763815668.831491,1,Unknown,
1763815669.075618,1,Unknown,
1763815669.309928,1,Unknown,
1763815669.557585,1,Unknown,
1763815669.7917361,1,Unknown,
1763815670.039948,1,Unknown,
1763815670.271202,1,Unknown,
1763815670.508372,1,Unknown,
1763815670.7480462,1,Unknown,
1763815670.9934368,1,Unknown,
1763815671.239445,1,Unknown,
1763815671.489229,1,Unknown,
1763815671.722412,1,Unknown,
1763815671.964583,1,Unknown,
1763815672.192944,1,Unknown,
1763815673.986371,1,Unknown,
1763815674.263422,1,Unknown,
1763815674.48441,1,Unknown,
1763815674.703372,1,Unknown,
1763815674.95439,1,Unknown,
1763815675.188235,1,Unknown,
1763815675.4402041,1,Unknown,
1763815675.689439,1,Unknown,
1763815675.925637,1,Unknown,
1763815676.166542,1,Unknown,
1763815676.40747,1,Unknown,
1763815676.6445131,1,Unknown,
timestamp,track_id,name,score
1763815730.6133919,1,Koushik,0.847
1763815730.790164,1,Unknown,
1763815730.964677,1,Unknown,
1763815731.128035,1,Unknown,
1763815731.288736,1,Unknown,
1763815731.443771,1,Unknown,
1763815731.6038852,1,Unknown,
1763815731.7735832,1,Unknown,
1763815731.925133,1,Unknown,
1763815732.0727649,1,Unknown,
1763815732.2398632,1,Unknown,
1763815732.403754,1,Unknown,
1763815732.574175,1,Unknown,
1763815732.7360399,1,Unknown,
1763815732.909773,1,Unknown,
1763815733.071139,1,Unknown,
1763815733.243704,1,Unknown,
1763815733.411872,1,Unknown,
1763815733.575684,1,Unknown,
1763815733.745501,1,Unknown,
1763815733.907418,1,Unknown,
1763815734.071148,1,Unknown,
1763815734.241812,1,Unknown,
1763815734.402754,1,Unknown,
1763815734.575989,1,Unknown,
1763815734.742052,1,Unknown,
1763815734.9240792,1,Unknown,
1763815735.073867,1,Unknown,
1763815735.240747,1,Unknown,
1763815735.422059,1,Unknown,
1763815735.5649972,1,Unknown,
1763815735.740711,1,Unknown,
1763815735.900052,1,Unknown,
1763815736.0753431,1,Unknown,
1763815736.2375412,1,Unknown,
1763815736.4074528,1,Unknown,
1763815736.569684,1,Unknown,
1763815736.7550359,1,Unknown,
1763815736.907764,1,Unknown,
1763815737.070177,1,Unknown,
1763815737.241826,1,Unknown,
1763815737.402189,1,Unknown,
1763815737.574948,1,Unknown,
1763815737.732076,1,Unknown,
1763815737.90742,1,Unknown,
1763815738.0697758,1,Unknown,
1763815738.2394922,1,Unknown,
1763815738.47899,2,Unknown,0.228
1763815738.478996,3,Koushik,0.698
1763815738.65426,4,Koushik,0.751
1763815738.6542678,5,Unknown,0.403
1763815738.8087099,4,Unknown,
1763815738.808715,5,Unknown,
1763815738.9767702,4,Unknown,
1763815738.976776,5,Unknown,
1763815739.1381829,4,Unknown,
1763815739.1381881,5,Unknown,
1763815739.307571,4,Unknown,
1763815739.3075771,5,Unknown,
1763815739.486506,4,Unknown,
1763815739.4865239,5,Unknown,
1763815739.661073,4,Unknown,
1763815739.661079,5,Unknown,
1763815739.859209,4,Unknown,
1763815739.859218,5,Unknown,
1763815740.052638,4,Unknown,
1763815740.052649,5,Unknown,
1763815740.213491,4,Unknown,
1763815740.2134972,5,Unknown,
1763815740.376866,4,Unknown,
1763815740.3768718,5,Unknown,
1763815740.542743,4,Unknown,
1763815740.542749,5,Unknown,
1763815740.708406,4,Unknown,
1763815740.708413,5,Unknown,
1763815740.880904,4,Unknown,
1763815740.880911,5,Unknown,
1763815741.0383759,4,Unknown,
1763815741.038381,5,Unknown,
1763815741.21157,4,Unknown,
1763815741.2115772,5,Unknown,
1763815741.373354,4,Unknown,
1763815741.3733602,5,Unknown,
1763815741.543346,4,Unknown,
1763815741.5433578,5,Unknown,
1763815741.703821,5,Unknown,
1763815741.87394,5,Unknown,
1763815742.035198,5,Unknown,
1763815742.203255,5,Unknown,
1763815742.381186,5,Unknown,
1763815742.539404,5,Unknown,
1763815742.708367,5,Unknown,
1763815742.889032,5,Unknown,
1763815742.889056,6,Unknown,0.112
1763815743.042549,5,Unknown,
1763815743.204436,5,Unknown,
1763815743.3747368,5,Unknown,
1763815743.53904,5,Unknown,
1763815743.53905,7,Unknown,0.011
1763815743.708173,5,Unknown,
1763815743.8691342,5,Unknown,
1763815744.04285,5,Unknown,
1763815744.203419,8,Unknown,0.429
1763815744.3760629,9,Unknown,0.310
1763815745.093659,10,Unknown,-0.033
1763815745.093666,11,Koushik,0.605
1763815745.234478,12,Koushik,0.722
1763815745.410882,12,Unknown,
1763815745.56977,12,Unknown,
1763815745.7431722,12,Unknown,
1763815745.902147,12,Unknown,
1763815746.0766022,12,Unknown,
1763815746.2359989,12,Unknown,
1763815746.409625,12,Unknown,
1763815746.5699992,12,Unknown,
1763815746.760201,12,Unknown,
1763815746.9301708,12,Unknown,
1763815747.093208,12,Unknown,
1763815747.256553,12,Unknown,
1763815747.39318,12,Unknown,
1763815747.56905,12,Unknown,
1763815747.73948,12,Unknown,
1763815747.90049,12,Unknown,
1763815748.0725608,12,Unknown,
1763815748.228412,12,Unknown,
1763815748.373111,12,Unknown,
1763815748.535359,12,Unknown,
1763815748.721023,12,Unknown,
1763815748.865536,12,Unknown,
1763815749.035198,12,Unknown,
1763815749.201529,12,Unknown,
1763815749.366362,12,Unknown,
1763815749.543355,12,Unknown,
1763815749.703995,12,Unknown,
1763815749.876812,12,Unknown,
1763815750.034616,12,Unknown,
1763815750.208868,12,Unknown,
1763815751.0419421,13,Koushik,0.614
1763815751.209167,13,Unknown,
1763815751.377187,13,Unknown,
1763815751.535924,13,Unknown,
1763815751.7206268,13,Unknown,
1763815751.865361,13,Unknown,
1763815752.031873,13,Unknown,
1763815752.2048619,13,Unknown,
1763815752.376402,13,Unknown,
1763815752.5436952,13,Unknown,
1763815752.7105012,13,Unknown,
1763815752.871308,13,Unknown,
1763815753.0435998,13,Unknown,
1763815753.203372,13,Unknown,
1763815753.384074,13,Unknown,
1763815753.537281,13,Unknown,
1763815753.711526,13,Unknown,
1763815753.874969,13,Unknown,
1763815754.03714,13,Unknown,
1763815754.220782,13,Unknown,
1763815754.368315,13,Unknown,
1763815754.544159,13,Unknown,
1763815754.706558,13,Unknown,
1763815754.8968909,13,Unknown,
1763815755.069005,13,Unknown,
1763815755.245003,13,Unknown,
1763815755.403848,13,Unknown,
1763815755.577847,13,Unknown,
1763815755.747835,13,Unknown,
1763815755.9338,13,Unknown,
1763815756.136385,13,Unknown,
1763815756.338737,13,Unknown,
1763815756.5164669,13,Unknown,
1763815756.682313,13,Unknown,
1763815756.851698,13,Unknown,
1763815757.002433,13,Unknown,
1763815757.175554,13,Unknown,
1763815757.334359,13,Unknown,
1763815757.5096781,13,Unknown,
1763815757.669046,13,Unknown,
1763815757.841439,13,Unknown,
1763815758.0022101,13,Unknown,
1763815758.175188,13,Unknown,
1763815758.334707,13,Unknown,
1763815758.5177221,13,Unknown,
1763815758.676527,13,Unknown,
1763815758.836786,13,Unknown,
1763815759.0104058,13,Unknown,
1763815759.176126,13,Unknown,
1763815759.3431501,13,Unknown,
1763815759.506494,13,Unknown,
1763815759.6770592,13,Unknown,
1763815759.839919,13,Unknown,
1763815760.0093231,13,Unknown,
1763815760.17378,13,Unknown,
1763815760.3547761,13,Unknown,
1763815760.508401,13,Unknown,
1763815760.667072,13,Unknown,
1763815760.8437262,13,Unknown,
1763815761.0015302,13,Unknown,
1763815761.174816,13,Unknown,
1763815761.332135,13,Unknown,
1763815761.519611,13,Unknown,
1763815761.6773329,13,Unknown,
1763815761.840779,13,Unknown,
1763815762.009501,13,Unknown,
1763815762.170316,13,Unknown,
1763815762.3414452,13,Unknown,
1763815762.50686,13,Unknown,
1763815762.684603,13,Unknown,
1763815762.843204,13,Unknown,
1763815763.017815,13,Unknown,
1763815763.1725929,13,Unknown,
1763815763.3288808,13,Unknown,
1763815763.506919,13,Unknown,
1763815763.660291,13,Unknown,
1763815763.849153,13,Unknown,
1763815764.0097878,13,Unknown,
1763815764.17025,13,Unknown,
1763815764.340205,13,Unknown,
1763815764.4988558,13,Unknown,
1763815764.677515,13,Unknown,
1763815764.842769,13,Unknown,
1763815765.003312,13,Unknown,
1763815765.1800792,13,Unknown,
1763815765.3428018,13,Unknown,
1763815765.503388,13,Unknown,
timestamp,track_id,name,score
1763816477.657463,1,Unknown,-0.030
1763816477.928612,1,Koushik,0.710
1763816478.138693,1,Koushik,0.710
1763816478.378528,1,Koushik,0.710
1763816478.629601,1,Koushik,0.710
1763816478.8678138,1,Koushik,0.710
1763816479.114327,1,Koushik,0.710
1763816479.366657,1,Koushik,0.710
1763816479.61458,1,Koushik,0.710
1763816479.85516,1,Koushik,0.710
1763816480.084803,1,Koushik,0.710
1763816480.3359702,1,Koushik,0.710
1763816480.5820212,1,Koushik,0.710
1763816480.819326,1,Koushik,0.710
1763816481.057415,1,Koushik,0.710
1763816481.303178,1,Koushik,0.710
1763816481.535594,1,Koushik,0.710
1763816481.778295,1,Koushik,0.710
1763816482.01714,1,Koushik,0.710
1763816482.260525,1,Koushik,0.710
1763816482.497677,1,Koushik,0.710
1763816482.749429,1,Koushik,0.710
1763816482.984498,1,Koushik,0.710
1763816483.219695,1,Koushik,0.710
1763816483.4694898,1,Koushik,0.710
1763816483.7005,1,Koushik,0.710
1763816483.944602,1,Koushik,0.710
1763816484.186332,1,Koushik,0.710
1763816484.430836,1,Koushik,0.710
1763816484.671472,1,Koushik,0.710
1763816484.909773,1,Koushik,0.710
1763816485.153952,1,Koushik,0.710
1763816486.1202931,2,Unknown,0.401
1763816486.358592,2,Koushik,0.691
1763816486.5958478,2,Koushik,0.691
1763816486.832115,2,Koushik,0.691
1763816487.074254,2,Koushik,0.691
1763816487.3182778,2,Koushik,0.691
1763816487.5671198,2,Koushik,0.691
1763816487.798143,2,Koushik,0.691
1763816488.03376,2,Koushik,0.691
1763816488.284884,2,Koushik,0.691
1763816488.516453,2,Koushik,0.691
1763816488.762204,2,Koushik,0.691
1763816489.002594,2,Koushik,0.691
1763816489.250433,2,Koushik,0.691
1763816489.478276,2,Koushik,0.691
1763816489.764396,2,Koushik,0.691
1763816490.0234082,2,Koushik,0.691
1763816490.257041,2,Koushik,0.691
1763816490.5058932,2,Koushik,0.691
1763816490.743961,2,Koushik,0.691
1763816490.994604,2,Koushik,0.691
1763816491.220051,2,Koushik,0.691
1763816491.461426,3,Unknown,0.153
1763816492.76354,4,Unknown,0.373
1763816493.018571,4,Koushik,0.660
1763816493.247227,4,Koushik,0.660
1763816493.492295,4,Koushik,0.660
1763816493.738761,4,Koushik,0.660
1763816493.973691,4,Koushik,0.660
1763816494.217077,4,Koushik,0.660
1763816494.457381,4,Koushik,0.660
1763816494.7026792,4,Koushik,0.660
1763816494.9421701,4,Koushik,0.660
1763816495.1870341,4,Koushik,0.660
1763816495.42164,4,Koushik,0.660
1763816495.65904,4,Koushik,0.660
1763816495.895,4,Koushik,0.660
1763816496.151024,4,Koushik,0.660
1763816496.38129,4,Koushik,0.660
1763816496.621304,4,Koushik,0.660
1763816496.859326,4,Koushik,0.660
1763816497.103594,4,Koushik,0.660
1763816497.3474188,4,Koushik,0.660
1763816497.6010208,4,Koushik,0.660
1763816497.8205068,4,Koushik,0.660
1763816498.069081,4,Koushik,0.660
1763816498.313705,4,Koushik,0.660
1763816498.553922,4,Koushik,0.660
1763816498.794253,4,Koushik,0.660
1763816499.028451,4,Koushik,0.660
1763816499.269553,4,Koushik,0.660
1763816499.512135,4,Koushik,0.660
1763816499.771969,4,Koushik,0.660
1763816500.0026119,4,Koushik,0.660
1763816500.234645,4,Koushik,0.660
1763816500.486209,4,Koushik,0.660
1763816500.707084,4,Koushik,0.660
1763816500.956536,4,Koushik,0.660
1763816501.2005498,4,Koushik,0.660
1763816501.432696,4,Koushik,0.660
1763816501.678821,4,Koushik,0.660
1763816501.908415,4,Koushik,0.660
1763816504.828776,5,Koushik,0.813
1763816505.079236,5,Koushik,0.813
1763816505.323453,5,Koushik,0.813
1763816505.583165,5,Koushik,0.813
1763816505.8164108,5,Koushik,0.813
1763816506.0554938,5,Koushik,0.813
1763816506.3110988,5,Koushik,0.813
1763816506.5542452,5,Koushik,0.813
1763816506.795053,5,Koushik,0.813
1763816507.035051,5,Koushik,0.813
1763816507.2719228,5,Koushik,0.813
1763816507.531429,5,Koushik,0.813
1763816507.752162,5,Koushik,0.813
1763816507.99306,5,Koushik,0.813
1763816508.233981,5,Koushik,0.813
1763816510.65346,6,Koushik,0.755
1763816510.8873348,6,Koushik,0.755
1763816511.131728,6,Koushik,0.755
1763816511.368408,6,Koushik,0.755
1763816511.612211,6,Koushik,0.755
1763816511.854315,6,Koushik,0.755
1763816512.182501,6,Koushik,0.755
1763816512.182507,7,Unknown,0.190
1763816512.4436831,6,Koushik,0.755
1763816512.701042,6,Koushik,0.755
1763816512.948385,6,Koushik,0.755
1763816513.152329,6,Koushik,0.755
1763816513.389801,6,Koushik,0.755
1763816513.633256,6,Koushik,0.755
1763816513.8805618,6,Koushik,0.755
1763816514.1221602,6,Koushik,0.755
1763816514.373826,6,Koushik,0.755
1763816514.6212978,6,Koushik,0.755
1763816514.8644302,6,Koushik,0.755
1763816515.101454,6,Koushik,0.755
1763816515.339416,6,Koushik,0.755
1763816515.5725708,6,Koushik,0.755
1763816518.598635,8,Koushik,0.652
1763816518.837321,8,Koushik,0.652
1763816519.0703208,8,Koushik,0.652
1763816519.307307,8,Koushik,0.652
1763816519.5542579,8,Koushik,0.652
1763816519.7912488,8,Koushik,0.652
1763816520.036049,8,Koushik,0.652
1763816520.275595,8,Koushik,0.652
1763816520.5079832,8,Koushik,0.652
1763816520.7513049,8,Koushik,0.652
1763816520.9994051,8,Koushik,0.652
1763816521.234758,8,Koushik,0.652
1763816521.4688928,8,Koushik,0.652
1763816521.718434,8,Koushik,0.652
1763816521.952509,8,Koushik,0.652
1763816522.199751,8,Koushik,0.652
1763816522.431663,8,Koushik,0.652
1763816522.6753302,8,Koushik,0.652
1763816522.919522,8,Koushik,0.652
1763816523.1675148,8,Koushik,0.652
1763816523.403349,8,Koushik,0.652
1763816523.634038,8,Koushik,0.652
1763816523.8867772,8,Koushik,0.652
1763816524.117068,8,Koushik,0.652
1763816524.368903,8,Koushik,0.652
1763816524.603359,8,Koushik,0.652
1763816524.850262,8,Koushik,0.652
1763816525.089229,8,Koushik,0.652
1763816525.334191,8,Koushik,0.652
1763816525.568502,8,Koushik,0.652
1763816525.8175318,8,Koushik,0.652
1763816526.0407329,8,Koushik,0.652
1763816526.288425,8,Koushik,0.652
1763816526.5316281,8,Koushik,0.652
1763816526.77057,8,Koushik,0.652
1763816527.012535,8,Koushik,0.652
1763816527.253789,8,Koushik,0.652
1763816527.495438,8,Koushik,0.652
1763816527.73678,8,Koushik,0.652
1763816527.984353,8,Koushik,0.652
1763816528.226342,8,Koushik,0.652
1763816528.468941,8,Koushik,0.652
1763816528.702938,8,Koushik,0.652
1763816528.950016,8,Koushik,0.652
1763816529.186172,8,Koushik,0.652
1763816529.421043,8,Koushik,0.652
1763816529.668285,8,Koushik,0.652
1763816529.902325,8,Koushik,0.652
1763816530.139466,8,Koushik,0.652
1763816530.388397,8,Koushik,0.652
1763816530.614246,8,Koushik,0.652
1763816530.868223,8,Koushik,0.652
1763816532.267849,9,Koushik,0.790
1763816532.524447,9,Koushik,0.790
1763816532.766227,9,Koushik,0.790
1763816533.011668,9,Koushik,0.790
1763816533.257128,9,Koushik,0.790
1763816533.502889,9,Koushik,0.790
1763816533.736171,9,Koushik,0.790
1763816534.0025148,9,Koushik,0.790
1763816534.236737,9,Koushik,0.790
1763816534.471786,9,Koushik,0.790
1763816534.71203,9,Koushik,0.790
1763816534.953286,9,Koushik,0.790
1763816535.1955352,9,Koushik,0.790
1763816535.422648,9,Koushik,0.790
1763816535.6754408,9,Koushik,0.790
1763816535.918404,9,Koushik,0.790
1763816538.335145,10,Koushik,0.646
1763816538.56755,10,Koushik,0.646
1763816538.812524,10,Koushik,0.646
1763816539.049123,10,Koushik,0.646
1763816539.287374,10,Koushik,0.646
1763816539.526189,10,Koushik,0.646
1763816539.770762,10,Koushik,0.646
1763816540.0047271,10,Koushik,0.646
1763816540.2536871,10,Koushik,0.646
1763816540.490846,10,Koushik,0.646
1763816540.7374809,10,Koushik,0.646
1763816540.9696372,10,Koushik,0.646
1763816541.207971,10,Koushik,0.646
1763816541.4546099,10,Koushik,0.646
1763816541.691475,10,Koushik,0.646
1763816541.9314811,10,Koushik,0.646
1763816542.1750321,10,Koushik,0.646
1763816542.418914,10,Koushik,0.646
1763816542.6613572,10,Koushik,0.646
1763816542.9038599,10,Koushik,0.646
1763816543.147634,10,Koushik,0.646
1763816543.3892748,10,Koushik,0.646
1763816543.6206772,10,Koushik,0.646
1763816545.338731,11,Koushik,0.763
1763816545.5863192,11,Koushik,0.763
1763816545.8320158,11,Koushik,0.763
1763816546.082487,11,Koushik,0.763
1763816546.31312,11,Koushik,0.763
1763816546.539968,11,Koushik,0.763
1763816546.8135738,11,Koushik,0.763
1763816547.055329,11,Koushik,0.763
1763816547.2922182,11,Koushik,0.763
1763816547.537599,11,Koushik,0.763
1763816547.7688022,11,Koushik,0.763
1763816548.008735,11,Koushik,0.763
1763816548.253153,11,Koushik,0.763
1763816548.495477,11,Koushik,0.763
1763816548.734953,11,Koushik,0.763
1763816548.983079,11,Koushik,0.763
1763816549.2152598,11,Koushik,0.763
1763816549.473336,11,Koushik,0.763
1763816549.7385259,11,Koushik,0.763
1763816550.000643,11,Koushik,0.763
1763816550.2289312,11,Koushik,0.763
1763816550.482661,11,Koushik,0.763
1763816550.7115872,11,Koushik,0.763
1763816550.946545,11,Koushik,0.763
1763816551.188583,11,Koushik,0.763
1763816551.4305432,11,Koushik,0.763
1763816551.672538,11,Koushik,0.763
timestamp,track_id,name,score
1763820835.954656,1,Koushik,0.677
1763820836.19741,1,Koushik,0.677
1763820836.3636138,1,Koushik,0.677
1763820836.53047,1,Koushik,0.677
1763820836.7028868,1,Koushik,0.677
1763820836.8834188,1,Koushik,0.677
1763820837.037288,1,Koushik,0.677
1763820837.212126,1,Koushik,0.677
1763820837.378517,1,Koushik,0.677
1763820837.546245,1,Koushik,0.677
1763820837.6949,1,Koushik,0.677
1763820837.880042,1,Koushik,0.677
1763820838.031948,1,Koushik,0.677
1763820838.215366,1,Koushik,0.677
1763820838.3628511,1,Koushik,0.677
1763820838.549176,1,Koushik,0.677
1763820838.6985211,1,Koushik,0.677
1763820838.882018,1,Koushik,0.677
1763820839.031758,1,Koushik,0.677
1763820839.219497,1,Koushik,0.677
1763820839.372993,1,Koushik,0.677
1763820839.5535948,1,Koushik,0.677
1763820839.699639,1,Koushik,0.677
1763820839.878258,1,Koushik,0.677
1763820840.047246,1,Koushik,0.677
1763820840.196018,1,Koushik,0.677
1763820840.3802109,1,Koushik,0.677
1763820840.5329769,1,Koushik,0.677
1763820840.717393,1,Koushik,0.677
1763820840.86208,1,Koushik,0.677
1763820841.048887,1,Koushik,0.677
1763820841.1992939,1,Koushik,0.677
1763820841.3830998,1,Koushik,0.677
1763820841.530601,1,Koushik,0.677
1763820842.5709171,2,Koushik,0.811
1763820842.73025,2,Koushik,0.811
1763820842.902264,2,Koushik,0.811
1763820843.057869,2,Koushik,0.811
1763820843.2386858,2,Koushik,0.811
1763820843.3941178,2,Koushik,0.811
1763820843.58669,2,Koushik,0.811
1763820843.7722938,2,Koushik,0.811
1763820843.9267552,2,Koushik,0.811
1763820844.105291,2,Koushik,0.811
1763820844.263024,2,Koushik,0.811
1763820844.438347,2,Koushik,0.811
1763820844.576961,2,Koushik,0.811
1763820844.768088,2,Koushik,0.811
1763820844.921977,2,Koushik,0.811
1763820845.100872,2,Koushik,0.811
1763820845.255049,2,Koushik,0.811
1763820845.435328,2,Koushik,0.811
1763820845.5941892,2,Koushik,0.811
1763820845.765547,2,Koushik,0.811
1763820845.9234922,2,Koushik,0.811
1763820846.098948,2,Koushik,0.811
1763820846.2575,2,Koushik,0.811
1763820846.432972,2,Koushik,0.811
1763820846.5901282,2,Koushik,0.811
1763820846.766437,2,Koushik,0.811
1763820846.924213,2,Koushik,0.811
1763820847.0991108,2,Koushik,0.811
1763820847.258156,2,Koushik,0.811
1763820847.432975,2,Koushik,0.811
1763820847.592171,2,Koushik,0.811
1763820847.7679381,2,Koushik,0.811
1763820847.926189,2,Koushik,0.811
1763820848.103742,2,Koushik,0.811
1763820848.260287,2,Koushik,0.811
1763820848.4374452,2,Koushik,0.811
1763820848.593576,2,Koushik,0.811
1763820848.7710059,2,Koushik,0.811
1763820848.927094,2,Koushik,0.811
1763820849.100945,2,Koushik,0.811
1763820849.261628,2,Koushik,0.811
1763820849.434655,2,Koushik,0.811
1763820849.5951538,2,Koushik,0.811
1763820849.767686,2,Koushik,0.811
1763820849.9253042,2,Koushik,0.811
1763820850.100778,2,Koushik,0.811
1763820850.258462,2,Koushik,0.811
1763820850.434908,2,Koushik,0.811
1763820850.590977,2,Koushik,0.811
1763820850.768854,2,Koushik,0.811
1763820850.92576,2,Koushik,0.811
1763820851.101534,2,Koushik,0.811
1763820851.255967,2,Koushik,0.811
1763820851.434596,2,Koushik,0.811
1763820851.593497,2,Koushik,0.811
1763820851.7670348,2,Koushik,0.811
1763820851.927922,2,Koushik,0.811
1763820852.101998,2,Koushik,0.811
1763820852.267106,2,Koushik,0.811
1763820852.434013,2,Koushik,0.811
1763820852.594482,2,Koushik,0.811
1763820852.76645,2,Koushik,0.811
1763820852.922101,2,Koushik,0.811
1763820853.099657,2,Koushik,0.811
1763820853.273738,2,Koushik,0.811
1763820853.436786,2,Koushik,0.811
1763820853.59486,2,Koushik,0.811
1763820853.770633,2,Koushik,0.811
1763820853.924429,2,Koushik,0.811
1763820854.0991292,2,Koushik,0.811
1763820854.257589,2,Koushik,0.811
1763820854.4321501,2,Koushik,0.811
1763820854.593128,2,Koushik,0.811
1763820854.765646,2,Koushik,0.811
1763820854.925323,2,Koushik,0.811
1763820855.099972,2,Koushik,0.811
1763820855.2600472,2,Koushik,0.811
1763820855.438022,2,Koushik,0.811
1763820855.618461,2,Koushik,0.811
1763820855.810462,2,Koushik,0.811
1763820855.992049,2,Koushik,0.811
1763820856.191061,2,Koushik,0.811
1763820856.374272,2,Koushik,0.811
1763820856.528971,2,Koushik,0.811
1763820856.701712,2,Koushik,0.811
1763820856.860139,2,Koushik,0.811
1763820857.039186,2,Koushik,0.811
1763820857.226311,2,Koushik,0.811
1763820857.427231,2,Koushik,0.811
1763820857.6140742,2,Koushik,0.811
1763820857.773803,2,Koushik,0.811
1763820857.940694,2,Koushik,0.811
1763820858.107927,2,Koushik,0.811
1763820858.245358,2,Koushik,0.811
1763820858.4185169,2,Koushik,0.811
1763820858.584843,2,Koushik,0.811
1763820858.761746,2,Koushik,0.811
1763820858.9305081,2,Koushik,0.811
1763820859.0838861,2,Koushik,0.811
1763820859.261291,2,Koushik,0.811
1763820859.421412,2,Koushik,0.811
1763820859.597894,2,Koushik,0.811
1763820859.7565272,2,Koushik,0.811
1763820859.930748,2,Koushik,0.811
1763820860.089163,2,Koushik,0.811
1763820860.260386,2,Koushik,0.811
timestamp,track_id,name,score
1763820992.5108879,1,Koushik,0.717
1763820992.7386382,1,Koushik,0.717
1763820992.908614,1,Koushik,0.717
1763820993.083733,1,Koushik,0.717
1763820993.228943,1,Koushik,0.717
1763820993.4170198,1,Koushik,0.717
1763820993.5755908,1,Koushik,0.717
1763820993.7473202,1,Koushik,0.717
1763820993.8961,1,Koushik,0.717
1763820994.045326,1,Koushik,0.717
1763820994.212445,1,Koushik,0.717
1763820994.383827,1,Koushik,0.717
1763820994.542047,1,Koushik,0.717
1763820994.717508,1,Koushik,0.717
1763820994.8722088,1,Koushik,0.717
1763820995.050909,1,Koushik,0.717
1763820995.209229,1,Koushik,0.717
1763820995.383619,1,Koushik,0.717
1763820995.5426471,1,Koushik,0.717
1763820995.715242,1,Koushik,0.717
1763820995.878846,1,Koushik,0.717
1763820996.076194,1,Koushik,0.717
1763820996.241272,1,Koushik,0.717
1763820996.4155588,1,Koushik,0.717
1763820996.574705,1,Koushik,0.717
1763820996.762293,1,Koushik,0.717
1763820996.911695,1,Koushik,0.717
1763820997.07972,1,Koushik,0.717
1763820997.2467358,1,Koushik,0.717
1763820997.4381142,1,Koushik,0.717
1763820997.6164951,1,Koushik,0.717
1763820997.874369,1,Koushik,0.717
1763820997.8743749,2,Unknown,0.047
1763820998.045105,1,Koushik,0.717
1763820998.211489,1,Koushik,0.717
1763820998.3754141,1,Koushik,0.717
1763820998.5651572,1,Koushik,0.717
1763820998.737289,1,Koushik,0.717
timestamp,track_id,name,score
1763821098.6755788,1,Koushik,0.795
1763821098.876721,1,Koushik,0.795
1763821099.034407,1,Koushik,0.795
1763821099.186972,1,Koushik,0.795
1763821099.358727,1,Koushik,0.795
1763821099.547287,1,Koushik,0.795
1763821099.746607,1,Koushik,0.795
1763821099.932161,1,Koushik,0.795
1763821100.094984,1,Koushik,0.795
1763821100.2801979,1,Koushik,0.795
1763821100.4433558,1,Koushik,0.795
1763821100.6029189,1,Koushik,0.795
1763821100.763604,1,Koushik,0.795
1763821100.9470952,1,Koushik,0.795
1763821101.102796,1,Koushik,0.795
1763821101.262178,1,Koushik,0.795
1763821101.435217,1,Koushik,0.795
1763821102.269359,2,Unknown,0.374
1763821102.429315,2,Koushik,0.771
1763821102.615198,2,Koushik,0.771
1763821102.7620301,2,Koushik,0.771
1763821102.948714,2,Koushik,0.771
1763821103.096884,2,Koushik,0.771
1763821103.270318,2,Koushik,0.771
1763821103.434407,2,Koushik,0.771
1763821103.615492,2,Koushik,0.771
1763821103.769235,2,Koushik,0.771
1763821103.947807,2,Koushik,0.771
1763821104.1022599,2,Koushik,0.771
1763821104.282443,2,Koushik,0.771
1763821104.4364989,2,Koushik,0.771
1763821104.617432,2,Koushik,0.771
1763821104.826171,2,Koushik,0.771
1763821105.014691,2,Koushik,0.771
1763821105.194814,2,Koushik,0.771
1763821105.4657412,2,Koushik,0.771
1763821105.4657469,3,Unknown,-0.167
1763821105.647927,2,Koushik,0.771
1763821105.843134,2,Koushik,0.771
1763821106.002923,2,Koushik,0.771
1763821106.1651268,2,Koushik,0.771
1763821106.349987,2,Koushik,0.771
1763821106.5152981,2,Koushik,0.771
1763821106.669617,2,Koushik,0.771
1763821106.827082,2,Koushik,0.771
1763821107.0154781,2,Koushik,0.771
1763821107.434748,4,Unknown,0.509
1763821107.595692,4,Unknown,0.540
1763821108.049438,5,Koushik,0.707
1763821108.195796,5,Koushik,0.707
1763821108.376596,5,Koushik,0.707
1763821108.548127,5,Koushik,0.707
1763821108.693156,5,Koushik,0.707
1763821108.8788989,5,Koushik,0.707
1763821109.0374222,5,Koushik,0.707
1763821109.195907,5,Koushik,0.707
1763821109.376545,5,Koushik,0.707
1763821109.5369,5,Koushik,0.707
1763821109.700284,5,Koushik,0.707
1763821109.868821,5,Koushik,0.707
1763821110.030047,5,Koushik,0.707
1763821110.219742,5,Koushik,0.707
1763821110.409516,5,Koushik,0.707
1763821110.586566,5,Koushik,0.707
1763821110.779549,5,Koushik,0.707
1763821110.974645,5,Koushik,0.707
1763821111.1391811,5,Koushik,0.707
1763821111.3041348,5,Koushik,0.707
1763821111.4752991,5,Koushik,0.707
1763821111.475313,6,Unknown,0.071
1763821111.6312802,5,Koushik,0.707
1763821111.810295,5,Koushik,0.707
1763821111.810305,7,Unknown,0.051
1763821111.9765918,5,Koushik,0.707
1763821112.145505,5,Koushik,0.707
1763821112.297536,5,Koushik,0.707
1763821112.468161,5,Koushik,0.707
1763821112.647559,5,Koushik,0.707
1763821112.805095,5,Koushik,0.707
1763821112.982039,5,Koushik,0.707
1763821113.12915,5,Koushik,0.707
1763821113.315219,5,Koushik,0.707
1763821113.477247,5,Koushik,0.707
1763821113.6483572,5,Koushik,0.707
1763821113.804685,5,Koushik,0.707
1763821113.983171,5,Koushik,0.707
1763821114.136138,5,Koushik,0.707
1763821114.316478,5,Koushik,0.707
1763821114.46898,5,Koushik,0.707
1763821114.6532109,5,Koushik,0.707
1763821114.840574,5,Koushik,0.707
1763821115.01867,5,Koushik,0.707
1763821115.173641,5,Koushik,0.707
1763821115.351251,5,Koushik,0.707
1763821115.4997041,5,Koushik,0.707
1763821115.6822138,5,Koushik,0.707
1763821115.83027,5,Koushik,0.707
1763821116.013951,5,Koushik,0.707
1763821116.165737,5,Koushik,0.707
1763821116.3479848,5,Koushik,0.707
1763821116.499466,5,Koushik,0.707
1763821116.680722,5,Koushik,0.707
1763821116.829531,5,Koushik,0.707
1763821117.032466,5,Koushik,0.707
1763821117.463404,8,Koushik,0.745
1763821117.633375,8,Koushik,0.745
1763821117.800749,8,Koushik,0.745
1763821117.9802618,8,Koushik,0.745
1763821118.143539,8,Koushik,0.745
1763821118.303272,8,Koushik,0.745
1763821118.4729202,8,Koushik,0.745
1763821118.650849,8,Koushik,0.745
1763821118.800504,8,Koushik,0.745
1763821118.9824798,8,Koushik,0.745
1763821119.130545,8,Koushik,0.745
1763821119.316479,8,Koushik,0.745
1763821119.469821,8,Koushik,0.745
1763821119.650906,8,Koushik,0.745
1763821119.801554,8,Koushik,0.745
1763821119.9689999,8,Koushik,0.745
1763821120.1377652,8,Koushik,0.745
1763821120.3144808,8,Koushik,0.745
1763821120.465182,8,Koushik,0.745
1763821120.648742,8,Koushik,0.745
1763821120.80052,8,Koushik,0.745
1763821120.982295,8,Koushik,0.745
1763821121.130402,8,Koushik,0.745
1763821121.315409,8,Koushik,0.745
1763821121.468811,8,Koushik,0.745
1763821121.635802,8,Koushik,0.745
1763821121.799066,8,Koushik,0.745
1763821121.983417,8,Koushik,0.745
1763821122.125862,8,Koushik,0.745
1763821122.3219059,8,Koushik,0.745
1763821122.510773,8,Koushik,0.745
1763821122.673207,8,Koushik,0.745
1763821122.8366249,8,Koushik,0.745
1763821123.003426,8,Koushik,0.745
1763821123.1813,8,Koushik,0.745
1763821123.342738,8,Koushik,0.745
1763821123.502068,8,Koushik,0.745
1763821123.6648479,8,Koushik,0.745
1763821123.835522,8,Koushik,0.745
1763821124.0106199,8,Koushik,0.745
1763821124.184088,8,Koushik,0.745
1763821124.3780391,8,Koushik,0.745
1763821124.535712,8,Koushik,0.745
1763821124.709696,8,Koushik,0.745
1763821124.888355,8,Koushik,0.745
1763821125.079051,8,Koushik,0.745
1763821125.258946,8,Koushik,0.745
1763821125.455084,8,Koushik,0.745
1763821125.64297,8,Koushik,0.745
1763821125.815865,8,Koushik,0.745
1763821127.447017,9,Unknown,-0.133
1763821127.5960572,9,Unknown,-0.083
1763821127.769112,9,Unknown,-0.200
1763821127.933408,9,Unknown,-0.020
1763821128.2356899,9,Unknown,-0.035
1763821128.396781,9,Unknown,-0.016
1763821129.503094,10,Unknown,-0.042
1763821129.814938,10,Unknown,-0.136
1763821129.963336,10,Unknown,-0.140
1763821130.147552,10,Unknown,-0.095
1763821130.2953868,10,Unknown,-0.000
1763821130.6142972,10,Unknown,-0.215
1763821130.768685,10,Unknown,-0.072
1763821131.347144,11,Unknown,-0.166
1763821131.4950552,11,Unknown,-0.239
1763821131.8136902,11,Unknown,-0.083
1763821131.9693959,11,Unknown,-0.117
1763821132.668811,12,Unknown,-0.033
1763821132.8337011,12,Unknown,-0.071
1763821133.016835,12,Unknown,-0.060
1763821133.168929,12,Unknown,0.092
1763821134.0152278,13,Unknown,0.330
1763821134.2646809,13,Unknown,0.438
1763821134.264686,14,Unknown,0.151
1763821134.4338949,13,Unknown,0.574
1763821134.619791,13,Unknown,0.226
1763821134.619796,15,Unknown,0.042
1763821134.7655602,13,Unknown,0.305
1763821135.202323,16,Unknown,0.279
1763821135.364855,17,Unknown,-0.040
1763821135.5356202,16,Unknown,0.423
1763821135.696387,16,Unknown,0.302
1763821137.070816,18,Unknown,0.181
1763821137.213878,19,Unknown,0.016
1763821137.389556,19,Unknown,0.006
1763821137.562473,19,Unknown,-0.049
1763821137.732693,19,Unknown,-0.012
1763821137.903116,19,Unknown,-0.054
1763821138.062779,19,Unknown,-0.081
1763821138.236481,19,Unknown,-0.061
1763821138.39573,19,Unknown,-0.024
1763821138.575108,19,Unknown,0.055
1763821138.737282,19,Unknown,-0.035
1763821138.891382,19,Unknown,0.034
1763821139.4684129,20,Unknown,-0.121
1763821139.900246,21,Unknown,-0.039
1763821140.062304,21,Unknown,0.021
1763821140.233171,22,Unknown,0.436
1763821140.391521,22,Unknown,0.474
1763821140.5661309,23,Unknown,0.044
1763821141.536499,24,Unknown,0.597
1763821141.6975338,24,Unknown,0.577
1763821141.8682308,24,Unknown,0.592
1763821142.0304918,24,Unknown,0.532
1763821142.220001,24,Unknown,0.552
1763821142.220008,25,Unknown,0.113
1763821142.396173,24,Unknown,0.534
1763821142.568591,24,Unknown,0.576
1763821142.868345,26,Unknown,0.257
1763821143.300155,27,Unknown,0.256
1763821143.635167,27,Unknown,0.309
1763821143.7912,27,Unknown,0.219
1763821144.235109,28,Unknown,0.226
1763821144.3951302,28,Unknown,0.185
1763821144.568348,28,Unknown,0.140
1763821145.0218089,29,Koushik,0.629
1763821145.1885152,29,Koushik,0.629
1763821145.36191,29,Koushik,0.629
1763821145.5149598,29,Koushik,0.629
1763821145.695776,29,Koushik,0.629
1763821145.869132,29,Koushik,0.629
1763821146.046148,29,Koushik,0.629
1763821146.2359838,29,Koushik,0.629
1763821146.4024189,29,Koushik,0.629
1763821146.569144,29,Koushik,0.629
1763821146.748821,29,Koushik,0.629
1763821146.925235,29,Koushik,0.629
1763821146.925243,30,Unknown,0.215
1763821147.114843,29,Koushik,0.629
1763821147.264588,29,Koushik,0.629
1763821147.448143,29,Koushik,0.629
1763821147.5996292,29,Koushik,0.629
1763821147.781235,29,Koushik,0.629
1763821147.936509,29,Koushik,0.629
1763821148.115474,29,Koushik,0.629
1763821148.263985,29,Koushik,0.629
1763821148.436911,29,Koushik,0.629
1763821148.593465,29,Koushik,0.629
1763821148.7826922,29,Koushik,0.629
1763821149.101087,29,Koushik,0.629
1763821149.264568,29,Koushik,0.629
1763821149.437292,29,Koushik,0.629
1763821149.595053,29,Koushik,0.629
1763821149.77197,29,Koushik,0.629
1763821149.928389,29,Koushik,0.629
1763821150.101402,29,Koushik,0.629
1763821150.263467,31,Unknown,0.083
1763821150.434908,29,Koushik,0.629
1763821150.598859,29,Koushik,0.629
1763821150.778784,29,Koushik,0.629
1763821150.952977,29,Koushik,0.629
1763821151.172807,29,Koushik,0.629
1763821151.3370292,29,Koushik,0.629
1763821151.503351,29,Koushik,0.629
1763821151.660209,29,Koushik,0.629
1763821151.8358479,29,Koushik,0.629
1763821152.012144,29,Koushik,0.629
1763821152.217094,29,Koushik,0.629
1763821152.415244,29,Koushik,0.629
1763821152.621409,29,Koushik,0.629
1763821152.805247,29,Koushik,0.629
1763821152.969346,29,Koushik,0.629
1763821153.1271412,29,Koushik,0.629
1763821153.303869,29,Koushik,0.629
1763821153.46367,29,Koushik,0.629
1763821153.6354072,29,Koushik,0.629
1763821153.797577,29,Koushik,0.629
1763821153.9708319,29,Koushik,0.629
1763821154.126485,29,Koushik,0.629
1763821154.300245,29,Koushik,0.629
1763821154.468155,29,Koushik,0.629
1763821154.655,29,Koushik,0.629
1763821154.655005,32,Unknown,-0.019
1763821154.825845,29,Koushik,0.629
1763821154.999792,29,Koushik,0.629
1763821155.157902,29,Koushik,0.629
1763821155.332163,29,Koushik,0.629
1763821155.498871,29,Koushik,0.629
1763821155.4988759,33,Unknown,0.032
1763821157.8470411,34,Unknown,0.540
1763821158.0209239,34,Koushik,0.623
1763821158.213574,34,Koushik,0.623
1763821158.386662,34,Koushik,0.623
1763821158.563756,34,Koushik,0.623
1763821158.720008,34,Koushik,0.623
1763821158.911902,34,Koushik,0.623
1763821159.106338,34,Koushik,0.623
1763821159.281288,34,Koushik,0.623
1763821159.4690912,34,Koushik,0.623
1763821159.646904,34,Koushik,0.623
1763821159.807746,34,Koushik,0.623
1763821159.9792042,34,Koushik,0.623
1763821160.136103,34,Koushik,0.623
1763821160.313983,34,Koushik,0.623
1763821160.4662652,34,Koushik,0.623
1763821160.646828,34,Koushik,0.623
1763821160.799497,34,Koushik,0.623
1763821160.981458,34,Koushik,0.623
1763821161.132863,34,Koushik,0.623
1763821161.3160589,34,Koushik,0.623
1763821161.469298,34,Koushik,0.623
1763821161.649191,34,Koushik,0.623
1763821161.80688,34,Koushik,0.623
1763821161.9826,34,Koushik,0.623
1763821162.134351,34,Koushik,0.623
1763821162.314274,34,Koushik,0.623
1763821162.463232,34,Koushik,0.623
1763821162.647381,34,Koushik,0.623
1763821162.792922,34,Koushik,0.623
1763821162.968417,34,Koushik,0.623
1763821163.129903,34,Koushik,0.623
1763821163.314503,34,Koushik,0.623
1763821163.464202,34,Koushik,0.623
1763821163.6483068,34,Koushik,0.623
1763821163.805387,34,Koushik,0.623
1763821163.98208,34,Koushik,0.623
1763821164.15815,34,Koushik,0.623
1763821164.333993,34,Koushik,0.623
1763821164.4909031,34,Koushik,0.623
1763821164.6638222,34,Koushik,0.623
1763821164.818111,34,Koushik,0.623
1763821165.007804,34,Koushik,0.623
1763821165.176318,34,Koushik,0.623
1763821165.342765,34,Koushik,0.623
1763821165.491771,34,Koushik,0.623
1763821165.685976,34,Koushik,0.623
1763821165.87613,34,Koushik,0.623
1763821166.05304,34,Koushik,0.623
1763821166.24636,34,Koushik,0.623
1763821166.421089,34,Koushik,0.623
1763821166.6055,34,Koushik,0.623
1763821166.7662132,34,Koushik,0.623
1763821166.939589,34,Koushik,0.623
1763821167.115276,34,Koushik,0.623
1763821167.286571,34,Koushik,0.623
1763821167.4720058,34,Koushik,0.623
1763821167.652856,34,Koushik,0.623
1763821167.843528,34,Koushik,0.623
1763821168.0200262,34,Koushik,0.623
1763821168.233811,34,Koushik,0.623
1763821168.438101,34,Koushik,0.623
1763821168.609772,34,Koushik,0.623
1763821168.773484,34,Koushik,0.623
1763821168.956068,34,Koushik,0.623
1763821169.15209,34,Koushik,0.623
1763821169.337597,34,Koushik,0.623
1763821169.5007439,34,Koushik,0.623
1763821169.6590312,34,Koushik,0.623
1763821169.833833,34,Koushik,0.623
1763821169.992981,34,Koushik,0.623
1763821170.180513,34,Koushik,0.623
1763821170.3544052,34,Koushik,0.623
1763821170.517559,34,Koushik,0.623
1763821170.68358,34,Koushik,0.623
timestamp,track_id,name,score
1763821220.33259,1,Koushik,0.843
1763821220.622425,1,Koushik,0.843
1763821220.888757,1,Koushik,0.843
1763821221.1816819,1,Koushik,0.843
1763821221.42985,1,Koushik,0.843
1763821221.608256,1,Koushik,0.843
1763821221.8069792,1,Koushik,0.843
1763821222.006282,1,Koushik,0.843
1763821222.383051,1,Koushik,0.843
1763821222.6310852,1,Koushik,0.843
1763821222.887028,1,Koushik,0.843
1763821223.087848,1,Koushik,0.843
1763821223.249111,1,Koushik,0.843
1763821223.42496,1,Koushik,0.843
1763821223.619061,1,Koushik,0.843
1763821224.869666,2,Koushik,0.905
1763821225.069468,2,Koushik,0.905
1763821225.415016,2,Koushik,0.905
1763821225.680542,2,Koushik,0.905
1763821225.9278579,2,Koushik,0.905
1763821226.166496,2,Koushik,0.905
1763821226.551339,2,Koushik,0.905
1763821226.746798,2,Koushik,0.905
1763821226.900518,2,Koushik,0.905
1763821227.0722501,2,Koushik,0.905
1763821227.251165,2,Koushik,0.905
1763821227.429164,2,Koushik,0.905
1763821227.730075,2,Koushik,0.905
1763821228.018986,2,Koushik,0.905
1763821228.1837041,2,Koushik,0.905
1763821228.35299,2,Koushik,0.905
1763821228.552254,2,Koushik,0.905
1763821228.765295,2,Koushik,0.905
1763821228.983392,2,Koushik,0.905
1763821229.219108,2,Koushik,0.905
1763821229.387851,2,Koushik,0.905
1763821229.552534,2,Koushik,0.905
1763821229.852941,2,Koushik,0.905
1763821230.153365,2,Koushik,0.905
1763821230.435166,2,Koushik,0.905
1763821230.7164211,2,Koushik,0.905
1763821231.1194959,2,Koushik,0.905
1763821231.436803,2,Koushik,0.905
1763821231.661459,2,Koushik,0.905
1763821231.896766,2,Koushik,0.905
1763821232.0636532,2,Koushik,0.905
1763821232.2110069,2,Koushik,0.905
1763821232.395272,2,Koushik,0.905
1763821232.567704,2,Koushik,0.905
1763821232.749171,2,Koushik,0.905
1763821232.904026,2,Koushik,0.905
1763821233.081768,2,Koushik,0.905
1763821233.237859,2,Koushik,0.905
1763821233.4289029,2,Koushik,0.905
1763821233.588903,2,Koushik,0.905
1763821233.7627919,2,Koushik,0.905
1763821233.917166,2,Koushik,0.905
1763821234.086417,2,Koushik,0.905
1763821234.249155,2,Koushik,0.905
1763821234.432845,2,Koushik,0.905
1763821234.584076,2,Koushik,0.905
1763821234.7573571,2,Koushik,0.905
1763821234.943871,2,Koushik,0.905
1763821235.142747,2,Koushik,0.905
1763821235.348011,2,Koushik,0.905
1763821235.520482,2,Koushik,0.905
1763821235.693685,2,Koushik,0.905
1763821235.86181,2,Koushik,0.905
1763821236.0113761,2,Koushik,0.905
1763821236.1816561,2,Koushik,0.905
1763821236.345501,2,Koushik,0.905
timestamp,track_id,name,score
1763821424.4095502,1,Koushik,0.841
1763821424.690287,1,Koushik,0.841
1763821424.982448,1,Koushik,0.841
1763821425.212964,1,Koushik,0.841
1763821425.451927,1,Koushik,0.841
1763821425.615445,1,Koushik,0.841
1763821425.745478,1,Koushik,0.841
1763821425.96433,1,Koushik,0.841
1763821426.192447,1,Koushik,0.841
1763821426.489237,1,Koushik,0.841
1763821428.383987,2,Koushik,0.852
1763821428.658785,2,Koushik,0.852
1763821428.831677,2,Koushik,0.852
1763821429.0517828,2,Koushik,0.852
1763821429.2854788,2,Koushik,0.852
1763821429.601557,2,Koushik,0.852
1763821429.8588932,2,Koushik,0.852
1763821430.1694431,2,Koushik,0.852
1763821430.53861,2,Koushik,0.852
1763821430.7971892,2,Koushik,0.852
1763821431.042222,2,Koushik,0.852
1763821431.328191,2,Koushik,0.852
1763821431.661943,2,Koushik,0.852
1763821431.894217,2,Koushik,0.852
1763821432.098902,2,Koushik,0.852
1763821432.29013,2,Koushik,0.852
1763821432.4675462,2,Koushik,0.852
1763821432.75772,2,Koushik,0.852
1763821433.014314,2,Koushik,0.852
1763821433.275338,2,Koushik,0.852
1763821433.5814762,2,Koushik,0.852
1763821433.9102132,2,Koushik,0.852
1763821434.252832,2,Koushik,0.852
1763821434.403657,2,Koushik,0.852
1763821434.5673118,2,Koushik,0.852
1763821434.8197482,2,Koushik,0.852
1763821435.0088289,2,Koushik,0.852
1763821436.231248,3,Koushik,0.849
1763821436.538306,3,Koushik,0.849
1763821436.781303,3,Koushik,0.849
1763821437.098182,3,Koushik,0.849
1763821437.352865,3,Koushik,0.849
1763821437.61685,3,Koushik,0.849
1763821437.998071,3,Koushik,0.849
1763821438.451065,3,Koushik,0.849
1763821438.866124,3,Koushik,0.849
1763821439.216954,3,Koushik,0.849
1763821439.617404,3,Koushik,0.849
1763821439.902556,3,Koushik,0.849
1763821440.199645,3,Koushik,0.849
1763821440.4823208,3,Koushik,0.849
1763821440.754055,3,Koushik,0.849
1763821441.1530602,3,Koushik,0.849
1763821441.503166,3,Koushik,0.849
1763821441.9450061,3,Koushik,0.849
1763821442.560531,3,Koushik,0.849
1763821442.928742,3,Koushik,0.849
1763821443.385908,3,Koushik,0.849
1763821443.76762,3,Koushik,0.849
1763821444.0304582,3,Koushik,0.849
1763821444.354947,3,Koushik,0.849
1763821444.567511,3,Koushik,0.849
1763821444.8333771,3,Koushik,0.849
1763821445.03528,3,Koushik,0.849
1763821445.2333791,3,Koushik,0.849
1763821445.437653,3,Koushik,0.849
timestamp,track_id,name,score
1763821467.2592242,1,Koushik,0.837
1763821467.554124,1,Koushik,0.837
1763821467.8192809,1,Koushik,0.837
1763821468.0829482,1,Koushik,0.837
1763821468.393616,1,Koushik,0.837
1763821468.566678,1,Koushik,0.837
1763821468.734389,1,Koushik,0.837
1763821468.9182389,1,Koushik,0.837
1763821469.113693,1,Koushik,0.837
1763821469.330893,1,Koushik,0.837
1763821469.536391,1,Koushik,0.837
1763821469.746604,1,Koushik,0.837
1763821470.117078,1,Koushik,0.837
1763821470.329538,1,Koushik,0.837
1763821470.5004249,1,Koushik,0.837
1763821470.655248,1,Koushik,0.837
1763821470.872341,1,Koushik,0.837
1763821473.522656,2,Koushik,0.832
1763821473.9039202,2,Koushik,0.832
1763821474.318021,2,Koushik,0.832
1763821474.7834518,2,Koushik,0.832
1763821475.1740859,2,Koushik,0.832
1763821475.520732,2,Koushik,0.832
1763821475.814444,2,Koushik,0.832
1763821476.0730839,2,Koushik,0.832
1763821476.440955,2,Koushik,0.832
1763821476.8724039,2,Koushik,0.832
1763821477.223787,2,Koushik,0.832
1763821477.620998,2,Koushik,0.832
1763821478.041504,2,Koushik,0.832
1763821478.4361339,2,Koushik,0.832
1763821478.6324859,2,Koushik,0.832
1763821478.8836129,2,Koushik,0.832
1763821479.061109,2,Koushik,0.832
1763821479.235313,2,Koushik,0.832
1763821479.4014752,2,Koushik,0.832
1763821479.572883,2,Koushik,0.832
1763821479.7422342,2,Koushik,0.832
1763821479.9080331,2,Koushik,0.832
1763821480.0725892,2,Koushik,0.832
1763821480.238431,2,Koushik,0.832
1763821480.419251,2,Koushik,0.832
1763821480.5833652,2,Koushik,0.832
1763821480.760045,2,Koushik,0.832
1763821480.9219751,2,Koushik,0.832
1763821481.094483,2,Koushik,0.832
1763821481.2499042,2,Koushik,0.832
1763821481.419936,2,Koushik,0.832
1763821481.596274,2,Koushik,0.832
1763821481.7506208,2,Koushik,0.832
1763821481.928621,2,Koushik,0.832
1763821482.07685,2,Koushik,0.832
1763821482.26151,2,Koushik,0.832
1763821482.429667,2,Koushik,0.832
1763821482.5954719,2,Koushik,0.832
1763821482.771287,2,Koushik,0.832
1763821482.9539661,2,Koushik,0.832
1763821483.126132,2,Koushik,0.832
1763821483.322492,2,Koushik,0.832
1763821483.5046751,2,Koushik,0.832
1763821483.6762629,2,Koushik,0.832
1763821483.825865,2,Koushik,0.832
1763821484.0063,2,Koushik,0.832
1763821484.175093,2,Koushik,0.832
1763821484.33183,2,Koushik,0.832
1763821484.48958,2,Koushik,0.832
1763821484.660842,2,Koushik,0.832
1763821484.822551,2,Koushik,0.832
timestamp,track_id,name,score
1763834507.741077,1,Koushik,0.734
1763834507.957115,1,Koushik,0.734
1763834508.1654458,1,Koushik,0.734
1763834508.368872,1,Koushik,0.734
1763834508.571146,1,Koushik,0.734
1763834508.769654,1,Koushik,0.734
1763834508.965784,1,Koushik,0.734
1763834509.168963,1,Koushik,0.734
1763834509.373984,1,Koushik,0.734
1763834509.581631,1,Koushik,0.734
1763834509.778707,1,Koushik,0.734
1763834509.9812071,1,Koushik,0.734
1763834510.1777122,1,Koushik,0.734
1763834510.381092,1,Koushik,0.734
1763834510.578963,1,Koushik,0.734
1763834510.785818,1,Koushik,0.734
1763834510.9836621,1,Koushik,0.734
1763834511.183578,1,Koushik,0.734
1763834511.380196,1,Koushik,0.734
1763834511.585995,1,Koushik,0.734
1763834511.777962,1,Koushik,0.734
1763834511.987627,1,Koushik,0.734
1763834512.181342,1,Koushik,0.734
1763834512.3969522,1,Koushik,0.734
1763834512.640814,1,Koushik,0.734
1763834512.8477728,1,Koushik,0.734
1763834513.0991218,1,Koushik,0.734
1763834513.349765,1,Koushik,0.734
1763834513.599285,1,Koushik,0.734
1763834513.847927,1,Koushik,0.734
1763834514.039924,1,Koushik,0.734
1763834514.248136,1,Koushik,0.734
1763834514.441621,1,Koushik,0.734
1763834514.649754,1,Koushik,0.734
1763834514.840599,1,Koushik,0.734
1763834515.05,1,Koushik,0.734
1763834515.243828,1,Koushik,0.734
1763834515.4615831,1,Koushik,0.734
1763834515.7101598,1,Koushik,0.734
1763834515.9808278,1,Koushik,0.734
1763834516.194837,1,Koushik,0.734
1763834516.411505,1,Koushik,0.734
1763834516.666056,1,Koushik,0.734
1763834516.913558,1,Koushik,0.734
1763834517.161178,1,Koushik,0.734
1763834517.351548,1,Koushik,0.734
1763834517.549715,1,Koushik,0.734
1763834517.751572,1,Koushik,0.734
timestamp,track_id,name,score
1763834529.788215,1,Unknown,-0.034
1763834530.013546,1,Unknown,-0.033
1763834530.217682,1,Unknown,-0.031
1763834530.414289,1,Unknown,-0.030
1763834530.6169689,1,Unknown,-0.029
1763834530.816579,1,Unknown,-0.028
1763834531.017502,1,Unknown,-0.027
1763834531.221079,1,Unknown,-0.027
1763834531.426552,1,Unknown,-0.026
1763834531.623745,1,Unknown,-0.027
1763834531.8282502,1,Unknown,-0.025
1763834532.030447,1,Unknown,-0.028
1763834532.231432,1,Unknown,-0.027
1763834532.4337401,1,Unknown,-0.026
1763834532.6284108,1,Unknown,-0.024
1763834532.8316958,1,Unknown,-0.023
1763834533.032301,1,Unknown,-0.025
1763834533.235141,1,Unknown,-0.024
1763834533.429831,1,Unknown,-0.024
1763834533.642333,1,Unknown,-0.024
1763834533.853321,1,Unknown,-0.024
1763834534.03525,1,Unknown,-0.024
1763834534.240706,1,Unknown,-0.024
1763834534.4343371,1,Unknown,-0.024
1763834534.630435,1,Unknown,-0.024
1763834534.8501341,1,Unknown,-0.026
1763834535.045877,1,Unknown,-0.026
1763834535.2575731,1,Unknown,-0.025
1763834535.448525,1,Unknown,-0.025
1763834535.627266,1,Unknown,-0.025
1763834535.8382452,1,Unknown,-0.025
1763834536.046232,1,Unknown,-0.025
1763834536.2376902,1,Unknown,-0.026
1763834536.447556,1,Unknown,-0.026
1763834536.644803,1,Unknown,-0.026
1763834536.838908,1,Unknown,-0.026
timestamp,track_id,name,score
1763834577.713077,1,Unknown,0.003
1763834577.845557,1,Unknown,0.003
1763834578.016377,1,Unknown,0.003
1763834578.213244,1,Unknown,0.003
1763834578.414196,1,Unknown,0.004
1763834578.6179981,1,Unknown,0.003
1763834578.817177,1,Unknown,0.002
1763834579.020849,1,Unknown,0.001
1763834579.221493,1,Unknown,-0.001
1763834579.4192781,1,Unknown,-0.002
1763834579.6354072,1,Unknown,-0.002
1763834579.824678,1,Unknown,-0.003
1763834580.032036,1,Unknown,-0.003
1763834580.231134,1,Unknown,-0.003
1763834580.428503,1,Unknown,-0.003
1763834580.631774,1,Unknown,-0.003
1763834580.8300989,1,Unknown,-0.003
1763834581.031914,1,Unknown,-0.003
1763834581.230098,1,Unknown,-0.003
1763834581.431915,1,Unknown,-0.004
1763834581.637203,1,Unknown,-0.004
1763834581.8446,1,Unknown,0.001
1763834582.0279129,1,Unknown,-0.001
1763834582.23752,1,Unknown,0.000
1763834582.433171,1,Unknown,0.000
1763834582.635682,1,Unknown,-0.001
1763834582.842195,1,Unknown,-0.002
1763834583.0442722,1,Unknown,-0.003
1763834583.288927,1,Unknown,-0.004
1763834583.530944,1,Unknown,-0.001
1763834583.76394,1,Unknown,0.000
1763834584.010978,1,Unknown,0.002
1763834584.251609,1,Unknown,0.002
1763834584.490272,1,Unknown,0.002
1763834584.7335439,1,Unknown,0.000
1763834584.966333,1,Unknown,0.003
1763834585.4500291,1,Unknown,0.003
1763834585.691529,1,Unknown,-0.000
1763834585.925545,1,Unknown,-0.004
1763834586.168747,1,Unknown,0.000
1763834586.410134,1,Unknown,0.002
1763834586.653583,1,Unknown,0.001
1763834586.890739,1,Unknown,0.001
1763834587.1336231,1,Unknown,0.002
1763834587.3752131,1,Unknown,0.002
1763834587.6194339,1,Unknown,0.003
1763834587.86183,1,Unknown,0.003
1763834588.098688,1,Unknown,0.004
1763834588.338193,1,Unknown,0.002
1763834588.579972,1,Unknown,-0.000
1763834588.825872,1,Unknown,-0.000
1763834589.0654569,1,Unknown,-0.002
1763834589.296741,1,Unknown,-0.002
1763834589.54396,1,Unknown,-0.002
1763834589.7851782,1,Unknown,-0.001
1763834590.018195,1,Unknown,-0.003
1763834590.2488909,1,Unknown,-0.002
1763834590.502455,1,Unknown,-0.004
1763834590.743212,1,Unknown,-0.003
1763834590.9720042,1,Unknown,-0.003
1763834591.239892,1,Unknown,-0.004
1763834591.4865448,1,Unknown,-0.002
1763834591.70995,1,Unknown,-0.002
1763834591.9596748,1,Unknown,-0.001
1763834592.200254,1,Unknown,-0.000
1763834592.4435682,1,Unknown,-0.001
1763834592.6805341,1,Unknown,-0.001
1763834592.926521,1,Unknown,-0.001
1763834593.1592152,1,Unknown,-0.001
1763834593.4080992,1,Unknown,-0.001
1763834593.654649,1,Unknown,-0.002
1763834593.882286,1,Unknown,-0.002
1763834594.133148,1,Unknown,-0.001
1763834594.352016,1,Unknown,-0.001
1763834594.605498,1,Unknown,-0.002
1763834594.84232,1,Unknown,-0.001
1763834595.082979,1,Unknown,-0.000
1763834595.3254452,1,Unknown,0.000
1763834595.560456,1,Unknown,0.002
1763834595.803338,1,Unknown,0.002
1763834596.043204,1,Unknown,0.001
timestamp,track_id,name,score
1763834614.0302012,1,Unknown,0.200
1763834614.276133,1,Koushik,0.731
1763834614.493373,1,Koushik,0.731
1763834614.731067,1,Koushik,0.731
1763834614.9627788,1,Koushik,0.731
1763834615.2130308,1,Koushik,0.731
1763834615.450603,1,Koushik,0.731
1763834615.695946,1,Koushik,0.731
1763834615.9306052,1,Koushik,0.731
1763834616.1799512,1,Koushik,0.731
1763834616.431582,1,Koushik,0.731
1763834616.6814919,1,Koushik,0.731
1763834616.917741,1,Koushik,0.731
1763834617.163454,1,Koushik,0.731
1763834617.392912,1,Koushik,0.731
1763834617.639559,1,Koushik,0.731
1763834617.884406,1,Koushik,0.731
1763834618.1292531,1,Koushik,0.731
1763834618.3640268,1,Koushik,0.731
1763834618.604956,1,Koushik,0.731
1763834618.850049,1,Koushik,0.731
1763834619.570595,2,Unknown,0.110
1763834619.801897,2,Unknown,0.251
1763834620.7170088,3,Unknown,0.529
1763834620.908611,3,Unknown,0.583
1763834621.3763242,3,Koushik,0.775
1763834621.5813918,3,Koushik,0.775
1763834621.805155,3,Koushik,0.775
1763834622.051698,3,Koushik,0.775
1763834622.29778,3,Koushik,0.775
1763834622.545281,3,Koushik,0.775
1763834622.7987561,3,Koushik,0.775
1763834623.046944,3,Koushik,0.775
1763834623.281885,3,Koushik,0.775
1763834623.523089,3,Koushik,0.775
1763834623.765671,3,Koushik,0.775
1763834623.99601,3,Koushik,0.775
1763834624.236626,3,Koushik,0.775
1763834624.4754062,3,Koushik,0.775
1763834624.732064,3,Koushik,0.775
1763834624.956933,3,Koushik,0.775
1763834625.206364,3,Koushik,0.775
1763834625.447679,3,Koushik,0.775
1763834625.6810071,3,Koushik,0.775
1763834625.9214458,3,Koushik,0.775
1763834626.171597,3,Koushik,0.775
1763834626.408715,3,Koushik,0.775
1763834626.64507,3,Koushik,0.775
1763834626.897569,3,Koushik,0.775
1763834627.125505,3,Koushik,0.775
1763834627.393214,3,Koushik,0.775
1763834627.6479669,3,Koushik,0.775
1763834627.8908942,3,Koushik,0.775
1763834628.1446521,3,Koushik,0.775
1763834628.3782349,3,Koushik,0.775
1763834628.61184,3,Koushik,0.775
1763834628.880028,3,Koushik,0.775
1763834629.1141388,3,Koushik,0.775
1763834629.363373,3,Koushik,0.775
1763834629.600938,3,Koushik,0.775
1763834629.835809,3,Koushik,0.775
1763834630.049703,3,Koushik,0.775
1763834630.248251,3,Koushik,0.775
1763834630.455521,3,Koushik,0.775
1763834630.701217,3,Koushik,0.775
1763834630.908268,3,Koushik,0.775
1763834631.146058,3,Koushik,0.775
1763834631.3560488,3,Koushik,0.775
1763834631.547256,3,Koushik,0.775
1763834631.751901,3,Koushik,0.775
1763834631.9541938,3,Koushik,0.775
1763834632.149579,3,Koushik,0.775
1763834632.3634079,3,Koushik,0.775
1763834632.611094,3,Koushik,0.775
1763834632.864815,3,Koushik,0.775
1763834633.109246,3,Koushik,0.775
1763834633.315395,3,Koushik,0.775
1763834633.5760288,3,Koushik,0.775
1763834633.7974489,3,Koushik,0.775
1763834633.987892,3,Koushik,0.775
1763834634.198359,3,Koushik,0.775
1763834634.4030569,3,Koushik,0.775
1763834634.6134589,3,Koushik,0.775
1763834634.855222,3,Koushik,0.775
1763834635.064669,3,Koushik,0.775
1763834635.2607648,3,Koushik,0.775
1763834635.4643042,3,Koushik,0.775
1763834635.673177,3,Koushik,0.775
1763834635.931208,3,Koushik,0.775
1763834636.179696,3,Koushik,0.775
1763834636.4251919,3,Koushik,0.775
1763834636.679757,3,Koushik,0.775
1763834636.929329,3,Koushik,0.775
1763834637.183176,3,Koushik,0.775
1763834637.3870132,3,Koushik,0.775
1763834637.598233,3,Koushik,0.775
1763834637.788873,3,Koushik,0.775
1763834637.9862552,3,Koushik,0.775
1763834638.188184,3,Koushik,0.775
1763834638.3975098,3,Koushik,0.775
1763834638.595829,3,Koushik,0.775
1763834638.8012328,3,Koushik,0.775
1763834638.995297,3,Koushik,0.775
1763834639.199618,3,Koushik,0.775
1763834639.3977358,3,Koushik,0.775
1763834639.6154351,3,Koushik,0.775
1763834639.786397,3,Koushik,0.775
1763834639.982773,3,Koushik,0.775
1763834640.141282,3,Koushik,0.775
1763834640.303778,3,Koushik,0.775
1763834640.477557,3,Koushik,0.775
1763834640.682987,3,Koushik,0.775
1763834640.8648992,3,Koushik,0.775
1763834641.034687,3,Koushik,0.775
1763834641.246805,3,Koushik,0.775
1763834641.45086,3,Koushik,0.775
1763834641.648155,3,Koushik,0.775
1763834641.851546,3,Koushik,0.775
1763834642.052499,3,Koushik,0.775
1763834642.265784,3,Koushik,0.775
1763834642.448868,3,Koushik,0.775
1763834642.6524549,3,Koushik,0.775
1763834642.855079,3,Koushik,0.775
1763834643.059697,3,Koushik,0.775
1763834643.568567,4,Unknown,0.122
1763834644.417193,5,Unknown,0.260
1763834645.252078,6,Unknown,0.210
1763834655.430686,7,Unknown,0.082
1763834655.6223948,7,Unknown,-0.058
1763834656.813257,8,Koushik,0.646
1763834656.974019,8,Koushik,0.646
1763834657.295923,8,Koushik,0.646
1763834657.631267,8,Koushik,0.646
1763834657.8231082,8,Koushik,0.646
1763834658.031699,8,Koushik,0.646
1763834658.234424,8,Koushik,0.646
1763834658.430102,8,Koushik,0.646
1763834658.6321979,8,Koushik,0.646
1763834659.800531,9,Unknown,0.287
1763834664.651111,10,Unknown,-0.012
1763834669.183188,11,Koushik,0.638
1763834669.3462641,11,Koushik,0.638
1763834669.515594,11,Koushik,0.638
1763834669.701293,11,Koushik,0.638
1763834669.869231,11,Koushik,0.638
1763834670.043541,11,Koushik,0.638
1763834670.246819,11,Koushik,0.638
1763834670.4328802,11,Koushik,0.638
1763834670.588919,11,Koushik,0.638
1763834670.765228,11,Koushik,0.638
1763834671.058271,11,Koushik,0.638
1763834671.0582771,12,Unknown,0.262
1763834671.251445,11,Koushik,0.638
1763834671.25145,13,Unknown,0.234
1763834671.447629,11,Koushik,0.638
1763834671.447635,13,Unknown,0.262
1763834671.651178,11,Koushik,0.638
1763834671.842242,11,Koushik,0.638
1763834672.048666,11,Koushik,0.638
1763834672.36733,14,Unknown,0.270
1763834672.528351,14,Unknown,0.213
1763834672.701896,14,Unknown,0.297
1763834672.862647,14,Unknown,0.303
1763834673.033172,14,Unknown,0.312
1763834673.192405,14,Unknown,0.237
1763834673.367636,14,Unknown,0.255
1763834673.528117,14,Unknown,0.262
1763834673.693554,14,Unknown,0.280
1763834673.864928,14,Unknown,0.286
1763834674.034428,14,Unknown,0.271
1763834674.193714,14,Unknown,0.277
1763834674.3592288,14,Unknown,0.279
1763834674.5292459,14,Unknown,0.267
1763834674.701508,14,Unknown,0.223
1763834674.8616261,14,Unknown,0.235
1763834675.025718,14,Unknown,0.287
1763834675.1981308,14,Unknown,0.254
1763834675.366991,14,Unknown,0.245
1763834675.528509,14,Unknown,0.252
1763834675.703244,14,Unknown,0.231
1763834675.860822,14,Unknown,0.219
1763834676.02476,14,Unknown,0.238
1763834676.198245,14,Unknown,0.272
1763834676.367607,14,Unknown,0.258
1763834676.527754,14,Unknown,0.278
1763834676.701786,14,Unknown,0.262
1763834676.8608131,14,Unknown,0.217
1763834677.028076,14,Unknown,0.264
1763834677.194728,14,Unknown,0.289
1763834677.3615181,14,Unknown,0.266
1763834677.5325272,14,Unknown,0.230
1763834677.6996899,14,Unknown,0.260
1763834677.8597682,14,Unknown,0.246
1763834678.0266712,14,Unknown,0.272
1763834678.198084,14,Unknown,0.249
1763834678.358733,14,Unknown,0.250
1763834678.535109,14,Unknown,0.251
1763834678.692464,14,Unknown,0.277
1763834678.867462,14,Unknown,0.230
1763834679.0266619,14,Unknown,0.256
1763834679.200726,14,Unknown,0.288
1763834679.3670862,14,Unknown,0.279
1763834679.5272682,14,Unknown,0.259
1763834679.7009878,14,Unknown,0.256
1763834679.860798,14,Unknown,0.250
1763834680.025741,14,Unknown,0.256
1763834680.19637,14,Unknown,0.170
1763834680.3666172,14,Unknown,0.196
1763834680.526646,14,Unknown,0.192
1763834680.7008488,15,Unknown,0.183
1763834681.658368,16,Unknown,0.227
1763834681.828765,16,Unknown,0.272
1763834682.001722,16,Unknown,0.230
1763834682.1610172,16,Unknown,0.298
1763834682.334116,16,Unknown,0.246
1763834682.494841,16,Unknown,0.293
1763834682.667524,16,Unknown,0.260
1763834682.8272629,16,Unknown,0.238
1763834683.0009432,16,Unknown,0.287
1763834683.160843,16,Unknown,0.271
1763834683.3349152,16,Unknown,0.308
1763834683.4944682,16,Unknown,0.306
1763834683.6681411,16,Unknown,0.309
1763834683.8268821,16,Unknown,0.292
1763834684.000844,16,Unknown,0.253
1763834684.1597838,16,Unknown,0.278
1763834684.333908,16,Unknown,0.315
1763834684.4945421,16,Unknown,0.238
1763834684.668373,16,Unknown,0.277
1763834684.828543,16,Unknown,0.278
1763834684.993185,16,Unknown,0.271
1763834685.16633,16,Unknown,0.270
1763834685.334501,16,Unknown,0.260
1763834685.495138,16,Unknown,0.260
1763834685.667787,16,Unknown,0.269
1763834685.828054,16,Unknown,0.198
1763834686.026996,17,Koushik,0.657
1763834686.0270028,18,Unknown,0.172
1763834686.196012,17,Koushik,0.657
1763834686.1960168,19,Unknown,0.139
1763834686.351466,17,Koushik,0.657
1763834686.5191622,17,Koushik,0.657
1763834686.698244,17,Koushik,0.657
1763834686.8802931,17,Koushik,0.657
1763834687.046392,17,Koushik,0.657
1763834687.208158,17,Koushik,0.657
1763834687.376628,17,Koushik,0.657
1763834687.549706,17,Koushik,0.657
1763834687.753779,17,Koushik,0.657
1763834687.9526331,17,Koushik,0.657
1763834688.1558459,17,Koushik,0.657
1763834688.36532,17,Koushik,0.657
1763834688.56436,17,Koushik,0.657
1763834688.766735,17,Koushik,0.657
1763834688.962005,17,Koushik,0.657
1763834689.165956,17,Koushik,0.657
1763834689.367349,17,Koushik,0.657
1763834689.5638568,17,Koushik,0.657
1763834689.762849,17,Koushik,0.657
1763834689.967318,17,Koushik,0.657
1763834690.180734,17,Koushik,0.657
1763834690.3700218,17,Koushik,0.657
1763834690.5665112,17,Koushik,0.657
1763834690.7760031,17,Koushik,0.657
1763834690.969069,17,Koushik,0.657
1763834691.167216,17,Koushik,0.657
1763834691.387276,17,Koushik,0.657
1763834691.580478,17,Koushik,0.657
1763834691.785604,17,Koushik,0.657
1763834691.987284,17,Koushik,0.657
1763834692.21568,17,Koushik,0.657
1763834692.419175,17,Koushik,0.657
1763834692.6217978,17,Koushik,0.657
1763834692.8316538,17,Koushik,0.657
1763834693.034258,17,Koushik,0.657
1763834693.234297,17,Koushik,0.657
1763834693.425152,17,Koushik,0.657
1763834693.648834,17,Koushik,0.657
1763834693.83417,17,Koushik,0.657
1763834694.0511382,17,Koushik,0.657
1763834694.2333848,17,Koushik,0.657
1763834694.446285,17,Koushik,0.657
1763834694.6423738,17,Koushik,0.657
1763834694.844194,17,Koushik,0.657
1763834695.0471191,17,Koushik,0.657
1763834695.253645,17,Koushik,0.657
1763834695.4487581,17,Koushik,0.657
1763834695.66355,17,Koushik,0.657
1763834695.914405,17,Koushik,0.657
1763834696.165568,17,Koushik,0.657
1763834696.406183,17,Koushik,0.657
1763834696.6016681,17,Koushik,0.657
1763834696.80016,17,Koushik,0.657
1763834697.001705,17,Koushik,0.657
1763834697.2035599,17,Koushik,0.657
1763834697.402933,17,Koushik,0.657
1763834697.606028,17,Koushik,0.657
1763834697.812802,17,Koushik,0.657
1763834698.012373,17,Koushik,0.657
1763834698.2211058,17,Koushik,0.657
1763834698.4472032,17,Koushik,0.657
1763834698.646295,17,Koushik,0.657
1763834698.848345,17,Koushik,0.657
1763834699.050688,17,Koushik,0.657
1763834699.249192,17,Koushik,0.657
1763834699.4474618,17,Koushik,0.657
1763834699.662643,17,Koushik,0.657
1763834699.859597,17,Koushik,0.657
1763834700.0636191,17,Koushik,0.657
1763834700.2704341,17,Koushik,0.657
1763834700.462707,17,Koushik,0.657
1763834700.668991,17,Koushik,0.657
1763834700.8673851,17,Koushik,0.657
1763834701.080011,17,Koushik,0.657
1763834701.33219,17,Koushik,0.657
1763834701.5761979,17,Koushik,0.657
1763834701.780493,17,Koushik,0.657
1763834701.969059,17,Koushik,0.657
1763834702.171267,17,Koushik,0.657
1763834702.3695948,17,Koushik,0.657
1763834702.574903,17,Koushik,0.657
1763834702.782099,17,Koushik,0.657
1763834702.978654,17,Koushik,0.657
1763834703.182689,17,Koushik,0.657
1763834703.374398,17,Koushik,0.657
1763834703.583901,17,Koushik,0.657
1763834703.7829509,17,Koushik,0.657
1763834703.979987,17,Koushik,0.657
1763834704.1774771,17,Koushik,0.657
1763834704.393952,17,Koushik,0.657
1763834704.6135402,17,Koushik,0.657
1763834704.8081129,17,Koushik,0.657
1763834705.0111449,17,Koushik,0.657
1763834705.22134,17,Koushik,0.657
1763834705.4304588,17,Koushik,0.657
1763834705.60934,17,Koushik,0.657
1763834705.835969,17,Koushik,0.657
1763834706.038764,17,Koushik,0.657
1763834706.236351,17,Koushik,0.657
1763834706.433505,17,Koushik,0.657
1763834706.647181,17,Koushik,0.657
1763834706.835412,17,Koushik,0.657
1763834707.038503,17,Koushik,0.657
1763834707.2466402,17,Koushik,0.657
1763834707.4483352,17,Koushik,0.657
1763834707.635804,17,Koushik,0.657
1763834707.849955,17,Koushik,0.657
1763834708.040722,17,Koushik,0.657
1763834708.2513971,17,Koushik,0.657
1763834708.446049,17,Koushik,0.657
1763834708.649497,17,Koushik,0.657
1763834708.844917,17,Koushik,0.657
1763834709.045761,17,Koushik,0.657
1763834709.2476559,17,Koushik,0.657
1763834709.4533389,17,Koushik,0.657
1763834709.6425338,17,Koushik,0.657
1763834709.85277,17,Koushik,0.657
1763834710.0454762,17,Koushik,0.657
1763834710.2524748,17,Koushik,0.657
1763834710.468637,17,Koushik,0.657
1763834710.684832,17,Koushik,0.657
1763834710.8794181,17,Koushik,0.657
1763834711.085137,17,Koushik,0.657
1763834711.293128,17,Koushik,0.657
1763834711.49936,17,Koushik,0.657
1763834711.679353,17,Koushik,0.657
1763834711.914261,17,Koushik,0.657
1763834712.1108181,17,Koushik,0.657
1763834712.316682,17,Koushik,0.657
1763834712.5112069,17,Koushik,0.657
1763834712.71622,17,Koushik,0.657
1763834712.909179,17,Koushik,0.657
1763834713.116384,17,Koushik,0.657
1763834713.313309,17,Koushik,0.657
1763834713.512782,17,Koushik,0.657
1763834713.712555,17,Koushik,0.657
1763834713.9185028,17,Koushik,0.657
1763834714.1165,17,Koushik,0.657
1763834714.320162,17,Koushik,0.657
1763834714.512785,17,Koushik,0.657
1763834714.7181811,17,Koushik,0.657
1763834714.916097,17,Koushik,0.657
1763834715.129741,17,Koushik,0.657
1763834715.3312461,17,Koushik,0.657
1763834715.580163,17,Koushik,0.657
1763834715.831456,17,Koushik,0.657
1763834716.031769,17,Koushik,0.657
1763834716.227167,17,Koushik,0.657
1763834716.433214,17,Koushik,0.657
1763834716.648405,17,Koushik,0.657
1763834716.863853,17,Koushik,0.657
1763834717.051449,17,Koushik,0.657
1763834717.253886,17,Koushik,0.657
1763834717.4632928,17,Koushik,0.657
1763834717.681634,17,Koushik,0.657
1763834717.858728,17,Koushik,0.657
1763834718.084406,17,Koushik,0.657
1763834718.285107,17,Koushik,0.657
1763834718.4734468,17,Koushik,0.657
1763834718.676974,17,Koushik,0.657
1763834718.884425,17,Koushik,0.657
1763834719.078481,17,Koushik,0.657
1763834719.284895,17,Koushik,0.657
1763834719.480022,17,Koushik,0.657
1763834719.6875641,17,Koushik,0.657
1763834719.885061,17,Koushik,0.657
1763834720.087137,17,Koushik,0.657
1763834720.3030558,17,Koushik,0.657
1763834720.550032,17,Koushik,0.657
1763834720.7968798,17,Koushik,0.657
1763834720.999561,17,Koushik,0.657
1763834721.2466502,17,Koushik,0.657
1763834721.448992,17,Koushik,0.657
1763834721.6435251,17,Koushik,0.657
1763834721.8498151,17,Koushik,0.657
1763834722.046991,17,Koushik,0.657
1763834722.25195,17,Koushik,0.657
1763834722.448383,17,Koushik,0.657
1763834722.670093,17,Koushik,0.657
1763834722.880568,17,Koushik,0.657
1763834723.0838249,17,Koushik,0.657
1763834723.279263,17,Koushik,0.657
1763834723.499169,17,Koushik,0.657
1763834723.692771,17,Koushik,0.657
1763834723.879871,17,Koushik,0.657
1763834724.109709,17,Koushik,0.657
1763834724.302967,17,Koushik,0.657
1763834724.508151,17,Koushik,0.657
1763834724.715713,17,Koushik,0.657
1763834724.966006,17,Koushik,0.657
1763834725.207211,17,Koushik,0.657
1763834725.4123142,17,Koushik,0.657
1763834725.608479,17,Koushik,0.657
1763834725.811921,17,Koushik,0.657
1763834726.01545,17,Koushik,0.657
1763834726.205392,17,Koushik,0.657
1763834726.4163232,17,Koushik,0.657
1763834726.61181,17,Koushik,0.657
1763834726.816137,17,Koushik,0.657
1763834727.0166788,17,Koushik,0.657
1763834727.219092,17,Koushik,0.657
1763834727.406421,17,Koushik,0.657
1763834727.618423,17,Koushik,0.657
1763834727.813625,17,Koushik,0.657
1763834728.019845,17,Koushik,0.657
1763834728.21623,17,Koushik,0.657
1763834728.429642,17,Koushik,0.657
1763834728.698868,17,Koushik,0.657
1763834728.891291,17,Koushik,0.657
1763834729.054392,17,Koushik,0.657
1763834729.2550652,17,Koushik,0.657
1763834729.466398,17,Koushik,0.657
1763834729.667487,17,Koushik,0.657
1763834729.876556,17,Koushik,0.657
1763834730.0877209,17,Koushik,0.657
1763834730.087729,20,Unknown,-0.134
1763834730.265833,17,Koushik,0.657
1763834730.265841,20,Unknown,-0.148
1763834730.4703958,17,Koushik,0.657
1763834730.6784499,17,Koushik,0.657
1763834730.678457,20,Unknown,-0.151
1763834730.884139,17,Koushik,0.657
1763834731.081343,17,Koushik,0.657
1763834731.0813491,20,Unknown,-0.184
1763834731.290557,17,Koushik,0.657
1763834731.478165,17,Koushik,0.657
1763834731.685371,17,Koushik,0.657
1763834731.8854852,17,Koushik,0.657
1763834732.0874581,17,Koushik,0.657
1763834732.284957,17,Koushik,0.657
1763834732.483211,17,Koushik,0.657
1763834732.694567,17,Koushik,0.657
1763834732.878041,17,Koushik,0.657
1763834733.0972202,17,Koushik,0.657
1763834733.285432,17,Koushik,0.657
1763834733.498781,17,Koushik,0.657
1763834733.6887739,17,Koushik,0.657
1763834733.899677,17,Koushik,0.657
1763834734.090524,17,Koushik,0.657
1763834734.299181,17,Koushik,0.657
1763834734.493674,17,Koushik,0.657
1763834734.71727,17,Koushik,0.657
1763834734.8846788,17,Koushik,0.657
1763834735.079391,17,Koushik,0.657
1763834735.285762,17,Koushik,0.657
1763834735.5011399,17,Koushik,0.657
1763834735.695638,17,Koushik,0.657
1763834735.907839,17,Koushik,0.657
1763834736.1010602,17,Koushik,0.657
1763834736.304408,17,Koushik,0.657
1763834736.51266,17,Koushik,0.657
1763834736.703251,17,Koushik,0.657
1763834736.908305,17,Koushik,0.657
1763834737.112462,17,Koushik,0.657
1763834737.304308,17,Koushik,0.657
1763834737.509525,17,Koushik,0.657
1763834737.7108731,17,Koushik,0.657
1763834737.914091,17,Koushik,0.657
1763834738.11326,17,Koushik,0.657
1763834738.318121,17,Koushik,0.657
1763834738.5146081,17,Koushik,0.657
1763834738.7175128,17,Koushik,0.657
1763834738.914759,17,Koushik,0.657
1763834739.116173,17,Koushik,0.657
1763834739.314361,17,Koushik,0.657
1763834739.5180402,17,Koushik,0.657
1763834739.713753,17,Koushik,0.657
1763834739.9196632,17,Koushik,0.657
1763834740.1169019,17,Koushik,0.657
1763834740.3275368,17,Koushik,0.657
1763834740.5226932,17,Koushik,0.657
1763834740.75121,17,Koushik,0.657
1763834740.952995,17,Koushik,0.657
1763834741.144475,17,Koushik,0.657
1763834741.309906,17,Koushik,0.657
1763834741.518511,17,Koushik,0.657
1763834741.7176309,17,Koushik,0.657
1763834741.9303439,17,Koushik,0.657
1763834742.118717,17,Koushik,0.657
1763834742.327539,17,Koushik,0.657
1763834742.534197,17,Koushik,0.657
1763834742.731315,17,Koushik,0.657
1763834742.929589,17,Koushik,0.657
1763834743.1269891,17,Koushik,0.657
1763834743.335552,17,Koushik,0.657
1763834743.532981,17,Koushik,0.657
1763834743.719666,17,Koushik,0.657
1763834743.896569,17,Koushik,0.657
1763834744.100963,17,Koushik,0.657
1763834744.28971,17,Koushik,0.657
1763834744.501895,17,Koushik,0.657
1763834744.6926012,17,Koushik,0.657
1763834744.899544,17,Koushik,0.657
1763834745.099852,17,Koushik,0.657
1763834745.302325,17,Koushik,0.657
1763834745.500928,17,Koushik,0.657
1763834745.71761,17,Koushik,0.657
1763834745.893205,17,Koushik,0.657
1763834746.103621,17,Koushik,0.657
1763834746.306379,17,Koushik,0.657
1763834746.500719,17,Koushik,0.657
1763834746.716903,17,Koushik,0.657
1763834746.932148,17,Koushik,0.657
1763834747.137822,17,Koushik,0.657
1763834747.334582,17,Koushik,0.657
1763834747.533942,17,Koushik,0.657
1763834747.749294,17,Koushik,0.657
1763834747.9395242,17,Koushik,0.657
1763834748.15059,17,Koushik,0.657
1763834748.345888,17,Koushik,0.657
1763834748.550397,17,Koushik,0.657
1763834748.746061,17,Koushik,0.657
1763834748.955084,17,Koushik,0.657
1763834749.155125,17,Koushik,0.657
1763834749.364182,17,Koushik,0.657
1763834749.5819762,17,Koushik,0.657
1763834749.782704,17,Koushik,0.657
1763834749.9766421,17,Koushik,0.657
1763834750.1853619,17,Koushik,0.657
1763834750.185376,21,Unknown,0.087
1763834750.363102,17,Koushik,0.657
1763834750.363109,22,Unknown,0.089
1763834750.56688,17,Koushik,0.657
1763834750.816405,17,Koushik,0.657
1763834751.064517,17,Koushik,0.657
1763834751.2758331,17,Koushik,0.657
1763834751.551174,17,Koushik,0.657
1763834751.901699,23,Unknown,0.164
1763834752.065529,23,Unknown,0.153
1763834752.2473888,23,Unknown,0.183
1763834752.425351,23,Unknown,0.198
1763834752.577672,23,Unknown,0.240
1763834752.7352278,23,Unknown,0.226
1763834752.899433,23,Unknown,0.247
1763834753.078732,23,Unknown,0.144
1763834753.237074,23,Unknown,0.243
1763834753.403735,23,Unknown,0.183
1763834753.58052,23,Unknown,0.158
1763834753.744542,23,Unknown,0.210
1763834753.904146,23,Unknown,0.258
1763834754.0628679,23,Unknown,0.226
1763834754.246181,23,Unknown,0.208
1763834754.4028249,23,Unknown,0.242
1763834754.569016,23,Unknown,0.220
1763834754.748254,23,Unknown,0.200
1763834754.914597,23,Unknown,0.238
1763834755.066022,23,Unknown,0.235
1763834755.235399,23,Unknown,0.242
1763834755.401172,23,Unknown,0.215
1763834755.5707939,23,Unknown,0.227
1763834755.735882,23,Unknown,0.250
1763834755.915303,23,Unknown,0.237
1763834756.066443,23,Unknown,0.250
1763834756.249126,23,Unknown,0.195
1763834756.400689,23,Unknown,0.206
1763834756.581687,23,Unknown,0.218
1763834756.732291,23,Unknown,0.215
1763834756.914579,23,Unknown,0.236
1763834757.0764182,23,Unknown,0.243
1763834757.2359848,23,Unknown,0.190
1763834757.40196,23,Unknown,0.212
1763834757.5707011,23,Unknown,0.237
1763834757.731542,23,Unknown,0.211
1763834757.913836,23,Unknown,0.206
1763834758.080495,23,Unknown,0.240
1763834758.246994,23,Unknown,0.264
1763834758.394858,23,Unknown,0.189
1763834758.58271,23,Unknown,0.196
1763834758.7475898,23,Unknown,0.220
1763834758.9023418,23,Unknown,0.201
1763834759.081975,23,Unknown,0.255
1763834759.232108,23,Unknown,0.173
1763834759.41663,23,Unknown,0.155
1763834759.5803552,23,Unknown,0.174
1763834759.58036,24,Unknown,0.012
1763834759.734601,23,Unknown,0.162
1763834759.916342,23,Unknown,0.209
1763834760.067965,23,Unknown,0.189
1763834760.248671,23,Unknown,0.190
1763834760.401214,23,Unknown,0.264
1763834760.5817862,23,Unknown,0.196
1763834760.738722,23,Unknown,0.229
1763834760.913562,23,Unknown,0.218
1763834761.081138,23,Unknown,0.181
1763834761.235203,23,Unknown,0.222
1763834761.416116,23,Unknown,0.169
1763834761.580162,23,Unknown,0.210
1763834761.73567,23,Unknown,0.119
1763834761.90464,23,Unknown,0.215
1763834762.080995,23,Unknown,0.243
1763834762.237739,23,Unknown,0.211
1763834762.415112,23,Unknown,0.245
1763834762.5793478,23,Unknown,0.211
1763834762.745347,23,Unknown,0.116
1763834763.1693609,25,Unknown,0.556
1763834763.370604,25,Unknown,0.565
1763834763.6003919,25,Unknown,0.465
1763834770.112098,26,Unknown,0.060
1763834770.348327,26,Unknown,0.083
1763834777.09441,27,Unknown,-0.116
1763834777.330965,28,Unknown,0.159
1763834786.22903,29,Unknown,-0.045
1763834787.634509,30,Koushik,0.665
1763834788.050734,31,Unknown,0.101
1763834788.218657,31,Unknown,0.107
1763834788.401898,31,Unknown,0.052
1763834788.561009,31,Unknown,0.062
1763834788.733492,31,Unknown,0.088
1763834788.9155872,31,Unknown,0.101
1763834788.915592,32,Koushik,0.614
1763834789.069728,31,Unknown,0.084
1763834789.0697331,32,Koushik,0.614
1763834789.222892,31,Unknown,0.015
1763834789.3960729,31,Unknown,0.043
1763834789.569101,31,Unknown,0.059
1763834789.726859,31,Unknown,0.085
1763834789.9015958,31,Unknown,0.064
1763834790.061854,31,Unknown,0.070
1763834790.234676,31,Unknown,0.087
1763834790.395168,31,Unknown,0.077
1763834790.568649,31,Unknown,0.098
1763834790.7307498,31,Unknown,0.048
1763834790.901742,31,Unknown,0.067
1763834791.059594,31,Unknown,0.066
1763834791.236335,31,Unknown,0.069
1763834791.3945441,31,Unknown,0.067
1763834791.568728,31,Unknown,0.075
1763834791.7289238,31,Unknown,0.072
1763834791.9019132,31,Unknown,0.134
1763834792.062197,31,Unknown,0.076
1763834792.235862,31,Unknown,0.069
1763834792.397565,31,Unknown,0.080
1763834792.5694232,31,Unknown,0.083
1763834792.730419,31,Unknown,0.069
1763834792.9015,31,Unknown,0.095
1763834793.06497,31,Unknown,0.085
1763834793.234645,31,Unknown,0.095
1763834793.39593,31,Unknown,0.107
1763834793.569283,31,Unknown,0.082
1763834793.730182,31,Unknown,0.099
1763834793.9009411,31,Unknown,0.082
1763834794.0621219,31,Unknown,0.079
1763834794.236479,31,Unknown,0.052
1763834794.3938031,31,Unknown,0.083
1763834794.569216,31,Unknown,0.092
1763834794.73119,31,Unknown,0.078
1763834794.902394,31,Unknown,0.069
1763834795.06229,31,Unknown,0.088
1763834795.23568,31,Unknown,0.084
1763834795.398171,31,Unknown,0.084
1763834795.5758321,31,Unknown,0.098
1763834795.726422,31,Unknown,0.093
1763834795.90486,31,Unknown,0.092
1763834796.075403,31,Unknown,0.098
1763834796.236025,31,Unknown,0.087
1763834796.39488,31,Unknown,0.086
1763834796.5684,31,Unknown,0.081
1763834796.730752,31,Unknown,0.102
1763834796.9027488,31,Unknown,0.090
1763834797.061314,31,Unknown,0.106
1763834797.225474,31,Unknown,0.082
1763834797.395144,31,Unknown,0.074
1763834797.569372,31,Unknown,0.069
1763834797.730775,31,Unknown,0.058
1763834797.901931,31,Unknown,0.084
1763834798.062667,31,Unknown,0.089
1763834798.241664,31,Unknown,0.047
1763834829.0320508,33,Unknown,0.069
1763834834.571459,34,Unknown,0.158
1763834848.945724,35,Unknown,0.143
1763834850.335747,36,Unknown,0.200
1763834850.487179,36,Unknown,0.205
1763834850.665399,36,Unknown,0.180
1763834850.8266938,36,Unknown,0.188
1763834850.9984798,36,Unknown,0.220
1763834851.165196,36,Unknown,0.206
1763834851.3157601,36,Unknown,0.193
1763834851.49824,36,Unknown,0.236
1763834851.662467,36,Unknown,0.198
1763834851.820829,36,Unknown,0.236
1763834851.9886122,36,Unknown,0.230
1763834852.165961,36,Unknown,0.187
1763834852.320629,36,Unknown,0.190
1763834852.499292,36,Unknown,0.204
1763834852.654816,36,Unknown,0.242
1763834852.830863,36,Unknown,0.197
1763834852.987654,36,Unknown,0.194
1763834853.166184,36,Unknown,0.190
1763834853.318722,36,Unknown,0.158
1763834853.4875362,36,Unknown,0.206
1763834853.6530502,36,Unknown,0.193
1763834853.828467,36,Unknown,0.203
1763834853.987126,36,Unknown,0.163
1763834854.166123,36,Unknown,0.206
1763834854.3145049,36,Unknown,0.208
1763834854.49897,36,Unknown,0.215
1763834854.651948,36,Unknown,0.207
1763834854.832423,36,Unknown,0.161
1763834854.986815,36,Unknown,0.222
1763834855.165637,36,Unknown,0.208
1763834855.3181708,36,Unknown,0.192
1763834855.498942,36,Unknown,0.182
1763834855.649694,36,Unknown,0.176
1763834855.83376,36,Unknown,0.196
1763834855.98624,36,Unknown,0.217
1763834856.166046,36,Unknown,0.225
1763834856.320183,36,Unknown,0.201
1763834856.499108,36,Unknown,0.227
1763834856.654454,36,Unknown,0.213
1763834856.834384,36,Unknown,0.211
1763834856.9819992,36,Unknown,0.190
1763834857.167017,36,Unknown,0.224
1763834857.317442,36,Unknown,0.214
1763834857.498923,36,Unknown,0.172
1763834857.650371,36,Unknown,0.177
1763834857.832936,36,Unknown,0.188
1763834857.984239,36,Unknown,0.206
1763834858.165741,36,Unknown,0.193
1763834858.3223948,36,Unknown,0.195
1763834858.499115,36,Unknown,0.229
1763834858.65279,36,Unknown,0.181
1763834858.832476,36,Unknown,0.205
1763834858.9861069,36,Unknown,0.232
1763834859.166958,36,Unknown,0.202
1763834859.314809,36,Unknown,0.219
1763834859.499475,36,Unknown,0.199
1763834859.654488,36,Unknown,0.206
1763834859.834452,36,Unknown,0.201
1763834859.9853618,36,Unknown,0.193
1763834860.165642,36,Unknown,0.233
1763834860.314691,36,Unknown,0.194
1763834860.499431,36,Unknown,0.204
1763834860.650222,36,Unknown,0.199
1763834860.832489,36,Unknown,0.177
1763834860.9862359,36,Unknown,0.237
1763834861.167543,36,Unknown,0.191
1763834868.766749,37,Unknown,0.042
1763834878.1534998,38,Unknown,0.469
1763834878.400788,38,Unknown,-0.007
1763834878.80319,39,Unknown,0.216
1763834878.96426,39,Unknown,0.196
1763834879.133554,39,Unknown,0.196
1763834879.2973828,40,Unknown,0.237
1763834879.464871,40,Unknown,0.211
1763834879.62594,40,Unknown,0.225
1763834879.7993422,41,Unknown,0.216
1763834879.988821,41,Unknown,0.206
1763834879.988826,42,Unknown,0.074
1763834880.170923,41,Unknown,0.198
1763834880.170929,42,Unknown,0.024
1763834880.3321369,41,Unknown,0.177
1763834880.332142,43,Unknown,0.044
1763834880.503519,41,Unknown,0.158
1763834880.503525,43,Unknown,0.076
1763834880.657995,41,Unknown,0.179
1763834880.6579998,43,Unknown,0.085
1763834880.8323278,41,Unknown,0.141
1763834880.9851708,41,Unknown,0.200
1763834881.166354,41,Unknown,0.218
1763834881.324252,41,Unknown,0.162
1763834881.5036302,41,Unknown,0.195
1763834881.6555011,41,Unknown,0.199
1763834881.835733,41,Unknown,0.217
1763834881.995929,41,Unknown,0.171
1763834882.165161,41,Unknown,0.171
1763834882.3245142,41,Unknown,0.166
1763834882.503478,41,Unknown,0.148
1763834882.662255,41,Unknown,0.177
1763834882.832913,41,Unknown,0.157
1763834882.9923341,41,Unknown,0.159
1763834883.186453,41,Unknown,0.159
1763834883.186458,44,Unknown,0.134
1763834883.367699,41,Unknown,0.150
1763834883.3677042,45,Unknown,0.052
1763834883.5394921,41,Unknown,0.175
1763834883.539498,45,Unknown,0.051
1763834883.692138,41,Unknown,0.163
1763834883.692142,46,Unknown,0.075
1763834883.8694642,41,Unknown,0.188
1763834883.869471,45,Unknown,0.098
1763834884.027244,41,Unknown,0.155
1763834884.0272489,45,Unknown,0.066
1763834884.203157,41,Unknown,0.153
1763834884.2031639,47,Unknown,0.049
1763834884.3649971,41,Unknown,0.152
1763834884.365,48,Unknown,0.129
1763834884.5462432,41,Unknown,0.126
1763834884.546248,49,Unknown,0.090
1763834884.699201,41,Unknown,0.127
1763834884.8538601,50,Unknown,0.187
1763834901.2738109,51,Unknown,-0.013
1763834906.116724,52,Unknown,0.079
1763834906.1167302,53,Unknown,-0.001
1763834906.302525,53,Unknown,0.221
1763834906.3025339,54,Unknown,0.002
1763834906.4653041,55,Unknown,0.224
1763834906.6231391,55,Unknown,0.227
1763834906.798462,55,Unknown,0.216
1763834906.9519181,55,Unknown,0.260
1763834907.131608,55,Unknown,0.220
1763834907.2993128,55,Unknown,0.215
1763834907.454273,55,Unknown,0.202
1763834907.632576,55,Unknown,0.226
1763834907.788022,55,Unknown,0.217
1763834907.965406,55,Unknown,0.190
1763834908.12163,55,Unknown,0.003
1763834908.299098,55,Unknown,0.080
1763834908.457608,56,Unknown,0.182
1763834908.630569,56,Unknown,0.196
1763834908.785132,56,Unknown,0.242
1763834908.965943,56,Unknown,0.214
1763834909.12154,56,Unknown,0.224
1763834909.298423,56,Unknown,0.223
1763834909.454048,56,Unknown,0.217
1763834909.6325052,56,Unknown,0.233
1763834909.788642,56,Unknown,0.244
1763834909.965995,56,Unknown,0.231
1763834910.120575,56,Unknown,0.217
1763834910.298698,56,Unknown,0.203
1763834910.455415,56,Unknown,0.183
1763834910.632239,56,Unknown,0.216
1763834910.783998,56,Unknown,0.182
1763834910.965994,56,Unknown,0.185
1763834911.122161,56,Unknown,0.202
1763834911.299384,56,Unknown,0.196
1763834911.452661,56,Unknown,0.211
1763834911.631535,56,Unknown,0.203
1763834911.789792,56,Unknown,0.173
1763834911.9653199,56,Unknown,0.202
1763834912.119703,56,Unknown,0.150
1763834912.298888,56,Unknown,0.214
1763834912.452607,56,Unknown,0.169
1763834912.632585,56,Unknown,0.205
1763834912.786409,56,Unknown,0.183
1763834912.966589,56,Unknown,0.209
1763834913.120103,56,Unknown,0.236
1763834913.2986429,56,Unknown,0.211
1763834913.4524229,56,Unknown,0.146
1763834913.6332512,56,Unknown,0.147
1763834913.788146,56,Unknown,0.176
1763834913.966078,56,Unknown,0.209
1763834914.1189408,56,Unknown,0.194
1763834914.298649,56,Unknown,0.166
1763834914.4541461,56,Unknown,0.209
1763834914.6143842,56,Unknown,0.186
1763834914.771561,56,Unknown,0.224
1763834914.949483,56,Unknown,0.214
1763834915.101481,56,Unknown,0.197
1763834915.283788,56,Unknown,0.224
1763834915.43629,57,Unknown,0.260
1763834915.599427,58,Unknown,0.265
1763834915.769948,59,Unknown,0.309
1763834915.9480882,60,Unknown,0.547
1763834915.948096,61,Unknown,0.237
1763834916.137883,60,Unknown,0.564
1763834918.701259,62,Koushik,0.609
1763834918.701268,63,Unknown,-0.194
1763834938.28589,64,Koushik,0.698
1763834938.567403,64,Koushik,0.698
1763834938.567408,65,Unknown,0.046
1763834938.56741,66,Unknown,0.057
1763834938.8498502,64,Koushik,0.698
1763834938.849857,67,Unknown,0.226
1763834938.849858,68,Unknown,-0.044
1763834938.849859,69,Unknown,0.034
1763834939.036407,64,Koushik,0.698
1763834939.036413,70,Unknown,0.176
1763834939.036414,71,Unknown,0.010
1763834939.397832,72,Unknown,0.086
1763834939.397838,73,Unknown,-0.054
1763834939.587997,74,Unknown,0.181
1763834939.5880032,75,Unknown,-0.032
1763834939.744255,76,Unknown,0.135
1763834939.74426,77,Unknown,-0.012
1763834939.920563,77,Unknown,-0.056
1763834939.9205692,78,Unknown,0.182
1763834940.073376,79,Unknown,0.153
1763834940.073382,80,Unknown,0.002
1763834940.26806,81,Unknown,0.263
1763834940.268065,82,Unknown,-0.035
1763834940.4216561,81,Unknown,0.211
1763834940.421661,83,Unknown,-0.154
1763834940.5822961,81,Unknown,0.196
1763834940.5823019,84,Unknown,0.002
1763834940.753849,81,Unknown,0.233
1763834940.753854,83,Unknown,0.013
1763834940.930453,85,Unknown,0.219
1763834940.930458,86,Unknown,-0.152
1763834941.0952818,85,Unknown,0.160
1763834941.095287,87,Unknown,0.013
1763834941.2538261,85,Unknown,0.193
1763834941.25383,86,Unknown,-0.007
1763834941.414525,85,Unknown,0.216
1763834941.414531,86,Unknown,-0.067
1763834941.587094,85,Unknown,0.233
1763834941.5870988,86,Unknown,-0.019
1763834941.752967,85,Unknown,0.183
1763834941.752971,86,Unknown,-0.096
1763834941.921236,85,Unknown,0.192
1763834941.92124,86,Unknown,-0.111
1763834942.080433,85,Unknown,0.188
1763834942.080438,86,Unknown,-0.047
1763834942.254997,85,Unknown,0.218
1763834942.255003,86,Unknown,-0.025
1763834942.414578,85,Unknown,0.237
1763834942.414583,86,Unknown,-0.076
1763834942.6217659,85,Unknown,0.215
1763834942.621772,88,Unknown,-0.043
1763834942.7819571,85,Unknown,0.213
1763834942.781961,88,Unknown,-0.085
1763834942.9542341,85,Unknown,0.226
1763834942.954239,88,Unknown,-0.088
1763834943.122601,89,Unknown,0.188
1763834943.122606,90,Unknown,-0.038
1763834943.122607,91,Unknown,0.017
1763834943.312491,92,Unknown,0.244
1763834943.312495,93,Unknown,0.239
1763834943.312497,94,Unknown,-0.095
1763834943.3124979,95,Unknown,-0.066
1763834943.497726,96,Unknown,0.248
1763834943.49773,97,Unknown,-0.077
1763834943.497731,98,Unknown,0.210
1763834943.4977322,99,Unknown,-0.048
1763834943.651582,96,Unknown,0.170
1763834943.651586,100,Unknown,-0.025
1763834943.651587,101,Unknown,0.215
1763834943.6515882,102,Unknown,-0.007
1763834943.829736,96,Unknown,0.256
1763834943.829741,100,Unknown,-0.034
1763834943.8297422,103,Unknown,0.184
1763834943.8297431,104,Unknown,-0.002
1763834944.008134,96,Unknown,0.172
1763834944.008139,100,Unknown,-0.057
1763834944.00814,103,Unknown,0.246
1763834944.008141,104,Unknown,0.168
1763834944.2085938,105,Unknown,0.293
1763834944.208599,106,Unknown,-0.104
1763834944.208601,107,Unknown,0.171
1763834944.2086022,108,Unknown,0.035
1763834944.402982,105,Unknown,0.206
1763834944.402988,109,Unknown,-0.060
1763834944.4029891,110,Unknown,0.192
1763834944.40299,111,Unknown,0.103
1763834944.569321,105,Unknown,0.206
1763834944.5693262,109,Unknown,-0.072
1763834944.569328,110,Unknown,0.229
1763834944.5693288,111,Unknown,0.138
1763834944.747904,105,Unknown,0.207
1763834944.747908,109,Unknown,0.009
1763834944.7479098,110,Unknown,0.295
1763834944.747911,112,Unknown,0.183
1763834944.9576771,105,Unknown,0.236
1763834944.957682,109,Unknown,-0.000
1763834944.9576828,110,Unknown,0.196
1763834944.957684,112,Unknown,0.182
1763834945.1407318,105,Unknown,0.156
1763834945.140737,109,Unknown,-0.060
1763834945.140738,113,Unknown,0.193
1763834945.140739,114,Unknown,0.104
1763834945.334708,105,Unknown,0.213
1763834945.334713,109,Unknown,-0.067
1763834945.3347142,113,Unknown,0.207
1763834945.334715,114,Unknown,0.207
1763834945.5056808,105,Unknown,0.156
1763834945.505686,109,Unknown,-0.044
1763834945.505688,113,Unknown,0.221
1763834945.5056891,114,Unknown,0.147
1763834945.673134,105,Unknown,0.163
1763834945.6731389,109,Unknown,-0.071
1763834945.673141,113,Unknown,0.191
1763834945.673142,114,Unknown,0.213
1763834945.868957,105,Unknown,0.189
1763834945.868963,109,Unknown,-0.056
1763834945.8689642,113,Unknown,0.205
1763834945.8689651,114,Unknown,0.146
1763834946.038992,105,Unknown,0.242
1763834946.038997,109,Unknown,-0.033
1763834946.038999,113,Unknown,0.307
1763834946.039,114,Unknown,0.150
1763834946.207561,105,Unknown,0.197
1763834946.207566,109,Unknown,-0.042
1763834946.2075672,113,Unknown,0.179
1763834946.207568,114,Unknown,0.135
1763834946.403735,105,Unknown,0.238
1763834946.4037418,109,Unknown,-0.044
1763834946.403743,113,Unknown,0.241
1763834946.403745,114,Unknown,0.139
1763834946.611292,105,Unknown,0.193
1763834946.611299,109,Unknown,-0.053
1763834946.6113012,113,Unknown,0.246
1763834946.611302,114,Unknown,0.220
1763834946.805682,105,Unknown,0.225
1763834946.8056881,109,Unknown,-0.037
1763834946.80569,113,Unknown,0.252
1763834946.8056908,114,Unknown,0.182
1763834947.015888,105,Unknown,0.234
1763834947.0158951,109,Unknown,-0.040
1763834947.015896,113,Unknown,0.326
1763834947.015897,114,Unknown,0.155
1763834947.208222,105,Unknown,0.175
1763834947.2082272,109,Unknown,-0.048
1763834947.208229,113,Unknown,0.260
1763834947.2082298,114,Unknown,0.213
1763834947.407905,105,Unknown,0.189
1763834947.4079099,109,Unknown,-0.030
1763834947.407912,113,Unknown,0.215
1763834947.407913,114,Unknown,0.221
1763834947.610852,105,Unknown,0.164
1763834947.610859,109,Unknown,-0.082
1763834947.61086,113,Unknown,0.255
1763834947.610862,114,Unknown,0.138
1763834947.805655,105,Unknown,0.198
1763834947.805661,109,Unknown,-0.097
1763834947.805662,113,Unknown,0.255
1763834947.805664,114,Unknown,0.160
1763834948.01759,105,Unknown,0.194
1763834948.017598,109,Unknown,-0.071
1763834948.0175989,113,Unknown,0.198
1763834948.0176,114,Unknown,0.159
1763834948.209976,105,Unknown,0.194
1763834948.2099829,115,Unknown,0.224
1763834948.209984,116,Unknown,-0.032
1763834948.209985,117,Unknown,0.162
1763834948.413232,105,Unknown,0.203
1763834948.413239,118,Unknown,-0.062
1763834948.41324,119,Unknown,0.246
1763834948.4132411,120,Unknown,0.220
1763834948.611142,105,Unknown,0.220
1763834948.61115,116,Unknown,-0.041
1763834948.6111512,119,Unknown,0.276
1763834948.611153,120,Unknown,0.151
1763834948.808782,105,Unknown,0.194
1763834948.808788,116,Unknown,-0.057
1763834948.808789,119,Unknown,0.234
1763834948.80879,120,Unknown,0.186
1763834949.029237,105,Unknown,0.194
1763834949.029242,116,Unknown,-0.138
1763834949.029244,119,Unknown,0.223
1763834949.029245,120,Unknown,0.236
1763834949.2100968,105,Unknown,0.192
1763834949.210103,116,Unknown,0.039
1763834949.210104,119,Unknown,0.279
1763834949.2101052,120,Unknown,0.193
1763834949.413834,105,Unknown,0.149
1763834949.4138398,116,Unknown,-0.066
1763834949.413841,119,Unknown,0.251
1763834949.413843,120,Unknown,0.214
1763834949.6267369,105,Unknown,0.193
1763834949.626747,116,Unknown,-0.040
1763834949.6267478,119,Unknown,0.241
1763834949.626749,120,Unknown,0.160
1763834949.809738,105,Unknown,0.201
1763834949.8097448,116,Unknown,-0.026
1763834949.809747,119,Unknown,0.256
1763834949.809748,120,Unknown,0.212
1763834950.005433,105,Unknown,0.224
1763834950.005439,116,Unknown,-0.067
1763834950.005441,119,Unknown,0.265
1763834950.0054421,120,Unknown,0.095
1763834950.2134132,105,Unknown,0.181
1763834950.213421,116,Unknown,-0.076
1763834950.213422,119,Unknown,0.243
1763834950.213423,120,Unknown,0.184
1763834950.411371,105,Unknown,0.198
1763834950.411378,116,Unknown,-0.025
1763834950.4113789,119,Unknown,0.225
1763834950.41138,121,Unknown,0.162
1763834950.611413,122,Unknown,0.179
1763834950.61142,123,Unknown,-0.088
1763834950.6114209,124,Unknown,0.220
1763834950.611422,125,Unknown,0.170
1763834950.811902,122,Unknown,0.265
1763834950.811908,123,Unknown,-0.057
1763834950.81191,124,Unknown,0.272
1763834950.8119109,125,Unknown,0.169
1763834951.006387,122,Unknown,0.188
1763834951.0063932,123,Unknown,0.013
1763834951.0063949,124,Unknown,0.203
1763834951.0063958,125,Unknown,0.208
1763834951.2263029,122,Unknown,0.189
1763834951.226309,123,Unknown,-0.133
1763834951.2263098,124,Unknown,0.247
1763834951.226312,125,Unknown,0.148
1763834951.411463,122,Unknown,0.195
1763834951.4114702,123,Unknown,-0.012
1763834951.4114711,124,Unknown,0.227
1763834951.4114718,125,Unknown,0.134
1763834951.6131048,122,Unknown,0.159
1763834951.6131132,123,Unknown,-0.120
1763834951.613114,124,Unknown,0.222
1763834951.6131158,125,Unknown,0.145
1763834951.811947,122,Unknown,0.188
1763834951.811954,123,Unknown,-0.103
1763834951.811956,124,Unknown,0.241
1763834951.811957,125,Unknown,0.122
1763834952.0032141,122,Unknown,0.205
1763834952.003221,123,Unknown,-0.099
1763834952.003223,124,Unknown,0.213
1763834952.0032241,125,Unknown,0.227
1763834952.183146,122,Unknown,0.173
1763834952.183151,123,Unknown,-0.053
1763834952.183153,124,Unknown,0.243
1763834952.1831539,125,Unknown,0.136
1763834952.378003,122,Unknown,0.227
1763834952.37801,123,Unknown,-0.023
1763834952.378012,124,Unknown,0.221
1763834952.378013,125,Unknown,0.209
1763834952.5778491,122,Unknown,0.182
1763834952.5778549,123,Unknown,-0.061
1763834952.577856,124,Unknown,0.251
1763834952.577858,125,Unknown,0.242
1763834952.7775428,122,Unknown,0.170
1763834952.777549,123,Unknown,-0.033
1763834952.77755,124,Unknown,0.228
1763834952.7775512,125,Unknown,0.190
1763834952.981588,122,Unknown,0.184
1763834952.981596,123,Unknown,-0.014
1763834952.981597,124,Unknown,0.232
1763834952.981598,125,Unknown,0.158
1763834953.1777039,122,Unknown,0.180
1763834953.177709,123,Unknown,-0.078
1763834953.177711,124,Unknown,0.247
1763834953.1777122,125,Unknown,0.148
1763834953.372119,122,Unknown,0.209
1763834953.372125,123,Unknown,-0.106
1763834953.372127,124,Unknown,0.247
1763834953.372128,126,Unknown,0.116
1763834953.572848,124,Unknown,0.233
1763834953.572855,127,Unknown,0.180
1763834953.572856,128,Unknown,0.055
1763834953.771534,124,Unknown,0.271
1763834953.77154,129,Unknown,0.130
1763834953.961278,124,Unknown,0.255
1763834953.961292,128,Unknown,0.128
1763834954.136905,128,Unknown,0.151
1763834954.1369119,130,Unknown,0.237
1763834954.2884648,131,Unknown,0.230
1763834954.28847,132,Unknown,0.087
1763834954.453154,132,Unknown,0.104
1763834954.45316,133,Unknown,0.244
1763834954.621366,132,Unknown,0.192
1763834954.621372,133,Unknown,0.246
1763834954.7862442,132,Unknown,0.150
1763834954.786249,133,Unknown,0.252
1763834954.951284,133,Unknown,0.247
1763834954.9512892,134,Unknown,0.141
1763834955.1265469,133,Unknown,0.230
1763834955.126558,134,Unknown,0.141
1763834955.2860858,133,Unknown,0.235
1763834955.286091,134,Unknown,0.141
1763834955.4675279,135,Unknown,0.246
1763834955.467533,136,Unknown,0.089
1763834955.6371698,135,Unknown,0.244
1763834955.6371782,136,Unknown,0.121
1763834955.786946,135,Unknown,0.260
1763834955.7869508,136,Unknown,0.141
1763834955.9532769,135,Unknown,0.265
1763834955.953281,136,Unknown,0.134
1763834956.1334631,135,Unknown,0.225
1763834956.133468,136,Unknown,0.132
1763834956.304839,135,Unknown,0.259
1763834956.304845,136,Unknown,0.112
1763834956.471911,135,Unknown,0.233
1763834956.4719172,136,Unknown,0.154
1763834956.63516,137,Unknown,0.250
1763834956.635164,138,Unknown,0.109
1763834956.786838,139,Unknown,0.257
1763834956.7868428,140,Unknown,0.090
1763834956.95705,139,Unknown,0.270
1763834956.957055,141,Unknown,0.065
1763834957.141067,142,Unknown,0.254
1763834957.141071,143,Unknown,0.229
1763834957.141073,144,Unknown,0.014
1763834957.333133,145,Unknown,0.061
1763834957.478585,145,Unknown,-0.131
1763834957.667021,145,Unknown,0.220
1763834969.650044,146,Unknown,0.544
1763834969.886318,146,Unknown,0.588
1763834970.132997,146,Unknown,0.533
1763834971.709429,147,Unknown,0.210
1763834971.884118,148,Unknown,0.185
1763834972.041183,148,Unknown,0.206
1763834972.216268,148,Unknown,0.242
1763834972.3701382,148,Unknown,0.243
1763834972.5498528,148,Unknown,0.181
1763834972.7071922,148,Unknown,0.236
1763834972.883311,148,Unknown,0.242
1763834973.039,148,Unknown,0.226
1763834973.217509,148,Unknown,0.261
1763834973.37641,148,Unknown,0.187
1763834973.550039,148,Unknown,0.222
1763834973.7081861,148,Unknown,0.214
1763834973.884146,149,Unknown,0.227
1763834974.0387719,149,Unknown,0.221
1763834974.233363,149,Unknown,0.239
1763834974.23337,150,Unknown,-0.016
1763834974.373197,149,Unknown,0.232
1763834974.550592,149,Unknown,0.241
1763834974.705591,149,Unknown,0.237
1763834974.883199,149,Unknown,0.221
1763834975.037222,151,Unknown,0.281
1763834975.218306,152,Unknown,0.277
1763834975.377867,152,Unknown,0.234
1763834975.551497,152,Unknown,0.241
1763834975.707608,153,Unknown,0.228
1763834975.8833668,153,Unknown,0.243
1763834976.0428438,153,Unknown,0.259
1763834976.2184792,153,Unknown,0.229
1763834976.371257,153,Unknown,0.206
1763834976.549222,153,Unknown,0.241
1763834976.7092512,153,Unknown,0.254
1763834976.88405,153,Unknown,0.239
1763834977.037024,153,Unknown,0.239
1763834977.2167082,153,Unknown,0.245
1763834977.376821,153,Unknown,0.227
1763834977.5512052,153,Unknown,0.260
1763834977.706375,153,Unknown,0.212
1763834977.8836439,153,Unknown,0.232
1763834978.042181,153,Unknown,0.222
1763834978.217669,153,Unknown,0.245
1763834978.375935,154,Unknown,0.218
1763834978.5503218,155,Unknown,0.170
1763834983.501072,156,Koushik,0.706
1763834983.6622279,156,Koushik,0.706
1763834983.8240268,156,Koushik,0.706
1763834983.990529,156,Koushik,0.706
1763834984.148587,156,Koushik,0.706
1763834984.328237,156,Koushik,0.706
1763834984.5326688,156,Koushik,0.706
1763834984.7184,156,Koushik,0.706
1763834985.7348669,157,Unknown,0.061
1763834985.8979452,157,Koushik,0.794
1763834986.079479,157,Koushik,0.794
1763834986.234411,157,Koushik,0.794
1763834986.406427,157,Koushik,0.794
1763834986.6161752,157,Koushik,0.794
1763834986.811528,157,Koushik,0.794
1763834987.0128598,157,Koushik,0.794
1763834987.2200031,157,Koushik,0.794
1763834987.4169998,157,Koushik,0.794
1763834987.616435,157,Koushik,0.794
1763834987.818548,157,Koushik,0.794
1763834988.013867,157,Koushik,0.794
1763834988.2143621,157,Koushik,0.794
1763834988.421945,157,Koushik,0.794
1763834988.614481,157,Koushik,0.794
1763834988.823066,157,Koushik,0.794
1763834989.03158,157,Koushik,0.794
1763834989.280249,157,Koushik,0.794
1763834989.506727,157,Koushik,0.794
1763834989.677679,157,Koushik,0.794
1763834989.8325639,157,Koushik,0.794
1763835013.795244,158,Unknown,0.010
1763835013.967028,158,Unknown,0.044
1763835014.1153028,159,Unknown,-0.051
1763835014.298531,158,Unknown,0.003
1763835021.29743,160,Unknown,0.085
1763835025.7958632,161,Unknown,0.083
1763835026.2791522,161,Unknown,0.341
1763835026.5172548,161,Unknown,0.297
1763835026.766508,161,Unknown,0.148
1763835026.987633,161,Unknown,0.138
1763835027.2322838,161,Unknown,0.352
1763835027.466572,161,Unknown,0.208
1763835027.71239,161,Unknown,0.226
1763835029.401571,162,Unknown,-0.159
1763835030.121258,163,Unknown,0.047
1763835031.096949,164,Unknown,0.240
1763835031.321504,164,Unknown,0.388
1763835031.567173,164,Unknown,0.237
1763835031.80245,164,Unknown,0.179
1763835032.043175,164,Unknown,0.145
1763835032.2807128,164,Unknown,0.138
1763835032.530206,164,Unknown,0.157
1763835032.768672,164,Unknown,0.145
1763835043.609565,165,Unknown,0.417
1763835044.32755,166,Unknown,0.421
1763835047.201667,167,Unknown,0.455
1763835047.360729,167,Unknown,0.589
1763835047.5530791,167,Koushik,0.619
1763835047.7178612,167,Koushik,0.619
1763835047.8848891,167,Koushik,0.619
1763835048.0504682,167,Koushik,0.619
1763835048.219687,167,Koushik,0.619
1763835048.402345,167,Koushik,0.619
1763835048.5689678,167,Koushik,0.619
1763835048.727797,167,Koushik,0.619
1763835048.900077,167,Koushik,0.619
1763835049.0584698,167,Koushik,0.619
1763835049.248492,167,Koushik,0.619
1763835049.401634,167,Koushik,0.619
1763835049.556691,167,Koushik,0.619
1763835049.765949,167,Koushik,0.619
1763835049.998858,167,Koushik,0.619
1763835050.250168,167,Koushik,0.619
1763835050.4880798,167,Koushik,0.619
1763835050.732876,167,Koushik,0.619
1763835050.96562,167,Koushik,0.619
1763835051.2040892,167,Koushik,0.619
1763835051.4538639,167,Koushik,0.619
1763835051.693902,167,Koushik,0.619
1763835051.938953,167,Koushik,0.619
1763835052.182913,167,Koushik,0.619
1763835052.4143538,167,Koushik,0.619
1763835052.665924,167,Koushik,0.619
1763835052.890452,167,Koushik,0.619
1763835053.135694,167,Koushik,0.619
1763835053.372376,167,Koushik,0.619
1763835053.63544,167,Koushik,0.619
1763835053.89276,167,Koushik,0.619
1763835054.132844,167,Koushik,0.619
1763835054.380285,167,Koushik,0.619
1763835054.62978,167,Koushik,0.619
1763835054.853774,167,Koushik,0.619
1763835055.1182332,167,Koushik,0.619
1763835055.365911,167,Koushik,0.619
1763835055.5973508,167,Koushik,0.619
1763835055.849362,167,Koushik,0.619
1763835056.078422,167,Koushik,0.619
1763835057.295887,168,Unknown,0.057
1763835057.530905,168,Koushik,0.634
1763835057.766143,168,Koushik,0.634
1763835058.002571,168,Koushik,0.634
1763835058.2519748,168,Koushik,0.634
1763835058.488719,168,Koushik,0.634
1763835058.734129,168,Koushik,0.634
1763835058.968022,168,Koushik,0.634
1763835059.216927,168,Koushik,0.634
1763835059.442088,168,Koushik,0.634
1763835059.7149482,168,Koushik,0.634
1763835063.184696,169,Unknown,0.417
1763835063.41618,169,Unknown,0.419
1763835063.6670232,169,Unknown,0.481
1763835063.903593,169,Unknown,0.529
1763835064.136213,169,Unknown,0.539
1763835064.379133,169,Unknown,0.517
1763835064.631626,169,Unknown,0.513
1763835064.858808,169,Unknown,0.490
1763835065.1117802,169,Unknown,0.509
1763835065.340393,169,Unknown,0.539
1763835065.583696,169,Unknown,0.553
1763835065.824289,169,Unknown,0.557
1763835066.087703,169,Koushik,0.638
1763835066.277408,169,Koushik,0.638
1763835066.515795,169,Koushik,0.638
1763835066.7655702,169,Koushik,0.638
1763835067.014461,169,Koushik,0.638
1763835067.240545,169,Koushik,0.638
1763835067.516024,169,Koushik,0.638
1763835067.7510788,169,Koushik,0.638
1763835067.998992,169,Koushik,0.638
1763835068.230846,169,Koushik,0.638
1763835068.481716,169,Koushik,0.638
1763835068.7093902,169,Koushik,0.638
1763835068.9649432,169,Koushik,0.638
1763835069.1904042,169,Koushik,0.638
1763835069.432671,169,Koushik,0.638
1763835069.677545,169,Koushik,0.638
1763835069.914679,169,Koushik,0.638
1763835070.159338,169,Koushik,0.638
1763835071.849322,170,Unknown,0.494
1763835072.079592,170,Unknown,0.560
1763835072.330794,170,Unknown,0.574
1763835072.568046,170,Unknown,0.565
1763835072.830299,170,Koushik,0.623
1763835073.0187469,170,Koushik,0.623
1763835073.256371,170,Koushik,0.623
1763835073.5032792,170,Koushik,0.623
1763835073.7457762,170,Koushik,0.623
1763835073.986037,170,Koushik,0.623
1763835074.243961,170,Koushik,0.623
1763835074.499084,170,Koushik,0.623
1763835074.738531,170,Koushik,0.623
1763835074.980926,170,Koushik,0.623
1763835075.2082958,170,Koushik,0.623
1763835075.464096,170,Koushik,0.623
1763835077.630687,171,Koushik,0.602
1763835077.858041,171,Koushik,0.602
1763835078.101943,171,Koushik,0.602
1763835078.342377,171,Koushik,0.602
1763835079.06976,172,Unknown,-0.008
timestamp,track_id,name,score
1763835283.133145,1,Unknown,0.015
1763835285.503786,2,Unknown,0.474
1763835285.736432,2,Unknown,0.587
1763835285.974674,2,Koushik,0.679
1763835286.2175841,2,Koushik,0.679
1763835286.469476,2,Koushik,0.679
1763835286.7075331,2,Koushik,0.679
1763835286.944623,2,Koushik,0.679
1763835287.188705,2,Koushik,0.679
1763835287.4205298,2,Koushik,0.679
1763835287.6614048,2,Koushik,0.679
1763835287.90335,2,Koushik,0.679
1763835288.146107,2,Koushik,0.679
1763835288.3876421,2,Koushik,0.679
1763835288.625695,2,Koushik,0.679
1763835288.865602,2,Koushik,0.679
1763835289.108265,2,Koushik,0.679
1763835289.355168,2,Koushik,0.679
1763835289.588812,2,Koushik,0.679
1763835289.82447,2,Koushik,0.679
1763835290.0754602,2,Koushik,0.679
1763835290.322295,2,Koushik,0.679
1763835290.553437,2,Koushik,0.679
1763835290.7932649,2,Koushik,0.679
1763835291.0434,2,Koushik,0.679
1763835291.274719,2,Koushik,0.679
1763835291.523869,2,Koushik,0.679
1763835291.760072,2,Koushik,0.679
1763835292.006879,2,Koushik,0.679
1763835292.283937,2,Koushik,0.679
1763835292.5382001,2,Koushik,0.679
1763835292.769643,2,Koushik,0.679
1763835293.024069,2,Koushik,0.679
1763835293.25362,2,Koushik,0.679
1763835293.504699,2,Koushik,0.679
1763835293.74036,2,Koushik,0.679
1763835293.990252,2,Koushik,0.679
1763835294.2385,2,Koushik,0.679
1763835294.46895,2,Koushik,0.679
1763835294.709924,2,Koushik,0.679
1763835294.952149,2,Koushik,0.679
timestamp,track_id,name,score
1763835309.652508,1,Koushik,0.631
1763835309.921608,1,Koushik,0.631
1763835310.104788,1,Koushik,0.631
1763835310.284082,1,Koushik,0.631
1763835310.46333,1,Koushik,0.631
1763835310.624335,1,Koushik,0.631
1763835310.7931259,1,Koushik,0.631
1763835310.946789,1,Koushik,0.631
1763835311.124293,1,Koushik,0.631
1763835311.298183,1,Koushik,0.631
1763835311.560628,1,Koushik,0.631
1763835311.807162,1,Koushik,0.631
1763835312.054355,1,Koushik,0.631
1763835312.262063,1,Koushik,0.631
1763835312.4403892,1,Koushik,0.631
1763835312.6378849,1,Koushik,0.631
1763835312.8269591,1,Koushik,0.631
1763835312.9849,1,Koushik,0.631
1763835313.1651149,1,Koushik,0.631
1763835313.3183339,1,Koushik,0.631
1763835313.804032,1,Koushik,0.631
1763835314.0468638,1,Koushik,0.631
1763835314.257498,1,Koushik,0.631
1763835314.442293,1,Koushik,0.631
1763835314.609129,1,Koushik,0.631
1763835314.767694,1,Koushik,0.631
1763835314.9429061,1,Koushik,0.631
1763835315.098603,1,Koushik,0.631
1763835315.274694,1,Koushik,0.631
1763835315.4357271,1,Koushik,0.631
1763835315.607321,1,Koushik,0.631
1763835315.7764428,1,Koushik,0.631
1763835315.9364328,1,Koushik,0.631
1763835316.092997,1,Koushik,0.631
1763835316.259804,1,Koushik,0.631
1763835316.5723362,1,Koushik,0.631
1763835316.572342,2,Unknown,-0.035
1763835316.742631,1,Koushik,0.631
1763835316.8980649,1,Koushik,0.631
1763835316.898072,2,Unknown,-0.069
1763835317.07241,1,Koushik,0.631
1763835317.233116,1,Koushik,0.631
1763835317.4080808,1,Koushik,0.631
1763835317.566839,1,Koushik,0.631
1763835317.735274,1,Koushik,0.631
1763835317.906178,1,Koushik,0.631
1763835317.906184,3,Unknown,-0.109
1763835318.0727649,1,Koushik,0.631
1763835318.234308,1,Koushik,0.631
1763835318.40924,1,Koushik,0.631
1763835318.561206,1,Koushik,0.631
1763835318.7703428,1,Koushik,0.631
1763835319.0223858,1,Koushik,0.631
1763835319.260821,1,Koushik,0.631
1763835319.509335,1,Koushik,0.631
1763835319.7321322,1,Koushik,0.631
1763835319.97591,1,Koushik,0.631
1763835320.218799,1,Koushik,0.631
1763835320.460572,1,Koushik,0.631
1763835320.705306,1,Koushik,0.631
1763835320.942438,1,Koushik,0.631
1763835321.1878788,1,Koushik,0.631
1763835321.420706,1,Koushik,0.631
1763835321.6603,1,Koushik,0.631
1763835321.9248772,1,Koushik,0.631
1763835322.123509,1,Koushik,0.631
1763835322.353962,1,Koushik,0.631
1763835322.5986712,1,Koushik,0.631
1763835322.8484428,1,Koushik,0.631
1763835323.0917099,1,Koushik,0.631
1763835323.345751,1,Koushik,0.631
1763835323.590869,1,Koushik,0.631
1763835331.300991,4,Unknown,0.322
1763835332.503665,5,Unknown,0.227
1763835336.833793,6,Unknown,0.063
1763835337.071902,6,Unknown,0.044
1763835338.992471,7,Unknown,-0.138
1763835342.02461,8,Unknown,0.229
1763835342.176107,8,Unknown,0.257
1763835342.3573928,8,Unknown,0.253
1763835342.5112891,8,Unknown,0.270
1763835342.68885,8,Unknown,0.277
1763835342.8398788,8,Unknown,0.304
1763835342.992646,8,Unknown,0.266
1763835343.173174,8,Unknown,0.222
1763835343.332866,8,Unknown,0.226
1763835343.508262,8,Unknown,0.223
1763835343.662783,8,Unknown,0.258
1763835343.8401868,8,Unknown,0.283
1763835343.9965508,8,Unknown,0.248
1763835344.153634,8,Unknown,0.231
1763835344.310698,8,Unknown,0.205
1763835344.488417,8,Unknown,0.244
1763835344.6415732,8,Unknown,0.207
1763835344.8247528,8,Unknown,0.263
1763835344.9793768,9,Unknown,0.207
1763835345.1585011,9,Unknown,0.274
1763835345.318531,9,Unknown,0.242
1763835345.490561,9,Unknown,0.231
1763835345.6507158,9,Unknown,0.271
1763835345.8242729,9,Unknown,0.259
1763835345.983465,9,Unknown,0.278
1763835346.157293,9,Unknown,0.242
1763835346.3149178,9,Unknown,0.297
1763835346.470007,9,Unknown,0.268
1763835346.6405702,9,Unknown,0.224
1763835346.794302,9,Unknown,0.268
1763835346.973959,9,Unknown,0.274
1763835347.127327,9,Unknown,0.285
1763835347.307501,9,Unknown,0.238
1763835347.462633,9,Unknown,0.258
1763835347.6392572,9,Unknown,0.234
1763835347.796959,9,Unknown,0.283
1763835347.971243,9,Unknown,0.257
1763835348.140979,9,Unknown,0.272
1763835348.282758,9,Unknown,0.259
1763835348.459019,9,Unknown,0.267
1763835348.6163251,9,Unknown,0.275
1763835348.783995,9,Unknown,0.253
1763835348.931988,9,Unknown,0.250
1763835349.099657,9,Unknown,0.273
1763835349.274317,9,Unknown,0.261
1763835349.433412,9,Unknown,0.252
1763835349.601543,9,Unknown,0.234
1763835349.777191,9,Unknown,0.254
1763835349.941358,9,Unknown,0.275
1763835350.101619,9,Unknown,0.284
1763835350.276383,9,Unknown,0.298
1763835350.435015,9,Unknown,0.281
1763835350.6046772,9,Unknown,0.261
1763835350.777175,9,Unknown,0.253
1763835350.936251,9,Unknown,0.247
1763835351.1100101,9,Unknown,0.251
1763835351.264456,9,Unknown,0.294
1763835351.449168,9,Unknown,0.285
1763835351.6071732,9,Unknown,0.257
1763835351.768704,9,Unknown,0.249
1763835351.943742,9,Unknown,0.284
1763835352.104584,9,Unknown,0.255
1763835352.276175,9,Unknown,0.296
1763835352.431666,9,Unknown,0.266
1763835352.599308,9,Unknown,0.269
1763835352.774386,9,Unknown,0.231
1763835352.9344451,9,Unknown,0.247
1763835353.110708,9,Unknown,0.232
1763835353.276034,9,Unknown,0.265
1763835353.4366772,9,Unknown,0.248
1763835353.6091158,9,Unknown,0.271
1763835353.7691772,9,Unknown,0.260
1763835353.943158,9,Unknown,0.245
1763835354.100974,9,Unknown,0.285
1763835354.274822,9,Unknown,0.241
1763835354.433225,9,Unknown,0.297
1763835354.608704,9,Unknown,0.284
1763835354.768196,9,Unknown,0.282
1763835354.935673,9,Unknown,0.318
1763835355.253279,10,Unknown,0.168
1763835355.503885,10,Unknown,0.306
1763835355.734435,10,Unknown,0.392
1763835355.9749491,10,Unknown,0.473
1763835356.223649,10,Unknown,0.459
1763835356.458966,10,Unknown,0.117
1763835356.9554281,10,Unknown,0.191
1763835357.1778402,10,Unknown,0.364
1763835357.424352,10,Unknown,0.497
1763835357.660105,10,Unknown,0.438
1763835357.8999958,10,Unknown,0.426
1763835358.142383,10,Unknown,0.414
1763835364.522754,11,Unknown,0.217
1763835364.678619,11,Unknown,0.225
1763835364.837183,11,Unknown,0.229
1763835364.99981,11,Unknown,0.163
1763835365.174787,11,Unknown,0.191
1763835365.325923,11,Unknown,0.148
1763835365.505677,11,Unknown,0.157
1763835365.662818,11,Unknown,0.194
1763835365.840658,11,Unknown,0.215
1763835366.0177689,11,Unknown,0.210
1763835366.189167,11,Unknown,0.180
1763835366.3460832,11,Unknown,0.179
1763835366.522958,11,Unknown,0.209
1763835366.6810722,11,Unknown,0.201
1763835366.856214,11,Unknown,0.210
1763835367.012308,11,Unknown,0.202
1763835367.189253,11,Unknown,0.192
1763835367.349421,11,Unknown,0.165
1763835367.523148,11,Unknown,0.218
1763835367.6789708,11,Unknown,0.194
1763835367.8559492,11,Unknown,0.207
1763835368.0124512,11,Unknown,0.217
1763835368.190589,11,Unknown,0.200
1763835368.348171,11,Unknown,0.213
1763835368.52253,11,Unknown,0.196
1763835368.682953,11,Unknown,0.184
1763835368.8566568,11,Unknown,0.223
1763835369.023026,11,Unknown,0.217
1763835369.1805718,11,Unknown,0.230
1763835370.334739,12,Unknown,0.172
1763835370.843103,13,Koushik,0.603
1763835371.092919,13,Koushik,0.603
1763835371.3364968,13,Koushik,0.603
1763835384.8227682,14,Unknown,0.261
1763835389.833227,15,Unknown,0.222
1763835390.54797,16,Unknown,0.081
1763835390.9596999,17,Unknown,0.211
1763835391.115066,17,Unknown,0.175
1763835391.2938828,17,Unknown,0.173
1763835391.448054,17,Unknown,0.238
1763835391.608376,17,Unknown,0.224
1763835391.767628,17,Unknown,0.250
1763835391.9445279,17,Unknown,0.243
1763835392.102273,17,Unknown,0.268
1763835392.277559,17,Unknown,0.254
1763835392.434218,17,Unknown,0.273
1763835392.6100621,17,Unknown,0.253
1763835392.772664,17,Unknown,0.251
1763835392.931561,17,Unknown,0.261
1763835393.103627,17,Unknown,0.254
1763835393.274404,17,Unknown,0.238
1763835393.4380422,17,Unknown,0.238
1763835393.610085,17,Unknown,0.243
1763835393.768348,17,Unknown,0.246
1763835393.944045,17,Unknown,0.229
1763835394.1049972,17,Unknown,0.253
1763835394.276654,17,Unknown,0.253
1763835394.4365819,17,Unknown,0.228
1763835394.610267,17,Unknown,0.224
1763835394.7767732,17,Unknown,0.211
1763835394.944073,17,Unknown,0.266
1763835395.110542,17,Unknown,0.243
1763835395.305873,17,Unknown,0.239
1763835395.4536881,17,Unknown,0.231
1763835395.624835,17,Unknown,0.242
1763835395.784907,17,Unknown,0.241
1763835395.9583302,17,Unknown,0.253
1763835396.118461,17,Unknown,0.255
1763835396.292199,17,Unknown,0.269
1763835396.45295,17,Unknown,0.256
1763835396.6254451,17,Unknown,0.209
1763835396.7836611,17,Unknown,0.218
1763835396.924691,17,Unknown,0.252
1763835397.083513,17,Unknown,0.233
1763835397.224877,17,Unknown,0.268
1763835397.3838022,17,Unknown,0.261
1763835397.5250292,17,Unknown,0.261
1763835397.683433,17,Unknown,0.263
1763835397.824428,17,Unknown,0.275
1763835397.9843378,17,Unknown,0.226
1763835398.1245818,17,Unknown,0.232
1763835398.3123388,17,Unknown,0.213
1763835398.4769611,17,Unknown,0.234
1763835398.6370711,17,Unknown,0.209
1763835398.811248,17,Unknown,0.237
1763835398.9721758,17,Unknown,0.248
1763835399.144282,17,Unknown,0.239
1763835399.304967,17,Unknown,0.230
1763835399.4768782,17,Unknown,0.221
1763835399.629314,18,Unknown,0.174
1763835400.539385,19,Unknown,0.442
1763835401.694518,20,Koushik,0.696
1763835401.946142,20,Koushik,0.696
1763835402.178159,20,Koushik,0.696
1763835402.4397461,20,Koushik,0.696
1763835402.674934,20,Koushik,0.696
1763835402.9096372,20,Koushik,0.696
1763835403.1734998,20,Koushik,0.696
1763835405.030972,21,Unknown,-0.005
1763835406.187446,22,Unknown,0.307
1763835407.592007,23,Unknown,0.010
1763835407.808563,23,Unknown,-0.016
timestamp,track_id,name,score
1763835644.5910091,1,Unknown,-1.000
1763835644.7987509,1,Unknown,-1.000
1763835644.9685462,1,Unknown,-1.000
1763835645.145841,1,Unknown,-1.000
1763835645.311153,1,Unknown,-1.000
1763835645.48927,1,Unknown,-1.000
1763835645.6376462,1,Unknown,-1.000
1763835645.823509,1,Unknown,-1.000
1763835645.9782012,1,Unknown,-1.000
1763835646.1448262,1,Unknown,-1.000
1763835646.306132,1,Unknown,-1.000
1763835646.489894,1,Unknown,-1.000
1763835646.640355,1,Unknown,-1.000
1763835646.811115,1,Unknown,-1.000
1763835646.978097,1,Unknown,-1.000
1763835647.136178,1,Unknown,-1.000
1763835647.310119,1,Unknown,-1.000
1763835647.472183,1,Unknown,-1.000
1763835647.644741,1,Unknown,-1.000
1763835647.804821,1,Unknown,-1.000
1763835647.977621,1,Unknown,-1.000
1763835648.137066,1,Unknown,-1.000
1763835648.311421,1,Unknown,-1.000
1763835648.47247,1,Unknown,-1.000
1763835648.643163,1,Unknown,-1.000
1763835648.8015082,1,Unknown,-1.000
1763835649.072649,1,Unknown,-1.000
1763835649.072654,2,Unknown,-1.000
1763835649.244711,1,Unknown,-1.000
1763835649.406071,1,Unknown,-1.000
1763835649.406077,2,Unknown,-1.000
1763835649.581835,1,Unknown,-1.000
1763835649.729951,1,Unknown,-1.000
1763835649.905618,1,Unknown,-1.000
1763835650.088392,1,Unknown,-1.000
1763835650.239346,1,Unknown,-1.000
1763835650.4078012,1,Unknown,-1.000
1763835650.577339,1,Unknown,-1.000
1763835650.740353,1,Unknown,-1.000
1763835650.928653,1,Unknown,-1.000
1763835650.928661,3,Unknown,-1.000
1763835651.068883,1,Unknown,-1.000
1763835651.250565,1,Unknown,-1.000
1763835651.421785,1,Unknown,-1.000
1763835651.5762188,1,Unknown,-1.000
1763835651.739677,1,Unknown,-1.000
1763835651.911637,1,Unknown,-1.000
1763835652.071601,1,Unknown,-1.000
1763835652.2445471,1,Unknown,-1.000
1763835652.407087,1,Unknown,-1.000
1763835652.589665,1,Unknown,-1.000
1763835652.7416031,1,Unknown,-1.000
1763835652.9786801,1,Unknown,-1.000
1763835653.137187,1,Unknown,-1.000
1763835653.29761,1,Unknown,-1.000
1763835653.5173209,1,Unknown,-1.000
1763835653.710297,1,Unknown,-1.000
1763835653.915682,1,Unknown,-1.000
1763835654.123608,1,Unknown,-1.000
1763835654.310734,1,Unknown,-1.000
1763835654.514113,1,Unknown,-1.000
1763835654.714784,1,Unknown,-1.000
1763835654.9173849,1,Unknown,-1.000
1763835655.093879,1,Unknown,-1.000
1763835655.2939641,1,Unknown,-1.000
1763835655.4506009,1,Unknown,-1.000
1763835655.6134841,1,Unknown,-1.000
1763835655.772802,1,Unknown,-1.000
1763835655.927517,1,Unknown,-1.000
1763835656.090872,1,Unknown,-1.000
1763835656.2749891,1,Unknown,-1.000
1763835656.428273,1,Unknown,-1.000
1763835656.6046212,1,Unknown,-1.000
1763835656.760548,1,Unknown,-1.000
1763835656.922745,1,Unknown,-1.000
1763835657.093902,1,Unknown,-1.000
1763835657.255925,1,Unknown,-1.000
1763835657.4280372,1,Unknown,-1.000
1763835657.59081,1,Unknown,-1.000
1763835657.7714298,1,Unknown,-1.000
1763835657.962333,1,Unknown,-1.000
1763835657.962338,4,Unknown,-1.000
1763835658.13344,1,Unknown,-1.000
1763835658.133446,5,Unknown,-1.000
1763835658.2928581,1,Unknown,-1.000
1763835658.453835,1,Unknown,-1.000
1763835658.7507432,1,Unknown,-1.000
1763835658.9315689,1,Unknown,-1.000
1763835659.105314,1,Unknown,-1.000
1763835659.272374,1,Unknown,-1.000
1763835659.272382,6,Unknown,-1.000
1763835659.42462,1,Unknown,-1.000
1763835659.6084962,1,Unknown,-1.000
1763835659.751317,1,Unknown,-1.000
1763835659.932288,1,Unknown,-1.000
1763835660.091882,1,Unknown,-1.000
1763835660.2502542,1,Unknown,-1.000
1763835660.428936,1,Unknown,-1.000
1763835660.5928938,1,Unknown,-1.000
1763835660.761617,1,Unknown,-1.000
1763835660.9568079,1,Unknown,-1.000
1763835661.118718,1,Unknown,-1.000
1763835661.308587,1,Unknown,-1.000
1763835661.455828,1,Unknown,-1.000
1763835661.638853,1,Unknown,-1.000
1763835661.788378,1,Unknown,-1.000
1763835661.961418,1,Unknown,-1.000
1763835662.1513028,1,Unknown,-1.000
1763835662.355927,1,Unknown,-1.000
1763835662.542207,1,Unknown,-1.000
1763835662.702129,1,Unknown,-1.000
1763835662.876472,1,Unknown,-1.000
1763835663.036217,1,Unknown,-1.000
1763835663.2034519,1,Unknown,-1.000
1763835663.3747141,1,Unknown,-1.000
1763835663.544092,1,Unknown,-1.000
1763835663.703069,1,Unknown,-1.000
1763835663.876516,1,Unknown,-1.000
1763835664.035917,1,Unknown,-1.000
1763835664.2023108,1,Unknown,-1.000
1763835664.367276,1,Unknown,-1.000
1763835664.5438132,1,Unknown,-1.000
1763835664.700138,1,Unknown,-1.000
1763835664.8758159,1,Unknown,-1.000
1763835665.0346282,1,Unknown,-1.000
1763835665.20896,1,Unknown,-1.000
1763835665.3654988,1,Unknown,-1.000
1763835665.542939,1,Unknown,-1.000
1763835665.698453,1,Unknown,-1.000
1763835665.8751402,1,Unknown,-1.000
1763835666.0460742,1,Unknown,-1.000
1763835666.240617,1,Unknown,-1.000
1763835666.4148219,1,Unknown,-1.000
1763835666.569987,1,Unknown,-1.000
1763835666.78837,1,Unknown,-1.000
1763835666.949761,1,Unknown,-1.000
1763835667.109569,1,Unknown,-1.000
1763835667.274645,1,Unknown,-1.000
1763835667.432648,1,Unknown,-1.000
1763835667.608663,1,Unknown,-1.000
1763835667.7694578,1,Unknown,-1.000
1763835667.92815,1,Unknown,-1.000
1763835668.104952,1,Unknown,-1.000
1763835668.277099,1,Unknown,-1.000
1763835668.429923,1,Unknown,-1.000
1763835668.606912,1,Unknown,-1.000
1763835668.76612,1,Unknown,-1.000
1763835668.93028,1,Unknown,-1.000
1763835669.10689,1,Unknown,-1.000
1763835669.264158,1,Unknown,-1.000
1763835669.440736,1,Unknown,-1.000
1763835669.59587,1,Unknown,-1.000
1763835669.773855,1,Unknown,-1.000
1763835669.929714,1,Unknown,-1.000
1763835670.1074402,1,Unknown,-1.000
1763835670.27359,1,Unknown,-1.000
1763835670.430208,1,Unknown,-1.000
1763835670.608095,1,Unknown,-1.000
1763835670.761298,1,Unknown,-1.000
1763835670.9422238,1,Unknown,-1.000
1763835671.0989618,1,Unknown,-1.000
1763835671.2730198,1,Unknown,-1.000
1763835671.427571,1,Unknown,-1.000
1763835671.609188,1,Unknown,-1.000
1763835671.762193,1,Unknown,-1.000
1763835671.9416,1,Unknown,-1.000
1763835672.100569,1,Unknown,-1.000
1763835672.276717,1,Unknown,-1.000
1763835672.4312441,1,Unknown,-1.000
1763835672.627906,1,Unknown,-1.000
1763835672.6279109,7,Unknown,-1.000
1763835672.8000891,1,Unknown,-1.000
1763835672.97304,1,Unknown,-1.000
1763835673.1279418,1,Unknown,-1.000
1763835673.307998,1,Unknown,-1.000
1763835673.467778,1,Unknown,-1.000
1763835673.642577,1,Unknown,-1.000
1763835673.8006709,1,Unknown,-1.000
1763835673.974771,1,Unknown,-1.000
1763835674.133932,1,Unknown,-1.000
1763835674.308368,1,Unknown,-1.000
1763835674.464886,1,Unknown,-1.000
1763835674.6412082,1,Unknown,-1.000
1763835674.796062,1,Unknown,-1.000
1763835674.974606,1,Unknown,-1.000
1763835675.128167,1,Unknown,-1.000
1763835675.3070238,1,Unknown,-1.000
1763835675.467011,1,Unknown,-1.000
1763835675.64464,1,Unknown,-1.000
1763835675.799498,1,Unknown,-1.000
1763835675.9739552,1,Unknown,-1.000
1763835676.139717,1,Unknown,-1.000
1763835676.298975,1,Unknown,-1.000
1763835676.473165,1,Unknown,-1.000
1763835676.628286,1,Unknown,-1.000
1763835676.8056262,1,Unknown,-1.000
1763835676.966172,1,Unknown,-1.000
1763835677.142299,1,Unknown,-1.000
1763835677.298291,1,Unknown,-1.000
1763835677.470633,1,Unknown,-1.000
1763835677.6414568,1,Unknown,-1.000
1763835677.80718,1,Unknown,-1.000
1763835677.968829,1,Unknown,-1.000
1763835678.1426828,1,Unknown,-1.000
1763835678.30722,1,Unknown,-1.000
1763835678.476626,1,Unknown,-1.000
1763835678.63464,1,Unknown,-1.000
timestamp,track_id,name,score
1763835683.8287191,1,Unknown,-1.000
1763835684.010895,1,Unknown,-1.000
1763835684.167927,1,Unknown,-1.000
1763835684.3420548,1,Unknown,-1.000
1763835684.497705,1,Unknown,-1.000
1763835684.677184,1,Unknown,-1.000
1763835684.8359091,1,Unknown,-1.000
1763835685.010234,1,Unknown,-1.000
1763835685.170932,1,Unknown,-1.000
1763835685.343672,1,Unknown,-1.000
1763835685.50282,1,Unknown,-1.000
1763835685.6762931,1,Unknown,-1.000
1763835685.839162,1,Unknown,-1.000
1763835686.010627,1,Unknown,-1.000
1763835686.170507,1,Unknown,-1.000
1763835686.344542,1,Unknown,-1.000
1763835686.5026681,1,Unknown,-1.000
1763835686.67731,1,Unknown,-1.000
1763835686.8397708,1,Unknown,-1.000
1763835687.011743,1,Unknown,-1.000
1763835687.170319,1,Unknown,-1.000
1763835687.336753,1,Unknown,-1.000
1763835687.5084832,1,Unknown,-1.000
1763835687.672367,1,Unknown,-1.000
1763835687.8457868,1,Unknown,-1.000
1763835688.009171,1,Unknown,-1.000
1763835688.1677718,1,Unknown,-1.000
1763835688.464276,1,Unknown,-1.000
1763835688.641165,1,Unknown,-1.000
1763835688.802967,1,Unknown,-1.000
1763835688.976628,1,Unknown,-1.000
1763835689.140376,1,Unknown,-1.000
1763835689.310305,1,Unknown,-1.000
1763835689.472138,1,Unknown,-1.000
1763835689.644185,1,Unknown,-1.000
1763835689.806609,1,Unknown,-1.000
1763835689.977083,1,Unknown,-1.000
1763835690.138558,1,Unknown,-1.000
1763835690.310272,1,Unknown,-1.000
1763835690.4695969,1,Unknown,-1.000
1763835690.643578,1,Unknown,-1.000
1763835690.799628,1,Unknown,-1.000
1763835690.975585,1,Unknown,-1.000
1763835691.1379101,1,Unknown,-1.000
1763835691.302444,1,Unknown,-1.000
1763835691.477015,1,Unknown,-1.000
1763835691.6411572,1,Unknown,-1.000
1763835691.803359,1,Unknown,-1.000
1763835691.976178,1,Unknown,-1.000
1763835692.146464,1,Unknown,-1.000
1763835692.3228958,1,Unknown,-1.000
1763835692.487613,1,Unknown,-1.000
1763835692.654259,1,Unknown,-1.000
1763835692.832217,1,Unknown,-1.000
1763835693.067801,1,Unknown,-1.000
1763835693.252196,1,Unknown,-1.000
1763835693.4092832,1,Unknown,-1.000
1763835693.579991,1,Unknown,-1.000
1763835693.742499,1,Unknown,-1.000
1763835693.9063208,1,Unknown,-1.000
1763835694.0760052,1,Unknown,-1.000
1763835694.2378418,1,Unknown,-1.000
timestamp,track_id,name,score
1763835728.551908,1,Unknown,-1.000
1763835728.7519932,1,Unknown,-1.000
1763835728.920177,1,Unknown,-1.000
1763835729.111477,1,Unknown,-1.000
1763835729.28977,1,Unknown,-1.000
1763835729.460948,1,Unknown,-1.000
1763835729.630412,1,Unknown,-1.000
1763835729.7881641,1,Unknown,-1.000
1763835729.964298,1,Unknown,-1.000
1763835730.124979,1,Unknown,-1.000
1763835730.304246,1,Unknown,-1.000
1763835730.458808,1,Unknown,-1.000
1763835730.622275,1,Unknown,-1.000
1763835730.8078651,1,Unknown,-1.000
1763835730.963283,1,Unknown,-1.000
1763835731.12342,1,Unknown,-1.000
1763835731.308844,1,Unknown,-1.000
1763835731.45748,1,Unknown,-1.000
1763835731.628818,1,Unknown,-1.000
1763835731.789439,1,Unknown,-1.000
1763835731.954786,1,Unknown,-1.000
1763835732.127518,1,Unknown,-1.000
1763835732.295093,1,Unknown,-1.000
1763835732.459695,1,Unknown,-1.000
1763835732.6209521,1,Unknown,-1.000
1763835732.79305,1,Unknown,-1.000
1763835732.95484,1,Unknown,-1.000
1763835733.1272829,1,Unknown,-1.000
1763835733.2851598,1,Unknown,-1.000
1763835733.45575,1,Unknown,-1.000
1763835733.625955,1,Unknown,-1.000
1763835733.7875578,1,Unknown,-1.000
1763835733.973073,1,Unknown,-1.000
1763835734.1254668,1,Unknown,-1.000
1763835734.294379,1,Unknown,-1.000
1763835734.456977,1,Unknown,-1.000
1763835734.6281931,1,Unknown,-1.000
1763835734.796169,1,Unknown,-1.000
1763835734.9621298,1,Unknown,-1.000
1763835735.126768,1,Unknown,-1.000
1763835735.309088,1,Unknown,-1.000
1763835735.456552,1,Unknown,-1.000
1763835735.628312,1,Unknown,-1.000
1763835735.7901812,1,Unknown,-1.000
1763835735.973952,1,Unknown,-1.000
1763835736.1306722,1,Unknown,-1.000
1763835736.307161,1,Unknown,-1.000
1763835736.455931,1,Unknown,-1.000
1763835736.6396859,1,Unknown,-1.000
1763835736.794688,1,Unknown,-1.000
1763835736.9763489,1,Unknown,-1.000
1763835737.129747,1,Unknown,-1.000
1763835737.295211,1,Unknown,-1.000
1763835737.4626749,1,Unknown,-1.000
1763835737.629436,1,Unknown,-1.000
1763835737.838332,1,Unknown,-1.000
1763835738.01505,1,Unknown,-1.000
1763835738.2018318,1,Unknown,-1.000
1763835738.357776,1,Unknown,-1.000
1763835738.552611,1,Unknown,-1.000
1763835738.7504818,1,Unknown,-1.000
1763835738.9285278,1,Unknown,-1.000
1763835739.087739,1,Unknown,-1.000
1763835739.266189,1,Unknown,-1.000
1763835739.4226298,1,Unknown,-1.000
1763835739.5946062,1,Unknown,-1.000
1763835739.7574139,1,Unknown,-1.000
1763835739.9281652,1,Unknown,-1.000
1763835740.087511,1,Unknown,-1.000
1763835740.255583,1,Unknown,-1.000
1763835740.425857,1,Unknown,-1.000
1763835740.589677,1,Unknown,-1.000
1763835740.756493,1,Unknown,-1.000
1763835740.926633,1,Unknown,-1.000
1763835741.090293,1,Unknown,-1.000
1763835741.260839,1,Unknown,-1.000
1763835741.4216,1,Unknown,-1.000
1763835741.5926862,1,Unknown,-1.000
1763835741.755916,1,Unknown,-1.000
1763835741.9254332,1,Unknown,-1.000
1763835742.087682,1,Unknown,-1.000
1763835742.259861,1,Unknown,-1.000
1763835742.421739,1,Unknown,-1.000
1763835742.589709,1,Unknown,-1.000
1763835742.756578,1,Unknown,-1.000
1763835742.9360662,1,Unknown,-1.000
timestamp,track_id,name,score
1763835756.0247612,1,Unknown,-1.000
1763835756.213585,1,Unknown,-1.000
1763835756.3821151,1,Unknown,-1.000
1763835756.562957,1,Unknown,-1.000
1763835756.720285,1,Unknown,-1.000
1763835756.895988,1,Unknown,-1.000
1763835757.0496309,1,Unknown,-1.000
1763835757.229459,1,Unknown,-1.000
1763835757.3898802,1,Unknown,-1.000
1763835757.560857,1,Unknown,-1.000
1763835757.722174,1,Unknown,-1.000
1763835757.8939898,1,Unknown,-1.000
1763835758.054736,1,Unknown,-1.000
1763835758.227835,1,Unknown,-1.000
1763835758.386836,1,Unknown,-1.000
1763835758.561476,1,Unknown,-1.000
1763835758.723819,1,Unknown,-1.000
1763835758.89566,1,Unknown,-1.000
1763835759.0544,1,Unknown,-1.000
1763835759.229283,1,Unknown,-1.000
1763835759.395157,1,Unknown,-1.000
1763835759.5614421,1,Unknown,-1.000
1763835759.721153,1,Unknown,-1.000
1763835759.895613,1,Unknown,-1.000
1763835760.055712,1,Unknown,-1.000
1763835760.228929,1,Unknown,-1.000
1763835760.395295,1,Unknown,-1.000
1763835760.573523,1,Unknown,-1.000
1763835760.7191029,1,Unknown,-1.000
1763835760.893188,1,Unknown,-1.000
1763835761.0521011,1,Unknown,-1.000
1763835761.227027,1,Unknown,-1.000
1763835761.3866858,1,Unknown,-1.000
1763835761.558285,1,Unknown,-1.000
1763835761.715629,1,Unknown,-1.000
1763835761.891959,1,Unknown,-1.000
1763835762.053451,1,Unknown,-1.000
1763835762.229373,1,Unknown,-1.000
1763835762.3900318,1,Unknown,-1.000
1763835762.5613089,1,Unknown,-1.000
1763835762.728168,1,Unknown,-1.000
1763835762.896041,1,Unknown,-1.000
1763835763.057364,1,Unknown,-1.000
1763835763.22772,1,Unknown,-1.000
1763835763.394212,1,Unknown,-1.000
1763835763.561762,1,Unknown,-1.000
1763835763.726486,1,Unknown,-1.000
1763835763.8945348,1,Unknown,-1.000
1763835764.0531032,1,Unknown,-1.000
1763835764.226548,1,Unknown,-1.000
1763835764.388644,1,Unknown,-1.000
1763835764.560354,1,Unknown,-1.000
1763835764.720591,1,Unknown,-1.000
1763835764.8878982,1,Unknown,-1.000
1763835765.061999,1,Unknown,-1.000
1763835765.225782,1,Unknown,-1.000
1763835765.387553,1,Unknown,-1.000
1763835765.560247,1,Unknown,-1.000
1763835765.724052,1,Unknown,-1.000
1763835765.895106,1,Unknown,-1.000
1763835766.062237,1,Unknown,-1.000
1763835766.244668,1,Unknown,-1.000
1763835766.390839,1,Unknown,-1.000
1763835766.561781,1,Unknown,-1.000
1763835766.726777,1,Unknown,-1.000
1763835766.918153,1,Unknown,-1.000
1763835767.105623,1,Unknown,-1.000
1763835767.267936,1,Unknown,-1.000
1763835767.455403,1,Unknown,-1.000
1763835767.6362932,1,Unknown,-1.000
1763835767.802461,1,Unknown,-1.000
1763835767.961222,1,Unknown,-1.000
1763835768.1404228,1,Unknown,-1.000
1763835768.282945,1,Unknown,-1.000
1763835768.457983,1,Unknown,-1.000
timestamp,track_id,name,score
1763835879.368465,1,Unknown,-1.000
1763835879.569133,1,Unknown,-1.000
1763835879.747832,1,Unknown,-1.000
1763835879.901391,1,Unknown,-1.000
1763835880.07566,1,Unknown,-1.000
1763835880.232269,1,Unknown,-1.000
1763835880.407249,1,Unknown,-1.000
1763835880.560919,1,Unknown,-1.000
1763835880.7427242,1,Unknown,-1.000
1763835880.9032671,1,Unknown,-1.000
1763835881.079026,1,Unknown,-1.000
1763835881.229847,1,Unknown,-1.000
1763835881.412477,1,Unknown,-1.000
1763835881.56436,1,Unknown,-1.000
1763835881.742429,1,Unknown,-1.000
1763835881.897696,1,Unknown,-1.000
1763835882.074363,1,Unknown,-1.000
1763835882.232546,1,Unknown,-1.000
1763835882.410305,1,Unknown,-1.000
1763835882.5604851,1,Unknown,-1.000
1763835882.745137,1,Unknown,-1.000
1763835882.90328,1,Unknown,-1.000
1763835883.078439,1,Unknown,-1.000
1763835883.232788,1,Unknown,-1.000
1763835883.4083688,1,Unknown,-1.000
1763835883.565723,1,Unknown,-1.000
1763835883.741048,1,Unknown,-1.000
1763835883.889868,1,Unknown,-1.000
1763835884.07441,1,Unknown,-1.000
1763835884.237236,1,Unknown,-1.000
1763835884.408086,1,Unknown,-1.000
1763835884.560749,1,Unknown,-1.000
1763835884.7437491,1,Unknown,-1.000
1763835884.9036438,1,Unknown,-1.000
1763835885.076208,1,Unknown,-1.000
1763835885.228291,1,Unknown,-1.000
1763835885.408472,1,Unknown,-1.000
1763835885.568629,1,Unknown,-1.000
1763835885.7419488,1,Unknown,-1.000
1763835885.902595,1,Unknown,-1.000
1763835886.0755048,1,Unknown,-1.000
1763835886.2356532,1,Unknown,-1.000
1763835886.410552,1,Unknown,-1.000
1763835886.5626829,1,Unknown,-1.000
1763835886.7409432,1,Unknown,-1.000
1763835886.8997262,1,Unknown,-1.000
1763835887.0737112,1,Unknown,-1.000
1763835887.233352,1,Unknown,-1.000
1763835887.408263,1,Unknown,-1.000
1763835887.570582,1,Unknown,-1.000
1763835887.7503302,1,Unknown,-1.000
1763835887.9041789,1,Unknown,-1.000
1763835888.077303,1,Unknown,-1.000
1763835888.232394,1,Unknown,-1.000
1763835888.417139,1,Unknown,-1.000
1763835888.5732,1,Unknown,-1.000
1763835888.740502,1,Unknown,-1.000
1763835888.9073322,1,Unknown,-1.000
1763835889.104227,1,Unknown,-1.000
1763835889.286592,1,Unknown,-1.000
1763835889.4467351,1,Unknown,-1.000
1763835889.604287,1,Unknown,-1.000
1763835889.7735522,1,Unknown,-1.000
1763835889.940162,1,Unknown,-1.000
1763835890.09583,1,Unknown,-1.000
timestamp,track_id,name,score
1763836020.838766,1,Unknown,-1.000
1763836021.016799,1,Unknown,-1.000
1763836021.187402,1,Unknown,-1.000
1763836021.3641798,1,Unknown,-1.000
1763836021.522402,1,Unknown,-1.000
1763836021.695594,1,Unknown,-1.000
1763836021.855041,1,Unknown,-1.000
1763836022.0402591,1,Unknown,-1.000
1763836022.192609,1,Unknown,-1.000
1763836022.371948,1,Unknown,-1.000
1763836022.5284321,1,Unknown,-1.000
1763836022.692907,1,Unknown,-1.000
1763836022.86239,1,Unknown,-1.000
1763836023.021749,1,Unknown,-1.000
1763836023.195255,1,Unknown,-1.000
1763836023.360289,1,Unknown,-1.000
1763836023.5408351,1,Unknown,-1.000
1763836023.6971679,1,Unknown,-1.000
1763836023.874691,1,Unknown,-1.000
1763836024.0217469,1,Unknown,-1.000
1763836024.194609,1,Unknown,-1.000
1763836024.3835351,1,Unknown,-1.000
1763836024.5939121,1,Unknown,-1.000
1763836024.833935,1,Unknown,-1.000
1763836025.036523,1,Unknown,-1.000
1763836025.240522,1,Unknown,-1.000
1763836025.4410748,1,Unknown,-1.000
1763836025.633205,1,Unknown,-1.000
1763836025.8407118,1,Unknown,-1.000
1763836026.015291,1,Unknown,-1.000
1763836026.1890712,1,Unknown,-1.000
1763836026.353136,1,Unknown,-1.000
1763836026.511582,1,Unknown,-1.000
1763836026.672533,1,Unknown,-1.000
1763836026.8491552,1,Unknown,-1.000
1763836027.008832,1,Unknown,-1.000
1763836027.1706219,1,Unknown,-1.000
1763836027.359648,1,Unknown,-1.000
1763836027.509383,1,Unknown,-1.000
1763836027.69036,1,Unknown,-1.000
1763836027.850074,1,Unknown,-1.000
1763836028.01555,1,Unknown,-1.000
1763836028.1883361,1,Unknown,-1.000
1763836028.390356,1,Unknown,-1.000
1763836028.555107,1,Unknown,-1.000
1763836028.7179031,1,Unknown,-1.000
1763836028.878256,1,Unknown,-1.000
1763836029.056344,1,Unknown,-1.000
1763836029.212647,1,Unknown,-1.000
1763836029.376132,1,Unknown,-1.000
1763836029.555802,1,Unknown,-1.000
1763836029.71019,1,Unknown,-1.000
1763836029.8796852,1,Unknown,-1.000
1763836030.055775,1,Unknown,-1.000
1763836030.221996,1,Unknown,-1.000
1763836030.3868558,1,Unknown,-1.000
1763836030.556146,1,Unknown,-1.000
timestamp,track_id,name,score
1763836041.90067,1,Unknown,-1.000
1763836042.0741801,1,Unknown,-1.000
1763836042.2267032,1,Unknown,-1.000
1763836042.397961,1,Unknown,-1.000
1763836042.5636601,1,Unknown,-1.000
1763836042.72819,1,Unknown,-1.000
1763836042.8967261,1,Unknown,-1.000
1763836043.0742981,1,Unknown,-1.000
1763836043.2307572,1,Unknown,-1.000
1763836043.409029,1,Unknown,-1.000
1763836043.564327,1,Unknown,-1.000
1763836043.7422562,1,Unknown,-1.000
1763836043.9075809,1,Unknown,-1.000
1763836044.062442,1,Unknown,-1.000
1763836044.2670348,1,Unknown,-1.000
1763836044.474242,1,Unknown,-1.000
1763836044.671541,1,Unknown,-1.000
1763836044.873895,1,Unknown,-1.000
1763836045.074008,1,Unknown,-1.000
1763836045.274844,1,Unknown,-1.000
1763836045.47816,1,Unknown,-1.000
1763836045.690355,1,Unknown,-1.000
1763836045.94,1,Unknown,-1.000
1763836046.293704,1,Unknown,-1.000
1763836046.29371,2,Unknown,-1.000
1763836046.542197,1,Unknown,-1.000
1763836046.77482,1,Unknown,-1.000
1763836046.973939,1,Unknown,-1.000
1763836047.165396,1,Unknown,-1.000
1763836047.358447,1,Unknown,-1.000
1763836047.511719,1,Unknown,-1.000
1763836047.691256,1,Unknown,-1.000
1763836047.847611,1,Unknown,-1.000
1763836048.026753,1,Unknown,-1.000
1763836048.177706,1,Unknown,-1.000
1763836048.361529,1,Unknown,-1.000
1763836048.3615339,3,Unknown,-1.000
1763836048.5575721,1,Unknown,-1.000
1763836048.557578,3,Unknown,-1.000
1763836048.7601652,1,Unknown,-1.000
1763836048.760171,3,Unknown,-1.000
1763836048.9534872,1,Unknown,-1.000
1763836048.953494,3,Unknown,-1.000
1763836049.1604638,1,Unknown,-1.000
1763836049.356006,1,Unknown,-1.000
1763836049.560608,1,Unknown,-1.000
1763836049.754954,1,Unknown,-1.000
1763836049.9613981,1,Unknown,-1.000
1763836050.16516,1,Unknown,-1.000
1763836050.371974,1,Unknown,-1.000
1763836050.5785851,1,Unknown,-1.000
1763836050.5785909,4,Unknown,-1.000
1763836050.818729,1,Unknown,-1.000
1763836050.818736,4,Unknown,-1.000
1763836051.0220008,1,Unknown,-1.000
1763836051.210708,1,Unknown,-1.000
1763836051.414811,1,Unknown,-1.000
1763836051.624877,1,Unknown,-1.000
1763836051.814883,1,Unknown,-1.000
1763836052.027315,1,Unknown,-1.000
1763836052.027322,5,Unknown,-1.000
1763836052.221615,1,Unknown,-1.000
1763836052.4160068,1,Unknown,-1.000
1763836052.4160142,6,Unknown,-1.000
1763836052.615555,1,Unknown,-1.000
1763836052.7933528,1,Unknown,-1.000
1763836052.984576,1,Unknown,-1.000
1763836053.157639,1,Unknown,-1.000
1763836053.313893,1,Unknown,-1.000
1763836053.4907022,1,Unknown,-1.000
1763836053.701995,1,Unknown,-1.000
1763836053.7020018,7,Unknown,-1.000
1763836053.9235,1,Unknown,-1.000
1763836054.11151,1,Unknown,-1.000
1763836054.338132,1,Unknown,-1.000
1763836054.542517,1,Unknown,-1.000
1763836054.708161,1,Unknown,-1.000
1763836054.8748958,1,Unknown,-1.000
1763836055.0787048,1,Unknown,-1.000
1763836055.241546,1,Unknown,-1.000
1763836055.402161,1,Unknown,-1.000
1763836055.57581,1,Unknown,-1.000
1763836055.730221,1,Unknown,-1.000
1763836055.90945,1,Unknown,-1.000
1763836056.064738,1,Unknown,-1.000
1763836056.241677,1,Unknown,-1.000
1763836056.398161,1,Unknown,-1.000
1763836056.575029,1,Unknown,-1.000
1763836056.7323468,1,Unknown,-1.000
1763836056.910205,1,Unknown,-1.000
1763836057.0662022,1,Unknown,-1.000
1763836057.241663,1,Unknown,-1.000
1763836057.439331,1,Unknown,-1.000
1763836057.642696,1,Unknown,-1.000
1763836057.8394802,1,Unknown,-1.000
1763836058.0419142,1,Unknown,-1.000
1763836058.245056,1,Unknown,-1.000
1763836058.443182,1,Unknown,-1.000
1763836058.646552,1,Unknown,-1.000
1763836058.841998,1,Unknown,-1.000
1763836059.0177422,1,Unknown,-1.000
1763836059.191812,1,Unknown,-1.000
1763836059.342497,1,Unknown,-1.000
1763836059.5245829,1,Unknown,-1.000
1763836059.68046,1,Unknown,-1.000
1763836059.8574212,1,Unknown,-1.000
1763836060.023223,1,Unknown,-1.000
1763836060.191455,1,Unknown,-1.000
1763836060.191463,8,Unknown,-1.000
1763836060.356079,1,Unknown,-1.000
1763836060.513552,1,Unknown,-1.000
1763836060.513556,9,Unknown,-1.000
1763836060.675633,1,Unknown,-1.000
1763836060.8580759,1,Unknown,-1.000
1763836061.0406919,1,Unknown,-1.000
1763836061.214832,10,Unknown,-1.000
1763836061.214839,11,Unknown,-1.000
1763836061.392024,10,Unknown,-1.000
1763836061.542934,10,Unknown,-1.000
1763836061.7114382,10,Unknown,-1.000
1763836061.8762062,10,Unknown,-1.000
1763836062.055131,10,Unknown,-1.000
1763836062.2246149,10,Unknown,-1.000
1763836062.3784032,10,Unknown,-1.000
1763836062.557855,10,Unknown,-1.000
1763836063.1439722,12,Unknown,-1.000
1763836063.376451,12,Unknown,-1.000
1763836063.62727,12,Unknown,-1.000
1763836063.861452,12,Unknown,-1.000
1763836064.110394,12,Unknown,-1.000
1763836064.3428411,12,Unknown,-1.000
1763836064.5785441,12,Unknown,-1.000
1763836064.8247302,12,Unknown,-1.000
1763836065.062117,12,Unknown,-1.000
1763836065.3222148,12,Unknown,-1.000
1763836065.5359948,12,Unknown,-1.000
1763836065.7808561,12,Unknown,-1.000
1763836066.0229151,12,Unknown,-1.000
1763836066.273232,12,Unknown,-1.000
1763836066.5118852,12,Unknown,-1.000
1763836066.7568982,12,Unknown,-1.000
1763836066.989429,12,Unknown,-1.000
1763836067.238705,12,Unknown,-1.000
1763836067.468566,12,Unknown,-1.000
1763836067.7215612,12,Unknown,-1.000
1763836067.9494789,12,Unknown,-1.000
1763836068.204034,12,Unknown,-1.000
1763836068.430259,12,Unknown,-1.000
timestamp,track_id,name,score
1763837408.59468,1,Unknown,-1.000
1763837408.831605,1,Unknown,-1.000
1763837409.078335,1,Unknown,-1.000
1763837409.317583,1,Unknown,-1.000
1763837409.544804,1,Unknown,-1.000
1763837409.731039,1,Unknown,-1.000
1763837409.942902,1,Unknown,-1.000
1763837410.144732,1,Unknown,-1.000
1763837410.342046,1,Unknown,-1.000
1763837410.554281,1,Unknown,-1.000
1763837410.7560608,1,Unknown,-1.000
1763837410.9519942,1,Unknown,-1.000
1763837411.156352,1,Unknown,-1.000
1763837411.312458,1,Unknown,-1.000
1763837411.57477,1,Unknown,-1.000
1763837411.574775,2,Unknown,-1.000
1763837411.75651,1,Unknown,-1.000
1763837411.915682,1,Unknown,-1.000
1763837412.090509,1,Unknown,-1.000
1763837412.239893,1,Unknown,-1.000
1763837412.423245,1,Unknown,-1.000
1763837412.586016,1,Unknown,-1.000
1763837412.755585,1,Unknown,-1.000
1763837412.903054,1,Unknown,-1.000
1763837413.077049,1,Unknown,-1.000
1763837413.237918,1,Unknown,-1.000
1763837413.409358,1,Unknown,-1.000
1763837413.572999,1,Unknown,-1.000
1763837413.7444081,1,Unknown,-1.000
1763837413.90551,1,Unknown,-1.000
1763837414.089267,1,Unknown,-1.000
1763837414.2528808,1,Unknown,-1.000
1763837414.419758,1,Unknown,-1.000
1763837414.578048,1,Unknown,-1.000
1763837414.7402618,1,Unknown,-1.000
1763837414.919957,1,Unknown,-1.000
1763837415.077813,1,Unknown,-1.000
1763837415.241825,1,Unknown,-1.000
1763837415.424533,1,Unknown,-1.000
1763837415.575419,1,Unknown,-1.000
1763837415.755554,1,Unknown,-1.000
1763837415.912093,1,Unknown,-1.000
1763837416.091051,1,Unknown,-1.000
1763837416.2431612,1,Unknown,-1.000
1763837416.421848,1,Unknown,-1.000
1763837416.578511,1,Unknown,-1.000
1763837416.756054,1,Unknown,-1.000
1763837416.911584,1,Unknown,-1.000
1763837417.089143,1,Unknown,-1.000
1763837417.248283,1,Unknown,-1.000
1763837417.4217181,1,Unknown,-1.000
1763837417.587978,1,Unknown,-1.000
1763837417.7422872,1,Unknown,-1.000
1763837417.925526,1,Unknown,-1.000
1763837418.0757499,1,Unknown,-1.000
1763837418.254487,1,Unknown,-1.000
1763837418.420637,1,Unknown,-1.000
1763837418.573535,1,Unknown,-1.000
1763837418.7441459,1,Unknown,-1.000
1763837418.9120378,1,Unknown,-1.000
1763837419.089612,1,Unknown,-1.000
1763837419.2416372,1,Unknown,-1.000
1763837419.42266,1,Unknown,-1.000
1763837419.572691,1,Unknown,-1.000
1763837419.742005,1,Unknown,-1.000
1763837419.914879,1,Unknown,-1.000
1763837420.1741529,1,Unknown,-1.000
1763837420.355293,1,Unknown,-1.000
1763837420.519021,1,Unknown,-1.000
1763837420.7208488,1,Unknown,-1.000
1763837420.915464,1,Unknown,-1.000
1763837421.116641,1,Unknown,-1.000
1763837421.3738098,1,Unknown,-1.000
1763837421.607032,1,Unknown,-1.000
1763837421.8460648,1,Unknown,-1.000
1763837422.0966568,1,Unknown,-1.000
1763837422.3390489,1,Unknown,-1.000
1763837422.562745,1,Unknown,-1.000
1763837422.808212,1,Unknown,-1.000
1763837423.047959,1,Unknown,-1.000
1763837423.280571,1,Unknown,-1.000
1763837423.526062,1,Unknown,-1.000
1763837423.7672331,1,Unknown,-1.000
1763837424.0061598,1,Unknown,-1.000
1763837424.253515,1,Unknown,-1.000
1763837424.489872,1,Unknown,-1.000
1763837424.7405171,1,Unknown,-1.000
1763837424.976715,1,Unknown,-1.000
1763837425.211838,1,Unknown,-1.000
1763837425.4516191,1,Unknown,-1.000
1763837425.68865,1,Unknown,-1.000
1763837434.370044,3,Unknown,-1.000
1763837434.595449,3,Unknown,-1.000
1763837434.84048,3,Unknown,-1.000
1763837435.080866,3,Unknown,-1.000
1763837435.3244102,3,Unknown,-1.000
1763837435.561506,3,Unknown,-1.000
1763837435.807194,3,Unknown,-1.000
1763837436.0569248,3,Unknown,-1.000
1763837436.274799,3,Unknown,-1.000
1763837436.522177,3,Unknown,-1.000
1763837436.771281,3,Unknown,-1.000
1763837437.0080159,3,Unknown,-1.000
1763837437.50547,3,Unknown,-1.000
1763837437.735757,3,Unknown,-1.000
1763837437.9675179,3,Unknown,-1.000
1763837438.218066,3,Unknown,-1.000
1763837438.4523678,3,Unknown,-1.000
1763837438.7014241,3,Unknown,-1.000
1763837438.930495,3,Unknown,-1.000
1763837439.180543,3,Unknown,-1.000
1763837439.422001,3,Unknown,-1.000
1763837439.6527119,3,Unknown,-1.000
1763837439.904929,3,Unknown,-1.000
1763837440.134953,3,Unknown,-1.000
1763837440.375672,3,Unknown,-1.000
1763837440.6180968,3,Unknown,-1.000
1763837440.856158,3,Unknown,-1.000
1763837441.102837,3,Unknown,-1.000
1763837441.359861,3,Unknown,-1.000
1763837441.566405,3,Unknown,-1.000
1763837441.824967,3,Unknown,-1.000
1763837442.05679,3,Unknown,-1.000
1763837444.942531,4,Unknown,-1.000
1763837445.193517,4,Unknown,-1.000
1763837445.4298959,4,Unknown,-1.000
1763837445.674297,4,Unknown,-1.000
1763837445.904238,4,Unknown,-1.000
1763837446.15838,4,Unknown,-1.000
1763837446.3911848,4,Unknown,-1.000
1763837446.633437,4,Unknown,-1.000
1763837446.8821561,4,Unknown,-1.000
1763837447.1216981,4,Unknown,-1.000
1763837447.357711,4,Unknown,-1.000
1763837447.599831,4,Unknown,-1.000
1763837447.834809,4,Unknown,-1.000
1763837448.084602,4,Unknown,-1.000
1763837448.3232691,4,Unknown,-1.000
1763837449.288652,5,Unknown,-1.000
1763837449.5206468,5,Unknown,-1.000
timestamp,track_id,name,score
1763879490.823736,1,Unknown,-1.000
1763879491.018995,1,Unknown,-1.000
1763879491.1705759,1,Unknown,-1.000
1763879491.343738,1,Unknown,-1.000
1763879491.4975722,1,Unknown,-1.000
1763879491.662872,1,Unknown,-1.000
1763879491.830494,1,Unknown,-1.000
1763879492.0097191,1,Unknown,-1.000
1763879492.165215,1,Unknown,-1.000
1763879492.343733,1,Unknown,-1.000
1763879492.4988391,1,Unknown,-1.000
1763879492.677144,1,Unknown,-1.000
1763879492.831171,1,Unknown,-1.000
1763879493.0115452,1,Unknown,-1.000
1763879493.1632671,1,Unknown,-1.000
1763879493.345545,1,Unknown,-1.000
1763879493.49612,1,Unknown,-1.000
1763879493.6787899,1,Unknown,-1.000
1763879493.830608,1,Unknown,-1.000
1763879494.008207,1,Unknown,-1.000
1763879494.164476,1,Unknown,-1.000
1763879494.333389,1,Unknown,-1.000
1763879494.510198,1,Unknown,-1.000
1763879494.6667142,1,Unknown,-1.000
1763879494.840897,1,Unknown,-1.000
1763879495.008915,1,Unknown,-1.000
1763879495.1675992,1,Unknown,-1.000
1763879495.343634,1,Unknown,-1.000
1763879495.501813,1,Unknown,-1.000
1763879495.66634,1,Unknown,-1.000
1763879495.829566,1,Unknown,-1.000
1763879496.0104399,1,Unknown,-1.000
1763879496.219379,1,Unknown,-1.000
1763879496.420233,1,Unknown,-1.000
1763879496.627137,1,Unknown,-1.000
1763879496.8138041,1,Unknown,-1.000
1763879497.021847,1,Unknown,-1.000
1763879497.214717,1,Unknown,-1.000
1763879497.363848,1,Unknown,-1.000
1763879497.541444,1,Unknown,-1.000
1763879497.708193,1,Unknown,-1.000
1763879497.862933,1,Unknown,-1.000
1763879498.042401,1,Unknown,-1.000
1763879498.208655,1,Unknown,-1.000
1763879498.365016,1,Unknown,-1.000
1763879498.543396,1,Unknown,-1.000
1763879498.691436,1,Unknown,-1.000
1763879498.876778,1,Unknown,-1.000
1763879499.02809,1,Unknown,-1.000
1763879499.210289,1,Unknown,-1.000
1763879499.362612,1,Unknown,-1.000
1763879499.543673,1,Unknown,-1.000
1763879499.698206,1,Unknown,-1.000
1763879499.876786,1,Unknown,-1.000
1763879500.027023,1,Unknown,-1.000
1763879500.208503,1,Unknown,-1.000
1763879500.3682828,1,Unknown,-1.000
1763879500.544279,1,Unknown,-1.000
1763879500.707875,1,Unknown,-1.000
1763879500.864755,1,Unknown,-1.000
1763879501.045175,1,Unknown,-1.000
1763879501.207375,1,Unknown,-1.000
1763879501.3629818,1,Unknown,-1.000
1763879501.5304189,1,Unknown,-1.000
1763879501.697021,1,Unknown,-1.000
1763879501.8622148,1,Unknown,-1.000
1763879502.041725,1,Unknown,-1.000
1763879502.190627,1,Unknown,-1.000
1763879502.375278,1,Unknown,-1.000
1763879502.534384,1,Unknown,-1.000
1763879502.71039,1,Unknown,-1.000
1763879502.8636951,1,Unknown,-1.000
1763879503.037457,1,Unknown,-1.000
1763879503.2094028,1,Unknown,-1.000
1763879503.376517,1,Unknown,-1.000
1763879503.541901,1,Unknown,-1.000
1763879503.693417,1,Unknown,-1.000
1763879503.873941,1,Unknown,-1.000
1763879504.040034,1,Unknown,-1.000
1763879504.210156,1,Unknown,-1.000
1763879504.357986,1,Unknown,-1.000
1763879504.542347,1,Unknown,-1.000
1763879504.7083058,1,Unknown,-1.000
1763879504.871455,1,Unknown,-1.000
1763879505.0485241,1,Unknown,-1.000
1763879505.219362,1,Unknown,-1.000
1763879505.388681,1,Unknown,-1.000
1763879505.543275,1,Unknown,-1.000
1763879505.7197518,1,Unknown,-1.000
1763879505.918217,1,Unknown,-1.000
1763879506.0756328,1,Unknown,-1.000
1763879506.234196,1,Unknown,-1.000
1763879506.3971379,1,Unknown,-1.000
1763879506.5674639,1,Unknown,-1.000
1763879506.7421389,1,Unknown,-1.000
timestamp,track_id,name,score
1763879532.0565178,1,Unknown,-1.000
1763879532.2207959,1,Unknown,-1.000
1763879532.386712,1,Unknown,-1.000
1763879532.550594,1,Unknown,-1.000
1763879532.680722,1,Unknown,-1.000
1763879532.809193,1,Unknown,-1.000
1763879532.942073,1,Unknown,-1.000
1763879533.074031,1,Unknown,-1.000
1763879533.20946,1,Unknown,-1.000
1763879533.345566,1,Unknown,-1.000
1763879533.484937,1,Unknown,-1.000
1763879533.616193,1,Unknown,-1.000
1763879533.7495492,1,Unknown,-1.000
1763879533.885638,1,Unknown,-1.000
1763879534.016256,1,Unknown,-1.000
1763879534.1796522,1,Unknown,-1.000
1763879534.3398001,1,Unknown,-1.000
1763879534.501732,1,Unknown,-1.000
1763879534.697831,1,Unknown,-1.000
1763879534.8982668,1,Unknown,-1.000
1763879535.1064372,1,Unknown,-1.000
1763879535.308956,1,Unknown,-1.000
1763879535.4633758,1,Unknown,-1.000
1763879535.621755,1,Unknown,-1.000
1763879535.771327,1,Unknown,-1.000
1763879535.906188,1,Unknown,-1.000
1763879536.042264,1,Unknown,-1.000
1763879536.174217,1,Unknown,-1.000
1763879536.305697,1,Unknown,-1.000
1763879536.440402,1,Unknown,-1.000
1763879536.572103,1,Unknown,-1.000
1763879536.705021,1,Unknown,-1.000
1763879536.840183,1,Unknown,-1.000
1763879536.972878,1,Unknown,-1.000
1763879537.1031702,1,Unknown,-1.000
1763879537.235913,1,Unknown,-1.000
1763879537.370514,1,Unknown,-1.000
1763879537.5077,1,Unknown,-1.000
1763879537.642027,1,Unknown,-1.000
1763879537.776063,1,Unknown,-1.000
1763879537.916787,1,Unknown,-1.000
1763879538.072287,1,Unknown,-1.000
1763879538.222925,1,Unknown,-1.000
1763879538.36863,1,Unknown,-1.000
1763879538.509063,1,Unknown,-1.000
1763879538.641818,1,Unknown,-1.000
1763879538.7716238,1,Unknown,-1.000
1763879538.911583,1,Unknown,-1.000
1763879539.0368671,1,Unknown,-1.000
1763879539.171644,1,Unknown,-1.000
1763879539.307383,1,Unknown,-1.000
1763879539.439991,1,Unknown,-1.000
1763879539.5706701,1,Unknown,-1.000
1763879539.706948,1,Unknown,-1.000
1763879539.84224,1,Unknown,-1.000
1763879539.9712288,1,Unknown,-1.000
1763879540.105218,1,Unknown,-1.000
1763879540.241054,1,Unknown,-1.000
1763879540.3740952,1,Unknown,-1.000
1763879540.5034912,1,Unknown,-1.000
1763879540.6379468,1,Unknown,-1.000
1763879540.7738051,1,Unknown,-1.000
1763879540.909761,1,Unknown,-1.000
1763879541.0384629,1,Unknown,-1.000
1763879541.170927,1,Unknown,-1.000
1763879541.304381,1,Unknown,-1.000
timestamp,track_id,name,score
1763879617.9236312,1,Unknown,-1.000
1763879618.086827,1,Unknown,-1.000
1763879618.231321,1,Unknown,-1.000
1763879618.4150069,1,Unknown,-1.000
1763879618.572144,1,Unknown,-1.000
1763879618.7452521,1,Unknown,-1.000
1763879618.9080808,1,Unknown,-1.000
1763879619.076561,1,Unknown,-1.000
1763879619.2397509,1,Unknown,-1.000
1763879619.4121878,1,Unknown,-1.000
1763879619.571661,1,Unknown,-1.000
1763879619.7457201,1,Unknown,-1.000
1763879619.908847,1,Unknown,-1.000
1763879620.079065,1,Unknown,-1.000
1763879620.240319,1,Unknown,-1.000
1763879620.4199522,1,Unknown,-1.000
1763879620.578621,1,Unknown,-1.000
1763879620.739533,1,Unknown,-1.000
1763879620.912534,1,Unknown,-1.000
1763879621.071699,1,Unknown,-1.000
1763879621.245383,1,Unknown,-1.000
1763879621.404979,1,Unknown,-1.000
1763879621.578581,1,Unknown,-1.000
1763879621.7414389,1,Unknown,-1.000
1763879621.9120839,1,Unknown,-1.000
1763879622.072837,1,Unknown,-1.000
1763879622.24462,1,Unknown,-1.000
1763879622.40397,1,Unknown,-1.000
1763879622.578184,1,Unknown,-1.000
1763879622.7416341,1,Unknown,-1.000
1763879622.912224,1,Unknown,-1.000
1763879623.074152,1,Unknown,-1.000
1763879623.255708,1,Unknown,-1.000
1763879623.410611,1,Unknown,-1.000
1763879623.570812,1,Unknown,-1.000
1763879623.745257,1,Unknown,-1.000
1763879623.904612,1,Unknown,-1.000
1763879624.076734,1,Unknown,-1.000
1763879624.253561,1,Unknown,-1.000
1763879624.412968,1,Unknown,-1.000
1763879624.589333,1,Unknown,-1.000
1763879624.75696,1,Unknown,-1.000
1763879624.918802,1,Unknown,-1.000
1763879625.087968,1,Unknown,-1.000
1763879625.287626,1,Unknown,-1.000
1763879625.470953,1,Unknown,-1.000
1763879625.6410291,1,Unknown,-1.000
1763879625.820361,1,Unknown,-1.000
1763879625.977211,1,Unknown,-1.000
1763879626.156696,1,Unknown,-1.000
1763879626.310386,1,Unknown,-1.000
timestamp,track_id,name,score
1763879703.5037959,1,Unknown,-1.000
1763879703.7021902,1,Unknown,-1.000
1763879703.868717,1,Unknown,-1.000
1763879704.045232,1,Unknown,-1.000
1763879704.192847,1,Unknown,-1.000
1763879704.373675,1,Unknown,-1.000
1763879704.525822,1,Unknown,-1.000
1763879704.708457,1,Unknown,-1.000
1763879704.8627908,1,Unknown,-1.000
1763879705.0413928,1,Unknown,-1.000
1763879705.197227,1,Unknown,-1.000
1763879705.37572,1,Unknown,-1.000
1763879705.525462,1,Unknown,-1.000
1763879705.7078059,1,Unknown,-1.000
1763879705.8611782,1,Unknown,-1.000
1763879706.0286012,1,Unknown,-1.000
1763879706.1968188,1,Unknown,-1.000
1763879706.374441,1,Unknown,-1.000
1763879706.532344,1,Unknown,-1.000
1763879706.7112901,1,Unknown,-1.000
1763879706.863465,1,Unknown,-1.000
1763879707.04027,1,Unknown,-1.000
1763879707.283602,1,Unknown,-1.000
1763879707.283608,2,Unknown,-1.000
1763879707.437758,1,Unknown,-1.000
1763879707.61342,1,Unknown,-1.000
1763879707.758353,1,Unknown,-1.000
1763879707.965618,1,Unknown,-1.000
1763879708.1631901,1,Unknown,-1.000
1763879708.163197,3,Unknown,-1.000
1763879708.3725362,1,Unknown,-1.000
1763879708.5404959,1,Unknown,-1.000
1763879708.722423,1,Unknown,-1.000
1763879708.8765628,1,Unknown,-1.000
1763879709.041569,1,Unknown,-1.000
1763879709.194092,1,Unknown,-1.000
1763879709.363472,1,Unknown,-1.000
1763879709.541059,1,Unknown,-1.000
1763879709.697064,1,Unknown,-1.000
timestamp,track_id,name,score
1763880082.576473,1,Koushik,0.832
1763880082.7660291,1,Koushik,0.832
1763880082.931662,1,Koushik,0.832
1763880083.102109,1,Koushik,0.832
1763880083.2583559,1,Koushik,0.832
1763880083.437195,1,Koushik,0.832
1763880083.600183,1,Koushik,0.832
1763880083.769145,1,Koushik,0.832
1763880083.9231648,1,Koushik,0.832
1763880084.105645,1,Koushik,0.832
1763880084.263608,1,Koushik,0.832
1763880084.439544,1,Koushik,0.832
1763880084.6017432,1,Koushik,0.832
1763880084.773101,1,Koushik,0.832
1763880084.930059,1,Koushik,0.832
1763880085.119227,1,Koushik,0.832
1763880085.2691069,1,Koushik,0.832
1763880085.440777,1,Koushik,0.832
1763880085.600585,1,Koushik,0.832
1763880085.7726521,1,Koushik,0.832
1763880085.9380422,1,Koushik,0.832
1763880086.0989819,1,Koushik,0.832
1763880086.270419,1,Koushik,0.832
1763880086.433177,1,Koushik,0.832
1763880087.505586,2,Koushik,0.917
1763880087.658396,2,Koushik,0.917
1763880087.8407319,2,Koushik,0.917
1763880087.999035,2,Koushik,0.917
1763880088.1728268,2,Koushik,0.917
1763880088.330914,2,Koushik,0.917
1763880088.5058692,2,Koushik,0.917
1763880088.683865,2,Koushik,0.917
1763880088.867124,2,Koushik,0.917
1763880089.023776,2,Koushik,0.917
1763880089.186878,2,Koushik,0.917
1763880089.356711,2,Koushik,0.917
1763880089.54176,2,Koushik,0.917
1763880089.7050822,2,Koushik,0.917
1763880089.865203,2,Koushik,0.917
1763880090.0366058,2,Koushik,0.917
1763880090.2059462,2,Koushik,0.917
1763880090.357924,2,Koushik,0.917
1763880090.538341,2,Koushik,0.917
1763880090.6956558,2,Koushik,0.917
1763880090.944577,2,Koushik,0.917
1763880090.9445891,3,Unknown,0.225
1763880091.0918038,2,Koushik,0.917
1763880091.262501,2,Koushik,0.917
1763880091.437669,2,Koushik,0.917
1763880091.59472,2,Koushik,0.917
1763880091.772968,2,Koushik,0.917
1763880091.921608,2,Koushik,0.917
1763880093.923404,4,Unknown,0.175
1763880094.073814,4,Koushik,0.837
1763880094.2531111,4,Koushik,0.837
1763880094.4204822,4,Koushik,0.837
1763880094.575727,4,Koushik,0.837
1763880094.756205,4,Koushik,0.837
1763880094.9061859,4,Koushik,0.837
1763880095.068089,4,Koushik,0.837
1763880095.239902,4,Koushik,0.837
1763880095.3976471,4,Koushik,0.837
1763880095.587211,4,Koushik,0.837
1763880095.7474492,4,Koushik,0.837
1763880095.917516,4,Koushik,0.837
1763880096.074608,4,Koushik,0.837
1763880096.242188,4,Koushik,0.837
1763880096.421907,4,Koushik,0.837
1763880096.57507,4,Koushik,0.837
1763880096.7418969,4,Koushik,0.837
1763880096.921629,4,Koushik,0.837
1763880097.076022,4,Koushik,0.837
1763880097.254548,4,Koushik,0.837
1763880097.4230871,4,Koushik,0.837
1763880097.5857909,4,Koushik,0.837
1763880097.754774,4,Koushik,0.837
1763880097.917635,4,Koushik,0.837
1763880098.0881548,4,Koushik,0.837
1763880098.244135,4,Koushik,0.837
1763880098.421535,4,Koushik,0.837
1763880098.579077,4,Koushik,0.837
1763880098.752788,4,Koushik,0.837
1763880098.9241128,4,Koushik,0.837
1763880099.084369,4,Koushik,0.837
1763880099.2560692,4,Koushik,0.837
1763880099.4110138,4,Koushik,0.837
1763880099.575341,4,Koushik,0.837
1763880099.7434502,4,Koushik,0.837
1763880099.921707,4,Koushik,0.837
1763880100.0756009,4,Koushik,0.837
1763880100.2556329,4,Koushik,0.837
1763880100.4097311,4,Koushik,0.837
1763880100.5871449,4,Koushik,0.837
1763880100.764172,4,Koushik,0.837
1763880100.940546,4,Koushik,0.837
1763880101.0989928,4,Koushik,0.837
1763880101.2816389,4,Koushik,0.837
1763880101.451433,4,Koushik,0.837
1763880101.623013,4,Koushik,0.837
1763880101.779427,4,Koushik,0.837
1763880101.951753,4,Koushik,0.837
1763880102.120022,4,Koushik,0.837
1763880102.2848861,4,Koushik,0.837
1763880102.4562318,4,Koushik,0.837
1763880102.614254,4,Koushik,0.837
1763880102.784866,4,Koushik,0.837
1763880102.9555671,4,Koushik,0.837
1763880103.1145139,4,Koushik,0.837
1763880103.28729,4,Koushik,0.837
1763880103.442111,4,Koushik,0.837
1763880103.623605,4,Koushik,0.837
1763880103.7697291,4,Koushik,0.837
1763880103.942121,4,Koushik,0.837
1763880104.109598,4,Koushik,0.837
1763880104.291202,4,Koushik,0.837
1763880104.4440541,4,Koushik,0.837
1763880104.621632,4,Koushik,0.837
1763880104.780185,4,Koushik,0.837
1763880104.956204,4,Koushik,0.837
1763880105.104712,4,Koushik,0.837
1763880105.29305,4,Koushik,0.837
1763880105.4517188,4,Koushik,0.837
1763880105.629357,4,Koushik,0.837
1763880105.783655,4,Koushik,0.837
1763880105.94867,4,Koushik,0.837
1763880106.134448,4,Koushik,0.837
1763880106.288606,4,Koushik,0.837
1763880106.458535,4,Koushik,0.837
1763880106.655221,4,Koushik,0.837
1763880106.83472,4,Koushik,0.837
1763880107.0191739,4,Koushik,0.837
1763880107.173864,4,Koushik,0.837
timestamp,track_id,name,score
1763880183.199959,1,Koushik,0.897
1763880183.199969,2,Dr. P. Shyama Raju,0.706
1763880183.4131808,1,Koushik,0.897
1763880183.413188,2,Dr. P. Shyama Raju,0.706
1763880183.603507,1,Koushik,0.897
1763880183.603512,3,Dr. P. Shyama Raju,0.610
1763880183.7597172,4,Unknown,0.203
1763880183.7597241,5,Dr. P. Shyama Raju,0.629
1763880184.0069,5,Dr. P. Shyama Raju,0.629
1763880184.176625,5,Dr. P. Shyama Raju,0.629
1763880184.3478231,5,Dr. P. Shyama Raju,0.629
1763880184.5120451,5,Dr. P. Shyama Raju,0.629
1763880184.6856608,5,Dr. P. Shyama Raju,0.629
1763880184.8374999,5,Dr. P. Shyama Raju,0.629
1763880185.007688,5,Dr. P. Shyama Raju,0.629
1763880185.175819,5,Dr. P. Shyama Raju,0.629
1763880185.337675,5,Dr. P. Shyama Raju,0.629
1763880185.520766,5,Dr. P. Shyama Raju,0.629
1763880185.6714282,5,Dr. P. Shyama Raju,0.629
1763880185.8432798,5,Dr. P. Shyama Raju,0.629
1763880186.005756,5,Dr. P. Shyama Raju,0.629
1763880186.18646,5,Dr. P. Shyama Raju,0.629
1763880186.342057,5,Dr. P. Shyama Raju,0.629
1763880186.507276,5,Dr. P. Shyama Raju,0.629
1763880186.675661,5,Dr. P. Shyama Raju,0.629
1763880186.83854,5,Dr. P. Shyama Raju,0.629
1763880187.018757,5,Dr. P. Shyama Raju,0.629
1763880187.175722,5,Dr. P. Shyama Raju,0.629
1763880187.336587,5,Dr. P. Shyama Raju,0.629
1763880187.520155,5,Dr. P. Shyama Raju,0.629
1763880187.675361,5,Dr. P. Shyama Raju,0.629
1763880187.838915,5,Dr. P. Shyama Raju,0.629
1763880188.021224,5,Dr. P. Shyama Raju,0.629
1763880188.174859,5,Dr. P. Shyama Raju,0.629
1763880188.338772,5,Dr. P. Shyama Raju,0.629
1763880188.520959,5,Dr. P. Shyama Raju,0.629
1763880188.676419,5,Dr. P. Shyama Raju,0.629
1763880188.854409,5,Dr. P. Shyama Raju,0.629
1763880189.008144,5,Dr. P. Shyama Raju,0.629
1763880189.1878421,5,Dr. P. Shyama Raju,0.629
1763880189.356925,5,Dr. P. Shyama Raju,0.629
1763880189.5055418,5,Dr. P. Shyama Raju,0.629
1763880189.662025,5,Dr. P. Shyama Raju,0.629
1763880189.803377,5,Dr. P. Shyama Raju,0.629
1763880189.9624,5,Dr. P. Shyama Raju,0.629
1763880190.12193,5,Dr. P. Shyama Raju,0.629
1763880190.269546,5,Dr. P. Shyama Raju,0.629
1763880190.44107,5,Dr. P. Shyama Raju,0.629
1763880190.6067991,5,Dr. P. Shyama Raju,0.629
1763880190.774629,5,Dr. P. Shyama Raju,0.629
1763880190.930262,5,Dr. P. Shyama Raju,0.629
1763880191.074807,5,Dr. P. Shyama Raju,0.629
1763880191.241573,5,Dr. P. Shyama Raju,0.629
1763880191.401864,5,Dr. P. Shyama Raju,0.629
1763880191.583843,5,Dr. P. Shyama Raju,0.629
1763880191.753462,5,Dr. P. Shyama Raju,0.629
1763880191.9063199,5,Dr. P. Shyama Raju,0.629
1763880192.087669,5,Dr. P. Shyama Raju,0.629
1763880192.2391858,5,Dr. P. Shyama Raju,0.629
1763880192.419963,5,Dr. P. Shyama Raju,0.629
1763880192.573466,5,Dr. P. Shyama Raju,0.629
1763880192.744122,5,Dr. P. Shyama Raju,0.629
1763880192.9051552,5,Dr. P. Shyama Raju,0.629
1763880193.074752,5,Dr. P. Shyama Raju,0.629
1763880193.241788,5,Dr. P. Shyama Raju,0.629
1763880193.4107761,5,Dr. P. Shyama Raju,0.629
1763880193.578291,5,Dr. P. Shyama Raju,0.629
1763880193.752624,5,Dr. P. Shyama Raju,0.629
1763880193.919223,5,Dr. P. Shyama Raju,0.629
1763880194.087896,5,Dr. P. Shyama Raju,0.629
1763880194.2402408,5,Dr. P. Shyama Raju,0.629
1763880194.420973,5,Dr. P. Shyama Raju,0.629
1763880194.588183,5,Dr. P. Shyama Raju,0.629
1763880194.7365708,5,Dr. P. Shyama Raju,0.629
1763880194.914724,5,Dr. P. Shyama Raju,0.629
1763880195.0886521,5,Dr. P. Shyama Raju,0.629
1763880195.2564852,5,Dr. P. Shyama Raju,0.629
1763880195.420815,6,Unknown,0.431
1763880195.578033,6,Koushik,0.679
1763880195.725593,6,Koushik,0.679
1763880195.887609,6,Koushik,0.679
1763880196.058593,6,Koushik,0.679
1763880196.218265,6,Koushik,0.679
1763880196.413578,6,Koushik,0.679
1763880196.57253,6,Koushik,0.679
1763880196.732966,6,Koushik,0.679
1763880196.905231,6,Koushik,0.679
1763880197.065411,6,Koushik,0.679
1763880197.238296,6,Koushik,0.679
1763880197.4010592,6,Koushik,0.679
1763880197.573386,6,Koushik,0.679
1763880197.725535,6,Koushik,0.679
1763880197.905348,6,Koushik,0.679
1763880198.064812,6,Koushik,0.679
1763880198.240015,6,Koushik,0.679
1763880198.395993,6,Koushik,0.679
1763880198.5695648,6,Koushik,0.679
1763880202.671923,7,Unknown,0.329
1763880202.861418,7,Koushik,0.771
1763880203.0381389,7,Koushik,0.771
1763880203.193106,7,Koushik,0.771
1763880203.504168,7,Koushik,0.771
1763880203.6732328,7,Koushik,0.771
1763880203.8367848,7,Koushik,0.771
1763880204.007062,7,Koushik,0.771
1763880204.5765078,8,Koushik,0.670
1763880204.740766,8,Koushik,0.670
1763880204.9214232,8,Koushik,0.670
1763880205.084203,8,Koushik,0.670
1763880206.470104,9,Unknown,0.357
1763880207.0348,10,Koushik,0.681
1763880207.215306,10,Koushik,0.681
1763880207.376477,10,Koushik,0.681
1763880207.537599,10,Koushik,0.681
1763880207.7092822,10,Koushik,0.681
1763880207.873591,10,Koushik,0.681
1763880208.053492,10,Koushik,0.681
1763880208.2178612,10,Koushik,0.681
1763880209.506807,11,Unknown,0.256
1763880209.506815,12,Dr. P. Shyama Raju,0.747
1763880209.668654,12,Dr. P. Shyama Raju,0.747
1763880209.83795,12,Dr. P. Shyama Raju,0.747
1763880209.998372,12,Dr. P. Shyama Raju,0.747
1763880210.1342468,12,Dr. P. Shyama Raju,0.747
1763880210.320791,12,Dr. P. Shyama Raju,0.747
1763880210.473261,12,Dr. P. Shyama Raju,0.747
1763880210.6454558,12,Dr. P. Shyama Raju,0.747
1763880210.820885,12,Dr. P. Shyama Raju,0.747
1763880210.973726,12,Dr. P. Shyama Raju,0.747
1763880211.151927,12,Dr. P. Shyama Raju,0.747
1763880211.320631,12,Dr. P. Shyama Raju,0.747
1763880211.478017,12,Dr. P. Shyama Raju,0.747
1763880211.6541271,12,Dr. P. Shyama Raju,0.747
1763880211.808727,12,Dr. P. Shyama Raju,0.747
1763880211.989353,12,Dr. P. Shyama Raju,0.747
1763880212.1525528,12,Dr. P. Shyama Raju,0.747
1763880212.320769,12,Dr. P. Shyama Raju,0.747
1763880212.4746602,12,Dr. P. Shyama Raju,0.747
1763880212.654513,12,Dr. P. Shyama Raju,0.747
1763880212.808745,12,Dr. P. Shyama Raju,0.747
1763880212.9881432,12,Dr. P. Shyama Raju,0.747
1763880213.141548,12,Dr. P. Shyama Raju,0.747
1763880213.322179,12,Dr. P. Shyama Raju,0.747
1763880213.474102,12,Dr. P. Shyama Raju,0.747
1763880213.654848,12,Dr. P. Shyama Raju,0.747
1763880213.807853,12,Dr. P. Shyama Raju,0.747
1763880213.988698,12,Dr. P. Shyama Raju,0.747
1763880214.1385002,12,Dr. P. Shyama Raju,0.747
1763880214.320739,12,Dr. P. Shyama Raju,0.747
1763880214.471859,12,Dr. P. Shyama Raju,0.747
1763880214.645462,13,Dr. P. Shyama Raju,0.802
1763880215.657546,14,Koushik,0.848
1763880215.6575592,15,Unknown,0.500
1763880215.842311,16,Dr. P. Shyama Raju,0.703
1763880216.0074618,16,Dr. P. Shyama Raju,0.703
1763880216.170044,16,Dr. P. Shyama Raju,0.703
1763880216.3072782,16,Dr. P. Shyama Raju,0.703
1763880216.487531,16,Dr. P. Shyama Raju,0.703
1763880216.6585338,16,Dr. P. Shyama Raju,0.703
1763880216.839766,16,Dr. P. Shyama Raju,0.703
1763880217.0224519,16,Dr. P. Shyama Raju,0.703
1763880217.1786292,16,Dr. P. Shyama Raju,0.703
1763880217.355245,16,Dr. P. Shyama Raju,0.703
1763880217.512247,16,Dr. P. Shyama Raju,0.703
1763880217.687416,16,Dr. P. Shyama Raju,0.703
1763880217.8545432,16,Dr. P. Shyama Raju,0.703
1763880218.0147772,16,Dr. P. Shyama Raju,0.703
1763880218.190474,16,Dr. P. Shyama Raju,0.703
1763880218.350846,16,Dr. P. Shyama Raju,0.703
1763880218.52437,16,Dr. P. Shyama Raju,0.703
1763880218.6818209,16,Dr. P. Shyama Raju,0.703
1763880218.855943,16,Dr. P. Shyama Raju,0.703
1763880219.016011,16,Dr. P. Shyama Raju,0.703
1763880219.1910028,16,Dr. P. Shyama Raju,0.703
1763880219.350243,16,Dr. P. Shyama Raju,0.703
1763880219.523794,16,Dr. P. Shyama Raju,0.703
1763880219.683257,16,Dr. P. Shyama Raju,0.703
1763880219.847418,16,Dr. P. Shyama Raju,0.703
1763880220.0183659,16,Dr. P. Shyama Raju,0.703
1763880220.1908321,16,Dr. P. Shyama Raju,0.703
1763880220.349052,16,Dr. P. Shyama Raju,0.703
1763880220.524659,16,Dr. P. Shyama Raju,0.703
1763880220.683948,16,Dr. P. Shyama Raju,0.703
1763880220.857576,16,Dr. P. Shyama Raju,0.703
1763880221.0168908,16,Dr. P. Shyama Raju,0.703
1763880221.191842,16,Dr. P. Shyama Raju,0.703
1763880221.350026,16,Dr. P. Shyama Raju,0.703
1763880221.524522,16,Dr. P. Shyama Raju,0.703
1763880221.680861,16,Dr. P. Shyama Raju,0.703
1763880221.876529,16,Dr. P. Shyama Raju,0.703
1763880222.044163,16,Dr. P. Shyama Raju,0.703
1763880222.206909,16,Dr. P. Shyama Raju,0.703
1763880222.368833,16,Dr. P. Shyama Raju,0.703
1763880222.505583,16,Dr. P. Shyama Raju,0.703
1763880222.686624,16,Dr. P. Shyama Raju,0.703
1763880222.853893,16,Dr. P. Shyama Raju,0.703
1763880223.0123048,16,Dr. P. Shyama Raju,0.703
1763880223.186798,17,Dr. P. Shyama Raju,0.748
1763880223.3427992,16,Dr. P. Shyama Raju,0.703
1763880223.511595,16,Dr. P. Shyama Raju,0.703
1763880223.6785831,18,Dr. P. Shyama Raju,0.794
1763880223.854082,18,Dr. P. Shyama Raju,0.794
1763880224.024205,18,Dr. P. Shyama Raju,0.794
1763880224.1811478,18,Dr. P. Shyama Raju,0.794
1763880224.358314,18,Dr. P. Shyama Raju,0.794
1763880224.517339,18,Dr. P. Shyama Raju,0.794
1763880224.691225,18,Dr. P. Shyama Raju,0.794
1763880224.8511639,18,Dr. P. Shyama Raju,0.794
1763880225.024296,18,Dr. P. Shyama Raju,0.794
1763880225.183018,18,Dr. P. Shyama Raju,0.794
1763880225.357845,18,Dr. P. Shyama Raju,0.794
1763880225.51851,18,Dr. P. Shyama Raju,0.794
1763880225.703388,19,Unknown,0.392
1763880225.703396,20,Dr. P. Shyama Raju,0.703
1763880233.256643,21,Koushik,0.740
1763880233.428066,21,Koushik,0.740
1763880233.594404,21,Koushik,0.740
1763880233.7614899,21,Koushik,0.740
1763880233.938047,21,Koushik,0.740
1763880234.116072,21,Koushik,0.740
1763880234.2778199,21,Koushik,0.740
1763880234.443718,21,Koushik,0.740
1763880234.608882,21,Koushik,0.740
1763880234.7851279,21,Koushik,0.740
1763880234.9687092,21,Koushik,0.740
1763880235.1287339,21,Koushik,0.740
1763880235.2978392,21,Koushik,0.740
1763880235.471288,21,Koushik,0.740
1763880235.636585,21,Koushik,0.740
1763880235.7913249,21,Koushik,0.740
1763880235.958533,21,Koushik,0.740
1763880236.1195571,21,Koushik,0.740
1763880236.2903879,21,Koushik,0.740
1763880236.4487722,21,Koushik,0.740
1763880236.625611,21,Koushik,0.740
timestamp,track_id,name,score
1763880349.1414888,1,Dr. P. Shyama Raju,0.625
1763880349.3476899,1,Dr. P. Shyama Raju,0.625
1763880349.498562,1,Dr. P. Shyama Raju,0.625
1763880349.673731,1,Dr. P. Shyama Raju,0.625
1763880349.829608,1,Dr. P. Shyama Raju,0.625
1763880350.023266,1,Dr. P. Shyama Raju,0.625
1763880350.218709,1,Dr. P. Shyama Raju,0.625
1763880350.387396,1,Dr. P. Shyama Raju,0.625
1763880350.553535,2,Dr. P. Shyama Raju,0.778
1763880350.720526,2,Dr. P. Shyama Raju,0.778
1763880350.87571,2,Dr. P. Shyama Raju,0.778
1763880351.055234,2,Dr. P. Shyama Raju,0.778
1763880351.2128341,2,Dr. P. Shyama Raju,0.778
1763880351.388015,2,Dr. P. Shyama Raju,0.778
1763880351.536927,2,Dr. P. Shyama Raju,0.778
1763880351.720881,2,Dr. P. Shyama Raju,0.778
1763880351.874036,2,Dr. P. Shyama Raju,0.778
1763880352.055849,2,Dr. P. Shyama Raju,0.778
1763880352.204107,2,Dr. P. Shyama Raju,0.778
1763880352.3741639,2,Dr. P. Shyama Raju,0.778
1763880352.543241,2,Dr. P. Shyama Raju,0.778
1763880352.706919,2,Dr. P. Shyama Raju,0.778
1763880352.885089,2,Dr. P. Shyama Raju,0.778
1763880353.051478,2,Dr. P. Shyama Raju,0.778
1763880353.207607,2,Dr. P. Shyama Raju,0.778
1763880353.377244,2,Dr. P. Shyama Raju,0.778
1763880353.545365,2,Dr. P. Shyama Raju,0.778
1763880353.711444,2,Dr. P. Shyama Raju,0.778
1763880353.868326,2,Dr. P. Shyama Raju,0.778
1763880354.039454,2,Dr. P. Shyama Raju,0.778
1763880354.220374,2,Dr. P. Shyama Raju,0.778
1763880354.374337,2,Dr. P. Shyama Raju,0.778
1763880354.5403688,2,Dr. P. Shyama Raju,0.778
1763880354.704376,2,Dr. P. Shyama Raju,0.778
1763880354.8844311,2,Dr. P. Shyama Raju,0.778
1763880355.0375931,2,Dr. P. Shyama Raju,0.778
1763880355.231609,2,Dr. P. Shyama Raju,0.778
1763880355.400689,2,Dr. P. Shyama Raju,0.778
1763880355.582398,2,Dr. P. Shyama Raju,0.778
1763880355.7379699,2,Dr. P. Shyama Raju,0.778
1763880355.897134,2,Dr. P. Shyama Raju,0.778
1763880356.08784,2,Dr. P. Shyama Raju,0.778
1763880356.2440488,2,Dr. P. Shyama Raju,0.778
1763880356.416825,2,Dr. P. Shyama Raju,0.778
1763880356.587453,2,Dr. P. Shyama Raju,0.778
1763880356.745265,2,Dr. P. Shyama Raju,0.778
1763880356.905453,2,Dr. P. Shyama Raju,0.778
1763880357.0701282,2,Dr. P. Shyama Raju,0.778
1763880357.251837,2,Dr. P. Shyama Raju,0.778
1763880357.406292,2,Dr. P. Shyama Raju,0.778
1763880357.57671,2,Dr. P. Shyama Raju,0.778
1763880357.741215,2,Dr. P. Shyama Raju,0.778
1763880357.9067159,2,Dr. P. Shyama Raju,0.778
1763880358.087873,3,Unknown,0.597
1763880358.349226,3,Koushik,0.640
1763880358.349238,4,Unknown,0.038
1763880358.34924,5,Unknown,0.181
1763880360.652554,6,Koushik,0.836
1763880360.82443,6,Koushik,0.836
1763880360.986225,6,Koushik,0.836
1763880361.1756291,6,Koushik,0.836
1763880361.337881,6,Koushik,0.836
1763880361.517471,6,Koushik,0.836
1763880361.7205179,6,Koushik,0.836
1763880361.912987,6,Koushik,0.836
1763880362.13562,6,Koushik,0.836
1763880362.302068,6,Koushik,0.836
1763880362.4552052,6,Koushik,0.836
1763880362.620411,6,Koushik,0.836
1763880362.801449,6,Koushik,0.836
1763880362.968031,6,Koushik,0.836
1763880363.1220968,6,Koushik,0.836
1763880363.2872021,6,Koushik,0.836
1763880363.468235,6,Koushik,0.836
1763880363.635347,6,Koushik,0.836
1763880363.7895591,6,Koushik,0.836
1763880363.960181,6,Koushik,0.836
1763880364.1236238,6,Koushik,0.836
timestamp,track_id,name,score
1763880471.288736,1,Koushik,0.785
1763880471.573178,2,Unknown,0.411
1763880471.869735,3,Unknown,0.494
1763880472.3149838,4,Unknown,0.405
1763880472.501308,5,Dr. P. Shyama Raju,0.677
1763880472.6700969,5,Dr. P. Shyama Raju,0.677
1763880472.829756,5,Dr. P. Shyama Raju,0.677
1763880473.005253,5,Dr. P. Shyama Raju,0.677
1763880473.163039,5,Dr. P. Shyama Raju,0.677
1763880473.352231,5,Dr. P. Shyama Raju,0.677
1763880473.5110579,5,Dr. P. Shyama Raju,0.677
1763880473.6856818,5,Dr. P. Shyama Raju,0.677
1763880473.8468502,5,Dr. P. Shyama Raju,0.677
1763880474.01969,5,Dr. P. Shyama Raju,0.677
1763880474.167722,5,Dr. P. Shyama Raju,0.677
1763880474.3508852,5,Dr. P. Shyama Raju,0.677
1763880474.510994,5,Dr. P. Shyama Raju,0.677
1763880474.6841412,5,Dr. P. Shyama Raju,0.677
1763880474.838135,5,Dr. P. Shyama Raju,0.677
1763880475.018249,5,Dr. P. Shyama Raju,0.677
1763880475.1719491,5,Dr. P. Shyama Raju,0.677
1763880475.352149,5,Dr. P. Shyama Raju,0.677
1763880475.5179698,5,Dr. P. Shyama Raju,0.677
1763880475.673762,5,Dr. P. Shyama Raju,0.677
1763880475.850899,5,Dr. P. Shyama Raju,0.677
1763880476.01951,5,Dr. P. Shyama Raju,0.677
1763880476.181269,5,Dr. P. Shyama Raju,0.677
1763880476.349976,5,Dr. P. Shyama Raju,0.677
1763880476.506025,5,Dr. P. Shyama Raju,0.677
1763880476.685162,5,Dr. P. Shyama Raju,0.677
1763880476.830745,5,Dr. P. Shyama Raju,0.677
1763880476.9753,5,Dr. P. Shyama Raju,0.677
1763880477.149686,5,Dr. P. Shyama Raju,0.677
1763880477.319102,5,Dr. P. Shyama Raju,0.677
1763880477.473404,5,Dr. P. Shyama Raju,0.677
1763880477.6544461,5,Dr. P. Shyama Raju,0.677
1763880477.8066392,5,Dr. P. Shyama Raju,0.677
1763880477.975961,5,Dr. P. Shyama Raju,0.677
1763880478.1525,5,Dr. P. Shyama Raju,0.677
1763880478.308406,5,Dr. P. Shyama Raju,0.677
1763880478.499358,5,Dr. P. Shyama Raju,0.677
1763880478.669745,5,Dr. P. Shyama Raju,0.677
1763880478.83602,5,Dr. P. Shyama Raju,0.677
1763880479.0021,5,Dr. P. Shyama Raju,0.677
1763880479.170527,5,Dr. P. Shyama Raju,0.677
1763880479.34643,5,Dr. P. Shyama Raju,0.677
1763880479.517973,5,Dr. P. Shyama Raju,0.677
1763880479.686445,5,Dr. P. Shyama Raju,0.677
1763880479.8456771,5,Dr. P. Shyama Raju,0.677
1763880480.0120268,5,Dr. P. Shyama Raju,0.677
1763880480.173138,5,Dr. P. Shyama Raju,0.677
1763880480.3368268,5,Dr. P. Shyama Raju,0.677
1763880480.519066,5,Dr. P. Shyama Raju,0.677
1763880480.676186,5,Dr. P. Shyama Raju,0.677
1763880480.854552,5,Dr. P. Shyama Raju,0.677
1763880481.018246,5,Dr. P. Shyama Raju,0.677
1763880481.173202,5,Dr. P. Shyama Raju,0.677
1763880481.352855,5,Dr. P. Shyama Raju,0.677
1763880481.5106719,5,Dr. P. Shyama Raju,0.677
1763880481.688032,5,Dr. P. Shyama Raju,0.677
1763880481.8529322,5,Dr. P. Shyama Raju,0.677
1763880482.005547,5,Dr. P. Shyama Raju,0.677
1763880482.1870341,5,Dr. P. Shyama Raju,0.677
1763880482.352866,5,Dr. P. Shyama Raju,0.677
1763880482.508286,5,Dr. P. Shyama Raju,0.677
1763880482.686383,5,Dr. P. Shyama Raju,0.677
1763880482.843861,5,Dr. P. Shyama Raju,0.677
1763880483.020011,5,Dr. P. Shyama Raju,0.677
1763880483.180734,5,Dr. P. Shyama Raju,0.677
1763880483.3392398,5,Dr. P. Shyama Raju,0.677
1763880483.509504,5,Dr. P. Shyama Raju,0.677
1763880483.686224,5,Dr. P. Shyama Raju,0.677
1763880483.844526,5,Dr. P. Shyama Raju,0.677
1763880484.020262,5,Dr. P. Shyama Raju,0.677
1763880484.177186,5,Dr. P. Shyama Raju,0.677
1763880484.351985,5,Dr. P. Shyama Raju,0.677
1763880484.526026,5,Dr. P. Shyama Raju,0.677
1763880484.676448,5,Dr. P. Shyama Raju,0.677
1763880484.8381782,5,Dr. P. Shyama Raju,0.677
1763880484.985526,5,Dr. P. Shyama Raju,0.677
1763880485.1505868,5,Dr. P. Shyama Raju,0.677
1763880485.337646,5,Dr. P. Shyama Raju,0.677
1763880485.510198,5,Dr. P. Shyama Raju,0.677
1763880485.686362,5,Dr. P. Shyama Raju,0.677
1763880485.84371,5,Dr. P. Shyama Raju,0.677
1763880486.016421,5,Dr. P. Shyama Raju,0.677
1763880486.187834,5,Dr. P. Shyama Raju,0.677
1763880486.342666,5,Dr. P. Shyama Raju,0.677
1763880486.519538,5,Dr. P. Shyama Raju,0.677
1763880486.6736388,5,Dr. P. Shyama Raju,0.677
1763880486.8531609,5,Dr. P. Shyama Raju,0.677
1763880487.006186,5,Dr. P. Shyama Raju,0.677
1763880487.186464,5,Dr. P. Shyama Raju,0.677
1763880487.339238,5,Dr. P. Shyama Raju,0.677
1763880487.519891,5,Dr. P. Shyama Raju,0.677
1763880487.6749,5,Dr. P. Shyama Raju,0.677
1763880487.853258,5,Dr. P. Shyama Raju,0.677
1763880488.0098329,5,Dr. P. Shyama Raju,0.677
1763880488.1857018,5,Dr. P. Shyama Raju,0.677
1763880488.341804,5,Dr. P. Shyama Raju,0.677
1763880488.5175092,5,Dr. P. Shyama Raju,0.677
1763880488.686601,5,Dr. P. Shyama Raju,0.677
1763880488.8605921,5,Dr. P. Shyama Raju,0.677
1763880489.037152,5,Dr. P. Shyama Raju,0.677
1763880489.191479,5,Dr. P. Shyama Raju,0.677
1763880489.4418628,5,Dr. P. Shyama Raju,0.677
1763880489.441869,6,Unknown,0.113
1763880489.6010082,5,Dr. P. Shyama Raju,0.677
1763880489.768204,5,Dr. P. Shyama Raju,0.677
1763880489.926475,5,Dr. P. Shyama Raju,0.677
1763880490.102885,5,Dr. P. Shyama Raju,0.677
1763880490.260075,5,Dr. P. Shyama Raju,0.677
1763880490.437166,5,Dr. P. Shyama Raju,0.677
1763880490.6153479,5,Dr. P. Shyama Raju,0.677
1763880490.788724,5,Dr. P. Shyama Raju,0.677
1763880490.94662,5,Dr. P. Shyama Raju,0.677
1763880491.126755,5,Dr. P. Shyama Raju,0.677
1763880491.28788,5,Dr. P. Shyama Raju,0.677
1763880491.459143,5,Dr. P. Shyama Raju,0.677
1763880491.635898,5,Dr. P. Shyama Raju,0.677
1763880491.793649,5,Dr. P. Shyama Raju,0.677
1763880491.971885,5,Dr. P. Shyama Raju,0.677
1763880492.13326,5,Dr. P. Shyama Raju,0.677
1763880492.299458,5,Dr. P. Shyama Raju,0.677
1763880492.469412,5,Dr. P. Shyama Raju,0.677
1763880492.623067,5,Dr. P. Shyama Raju,0.677
1763880492.802285,5,Dr. P. Shyama Raju,0.677
1763880492.961922,5,Dr. P. Shyama Raju,0.677
1763880493.137213,5,Dr. P. Shyama Raju,0.677
1763880493.2931259,5,Dr. P. Shyama Raju,0.677
1763880493.469943,5,Dr. P. Shyama Raju,0.677
1763880493.626786,5,Dr. P. Shyama Raju,0.677
1763880493.800912,5,Dr. P. Shyama Raju,0.677
1763880493.961067,5,Dr. P. Shyama Raju,0.677
1763880494.1178932,5,Dr. P. Shyama Raju,0.677
1763880494.274409,5,Dr. P. Shyama Raju,0.677
1763880494.4699268,7,Unknown,0.439
1763880494.469933,8,Unknown,0.567
1763880494.665849,7,Koushik,0.739
1763880494.8392909,7,Koushik,0.739
1763880494.997898,7,Koushik,0.739
1763880495.1785002,7,Koushik,0.739
1763880495.3387892,7,Koushik,0.739
1763880495.513561,7,Koushik,0.739
1763880495.687351,7,Koushik,0.739
1763880495.8489752,7,Koushik,0.739
1763880496.0113878,7,Koushik,0.739
1763880496.1842968,7,Koushik,0.739
1763880496.35265,7,Koushik,0.739
1763880496.5066528,7,Koushik,0.739
1763880496.674175,7,Koushik,0.739
1763880496.858484,7,Koushik,0.739
1763880497.0181801,7,Koushik,0.739
1763880497.214554,7,Koushik,0.739
1763880497.40011,7,Koushik,0.739
1763880497.5769868,7,Koushik,0.739
1763880497.7660391,7,Koushik,0.739
1763880497.936067,7,Koushik,0.739
1763880498.09847,7,Koushik,0.739
1763880498.2521029,7,Koushik,0.739
1763880498.420758,7,Koushik,0.739
1763880498.576389,7,Koushik,0.739
timestamp,track_id,name,score
1763880565.694904,1,Dr. P. Shyama Raju,0.736
1763880565.918297,2,Dr. P. Shyama Raju,0.610
1763880566.198733,2,Dr. P. Shyama Raju,0.610
1763880566.198739,3,Unknown,0.347
1763880566.3723588,4,Dr. P. Shyama Raju,0.742
1763880566.548227,2,Dr. P. Shyama Raju,0.610
1763880566.7467551,2,Dr. P. Shyama Raju,0.610
1763880566.746769,5,Koushik,0.667
1763880566.9192052,5,Koushik,0.667
1763880566.9192152,6,Dr. P. Shyama Raju,0.658
1763880567.0767648,2,Dr. P. Shyama Raju,0.610
1763880567.236643,7,Dr. P. Shyama Raju,0.620
1763880567.396086,7,Dr. P. Shyama Raju,0.620
1763880567.568626,7,Dr. P. Shyama Raju,0.620
1763880567.735358,7,Dr. P. Shyama Raju,0.620
1763880567.9096699,7,Dr. P. Shyama Raju,0.620
1763880568.065203,7,Dr. P. Shyama Raju,0.620
1763880568.242122,7,Dr. P. Shyama Raju,0.620
1763880568.417562,7,Dr. P. Shyama Raju,0.620
1763880568.566615,7,Dr. P. Shyama Raju,0.620
1763880568.753809,7,Dr. P. Shyama Raju,0.620
1763880568.905761,7,Dr. P. Shyama Raju,0.620
1763880569.086188,7,Dr. P. Shyama Raju,0.620
1763880569.2393699,7,Dr. P. Shyama Raju,0.620
1763880569.405712,7,Dr. P. Shyama Raju,0.620
1763880569.573569,7,Dr. P. Shyama Raju,0.620
1763880569.7374341,7,Dr. P. Shyama Raju,0.620
1763880569.9189508,7,Dr. P. Shyama Raju,0.620
1763880570.072483,7,Dr. P. Shyama Raju,0.620
1763880570.251818,7,Dr. P. Shyama Raju,0.620
1763880570.410686,7,Dr. P. Shyama Raju,0.620
1763880570.587745,7,Dr. P. Shyama Raju,0.620
1763880570.7514791,7,Dr. P. Shyama Raju,0.620
1763880570.905644,7,Dr. P. Shyama Raju,0.620
1763880571.072545,7,Dr. P. Shyama Raju,0.620
1763880571.251997,7,Dr. P. Shyama Raju,0.620
1763880571.405503,7,Dr. P. Shyama Raju,0.620
1763880571.585786,7,Dr. P. Shyama Raju,0.620
1763880571.7627819,7,Dr. P. Shyama Raju,0.620
1763880571.929461,7,Dr. P. Shyama Raju,0.620
1763880572.101824,7,Dr. P. Shyama Raju,0.620
1763880572.263684,7,Dr. P. Shyama Raju,0.620
1763880572.426844,7,Dr. P. Shyama Raju,0.620
1763880572.611524,7,Dr. P. Shyama Raju,0.620
1763880572.770432,7,Dr. P. Shyama Raju,0.620
1763880572.9652889,7,Dr. P. Shyama Raju,0.620
1763880573.1206179,7,Dr. P. Shyama Raju,0.620
1763880573.29909,7,Dr. P. Shyama Raju,0.620
1763880573.456525,7,Dr. P. Shyama Raju,0.620
1763880573.60609,7,Dr. P. Shyama Raju,0.620
1763880573.7854981,7,Dr. P. Shyama Raju,0.620
1763880573.939847,7,Dr. P. Shyama Raju,0.620
1763880574.118706,7,Dr. P. Shyama Raju,0.620
1763880574.27305,7,Dr. P. Shyama Raju,0.620
1763880574.45244,7,Dr. P. Shyama Raju,0.620
1763880574.6044512,7,Dr. P. Shyama Raju,0.620
1763880574.784248,7,Dr. P. Shyama Raju,0.620
1763880574.949973,7,Dr. P. Shyama Raju,0.620
1763880575.116857,8,Dr. P. Shyama Raju,0.690
1763880575.2715242,7,Dr. P. Shyama Raju,0.620
1763880575.438369,7,Dr. P. Shyama Raju,0.620
1763880575.622273,7,Dr. P. Shyama Raju,0.620
1763880575.7658439,9,Dr. P. Shyama Raju,0.650
1763880575.9382558,9,Dr. P. Shyama Raju,0.650
1763880576.101417,10,Dr. P. Shyama Raju,0.612
1763880576.283733,11,Dr. P. Shyama Raju,0.685
1763880576.439937,11,Dr. P. Shyama Raju,0.685
1763880576.609108,11,Dr. P. Shyama Raju,0.685
1763880576.785515,11,Dr. P. Shyama Raju,0.685
1763880576.94884,11,Dr. P. Shyama Raju,0.685
1763880577.1156852,11,Dr. P. Shyama Raju,0.685
1763880577.285451,11,Dr. P. Shyama Raju,0.685
1763880577.459305,11,Dr. P. Shyama Raju,0.685
1763880577.607872,11,Dr. P. Shyama Raju,0.685
1763880577.79933,11,Dr. P. Shyama Raju,0.685
1763880577.9695091,11,Dr. P. Shyama Raju,0.685
1763880578.127775,11,Dr. P. Shyama Raju,0.685
1763880578.302583,11,Dr. P. Shyama Raju,0.685
1763880578.462004,11,Dr. P. Shyama Raju,0.685
1763880578.64852,11,Dr. P. Shyama Raju,0.685
1763880578.817603,11,Dr. P. Shyama Raju,0.685
1763880578.9715788,11,Dr. P. Shyama Raju,0.685
1763880579.146803,11,Dr. P. Shyama Raju,0.685
1763880579.304773,11,Dr. P. Shyama Raju,0.685
1763880579.471624,11,Dr. P. Shyama Raju,0.685
1763880579.6507,11,Dr. P. Shyama Raju,0.685
1763880579.8054872,11,Dr. P. Shyama Raju,0.685
1763880579.985437,11,Dr. P. Shyama Raju,0.685
1763880580.133139,11,Dr. P. Shyama Raju,0.685
1763880580.3191302,11,Dr. P. Shyama Raju,0.685
1763880580.4815009,11,Dr. P. Shyama Raju,0.685
1763880580.653619,11,Dr. P. Shyama Raju,0.685
1763880580.814684,11,Dr. P. Shyama Raju,0.685
1763880580.9728131,11,Dr. P. Shyama Raju,0.685
1763880581.1419892,11,Dr. P. Shyama Raju,0.685
1763880581.319222,11,Dr. P. Shyama Raju,0.685
1763880581.469954,11,Dr. P. Shyama Raju,0.685
1763880581.6532779,12,Unknown,0.462
1763880587.851331,13,Unknown,0.268
1763880588.1434188,13,Unknown,0.233
1763880588.3189619,13,Unknown,0.239
1763880588.467985,13,Unknown,0.171
1763880588.652208,13,Unknown,0.308
1763880593.085205,14,Unknown,0.147
1763880595.830701,15,Koushik,0.615
1763880595.83071,16,Dr. Sanjay R. Chitnis,0.624
1763880595.995897,17,Dr. Sanjay R. Chitnis,0.885
1763880596.167948,17,Dr. Sanjay R. Chitnis,0.885
1763880596.326617,17,Dr. Sanjay R. Chitnis,0.885
1763880596.477529,17,Dr. Sanjay R. Chitnis,0.885
1763880596.6529138,17,Dr. Sanjay R. Chitnis,0.885
1763880596.826529,17,Dr. Sanjay R. Chitnis,0.885
1763880596.989814,17,Dr. Sanjay R. Chitnis,0.885
1763880597.1536589,17,Dr. Sanjay R. Chitnis,0.885
1763880597.308326,17,Dr. Sanjay R. Chitnis,0.885
1763880597.483949,17,Dr. Sanjay R. Chitnis,0.885
1763880597.651635,17,Dr. Sanjay R. Chitnis,0.885
1763880597.803642,17,Dr. Sanjay R. Chitnis,0.885
1763880597.982284,17,Dr. Sanjay R. Chitnis,0.885
1763880598.1518872,17,Dr. Sanjay R. Chitnis,0.885
1763880598.304811,17,Dr. Sanjay R. Chitnis,0.885
1763880598.484503,17,Dr. Sanjay R. Chitnis,0.885
1763880598.642859,17,Dr. Sanjay R. Chitnis,0.885
1763880598.818146,17,Dr. Sanjay R. Chitnis,0.885
1763880598.969036,17,Dr. Sanjay R. Chitnis,0.885
1763880599.149728,17,Dr. Sanjay R. Chitnis,0.885
1763880599.306328,17,Dr. Sanjay R. Chitnis,0.885
1763880599.472954,17,Dr. Sanjay R. Chitnis,0.885
1763880599.653295,17,Dr. Sanjay R. Chitnis,0.885
1763880599.8056371,17,Dr. Sanjay R. Chitnis,0.885
1763880599.9743428,17,Dr. Sanjay R. Chitnis,0.885
1763880600.152768,17,Dr. Sanjay R. Chitnis,0.885
1763880600.308681,17,Dr. Sanjay R. Chitnis,0.885
1763880600.485595,17,Dr. Sanjay R. Chitnis,0.885
1763880600.639183,17,Dr. Sanjay R. Chitnis,0.885
1763880600.8223748,17,Dr. Sanjay R. Chitnis,0.885
1763880600.985089,17,Dr. Sanjay R. Chitnis,0.885
1763880601.135972,17,Dr. Sanjay R. Chitnis,0.885
1763880601.3180401,17,Dr. Sanjay R. Chitnis,0.885
1763880601.473382,17,Dr. Sanjay R. Chitnis,0.885
1763880601.6522791,17,Dr. Sanjay R. Chitnis,0.885
1763880601.8351412,17,Dr. Sanjay R. Chitnis,0.885
1763880601.999049,17,Dr. Sanjay R. Chitnis,0.885
1763880602.1685991,17,Dr. Sanjay R. Chitnis,0.885
1763880602.331865,17,Dr. Sanjay R. Chitnis,0.885
1763880602.502431,17,Dr. Sanjay R. Chitnis,0.885
1763880602.684182,17,Dr. Sanjay R. Chitnis,0.885
1763880602.841604,17,Dr. Sanjay R. Chitnis,0.885
1763880603.012715,17,Dr. Sanjay R. Chitnis,0.885
1763880603.18238,17,Dr. Sanjay R. Chitnis,0.885
1763880603.33826,17,Dr. Sanjay R. Chitnis,0.885
1763880603.507395,17,Dr. Sanjay R. Chitnis,0.885
1763880603.6842098,17,Dr. Sanjay R. Chitnis,0.885
1763880603.833245,17,Dr. Sanjay R. Chitnis,0.885
1763880604.018023,17,Dr. Sanjay R. Chitnis,0.885
1763880604.174488,17,Dr. Sanjay R. Chitnis,0.885
1763880604.3511648,17,Dr. Sanjay R. Chitnis,0.885
1763880604.5032792,17,Dr. Sanjay R. Chitnis,0.885
1763880604.6860769,17,Dr. Sanjay R. Chitnis,0.885
1763880604.840029,17,Dr. Sanjay R. Chitnis,0.885
1763880605.018999,17,Dr. Sanjay R. Chitnis,0.885
1763880605.185089,17,Dr. Sanjay R. Chitnis,0.885
1763880605.338816,17,Dr. Sanjay R. Chitnis,0.885
1763880605.5179121,17,Dr. Sanjay R. Chitnis,0.885
1763880605.6827378,17,Dr. Sanjay R. Chitnis,0.885
1763880605.8409019,17,Dr. Sanjay R. Chitnis,0.885
1763880606.019361,17,Dr. Sanjay R. Chitnis,0.885
1763880606.176254,17,Dr. Sanjay R. Chitnis,0.885
1763880606.351893,17,Dr. Sanjay R. Chitnis,0.885
1763880606.510837,17,Dr. Sanjay R. Chitnis,0.885
1763880606.685004,17,Dr. Sanjay R. Chitnis,0.885
1763880611.3029928,18,Unknown,0.234
1763880611.478112,19,Dr. Sanjay R. Chitnis,0.761
1763880611.6483772,19,Dr. Sanjay R. Chitnis,0.761
1763880611.804457,19,Dr. Sanjay R. Chitnis,0.761
1763880611.970624,19,Dr. Sanjay R. Chitnis,0.761
1763880612.137582,19,Dr. Sanjay R. Chitnis,0.761
1763880612.315864,19,Dr. Sanjay R. Chitnis,0.761
1763880612.4855611,19,Dr. Sanjay R. Chitnis,0.761
1763880612.64605,19,Dr. Sanjay R. Chitnis,0.761
1763880612.8177001,19,Dr. Sanjay R. Chitnis,0.761
1763880612.969871,19,Dr. Sanjay R. Chitnis,0.761
1763880613.11758,19,Dr. Sanjay R. Chitnis,0.761
1763880613.281447,19,Dr. Sanjay R. Chitnis,0.761
1763880613.447835,19,Dr. Sanjay R. Chitnis,0.761
1763880613.621415,19,Dr. Sanjay R. Chitnis,0.761
1763880613.787789,19,Dr. Sanjay R. Chitnis,0.761
1763880613.946956,19,Dr. Sanjay R. Chitnis,0.761
1763880614.122258,19,Dr. Sanjay R. Chitnis,0.761
1763880614.280639,19,Dr. Sanjay R. Chitnis,0.761
1763880614.447304,19,Dr. Sanjay R. Chitnis,0.761
1763880614.622551,19,Dr. Sanjay R. Chitnis,0.761
1763880614.7834089,19,Dr. Sanjay R. Chitnis,0.761
1763880614.953175,19,Dr. Sanjay R. Chitnis,0.761
1763880615.120319,19,Dr. Sanjay R. Chitnis,0.761
1763880615.278763,19,Dr. Sanjay R. Chitnis,0.761
1763880615.448375,19,Dr. Sanjay R. Chitnis,0.761
1763880615.6183748,19,Dr. Sanjay R. Chitnis,0.761
1763880615.800964,19,Dr. Sanjay R. Chitnis,0.761
1763880615.953333,19,Dr. Sanjay R. Chitnis,0.761
1763880616.115687,19,Dr. Sanjay R. Chitnis,0.761
1763880616.287065,19,Dr. Sanjay R. Chitnis,0.761
1763880616.445594,19,Dr. Sanjay R. Chitnis,0.761
1763880616.621237,19,Dr. Sanjay R. Chitnis,0.761
1763880616.779109,19,Dr. Sanjay R. Chitnis,0.761
1763880616.948051,19,Dr. Sanjay R. Chitnis,0.761
1763880617.114669,19,Dr. Sanjay R. Chitnis,0.761
1763880617.288861,19,Dr. Sanjay R. Chitnis,0.761
1763880617.447763,19,Dr. Sanjay R. Chitnis,0.761
1763880617.6379678,19,Dr. Sanjay R. Chitnis,0.761
1763880617.807955,19,Dr. Sanjay R. Chitnis,0.761
1763880617.972398,19,Dr. Sanjay R. Chitnis,0.761
1763880618.1378949,19,Dr. Sanjay R. Chitnis,0.761
1763880618.3056908,19,Dr. Sanjay R. Chitnis,0.761
1763880618.484683,19,Dr. Sanjay R. Chitnis,0.761
1763880618.652451,19,Dr. Sanjay R. Chitnis,0.761
1763880618.8166158,19,Dr. Sanjay R. Chitnis,0.761
1763880618.9845219,19,Dr. Sanjay R. Chitnis,0.761
1763880619.1383731,19,Dr. Sanjay R. Chitnis,0.761
1763880619.272591,19,Dr. Sanjay R. Chitnis,0.761
1763880619.454907,19,Dr. Sanjay R. Chitnis,0.761
1763880619.613249,19,Dr. Sanjay R. Chitnis,0.761
1763880619.78227,19,Dr. Sanjay R. Chitnis,0.761
1763880619.9520152,19,Dr. Sanjay R. Chitnis,0.761
1763880620.122493,19,Dr. Sanjay R. Chitnis,0.761
1763880620.2802718,19,Dr. Sanjay R. Chitnis,0.761
1763880620.445633,19,Dr. Sanjay R. Chitnis,0.761
1763880620.619373,19,Dr. Sanjay R. Chitnis,0.761
1763880620.7866461,19,Dr. Sanjay R. Chitnis,0.761
1763880620.947239,19,Dr. Sanjay R. Chitnis,0.761
1763880621.122925,19,Dr. Sanjay R. Chitnis,0.761
1763880621.282377,19,Dr. Sanjay R. Chitnis,0.761
1763880621.4556952,19,Dr. Sanjay R. Chitnis,0.761
1763880621.6157491,19,Dr. Sanjay R. Chitnis,0.761
1763880621.795768,19,Dr. Sanjay R. Chitnis,0.761
1763880621.955279,19,Dr. Sanjay R. Chitnis,0.761
1763880622.114548,19,Dr. Sanjay R. Chitnis,0.761
1763880622.289073,19,Dr. Sanjay R. Chitnis,0.761
1763880622.448863,19,Dr. Sanjay R. Chitnis,0.761
1763880622.618718,19,Dr. Sanjay R. Chitnis,0.761
1763880622.779814,19,Dr. Sanjay R. Chitnis,0.761
1763880622.9546208,19,Dr. Sanjay R. Chitnis,0.761
1763880623.116485,19,Dr. Sanjay R. Chitnis,0.761
1763880623.287474,19,Dr. Sanjay R. Chitnis,0.761
1763880623.4496691,19,Dr. Sanjay R. Chitnis,0.761
1763880623.647946,19,Dr. Sanjay R. Chitnis,0.761
1763880623.8176188,19,Dr. Sanjay R. Chitnis,0.761
1763880623.9723809,19,Dr. Sanjay R. Chitnis,0.761
1763880624.142488,19,Dr. Sanjay R. Chitnis,0.761
1763880624.3055391,19,Dr. Sanjay R. Chitnis,0.761
1763880624.4869812,19,Dr. Sanjay R. Chitnis,0.761
1763880624.655932,19,Dr. Sanjay R. Chitnis,0.761
1763880624.8178291,19,Dr. Sanjay R. Chitnis,0.761
1763880624.9872031,19,Dr. Sanjay R. Chitnis,0.761
1763880625.1392179,19,Dr. Sanjay R. Chitnis,0.761
1763880625.320121,19,Dr. Sanjay R. Chitnis,0.761
1763880625.481202,19,Dr. Sanjay R. Chitnis,0.761
1763880629.153932,20,Unknown,0.298
1763880630.255141,21,Unknown,0.392
1763880630.415143,21,Unknown,0.298
1763880630.592161,21,Unknown,0.340
1763880630.754882,21,Unknown,0.443
1763880631.069087,21,Unknown,0.376
1763880631.224278,21,Unknown,0.363
1763880631.383029,21,Unknown,0.377
1763880631.83501,22,Unknown,0.241
1763880631.9919648,22,Unknown,0.200
1763880632.4361742,23,Unknown,0.368
1763880632.5924108,24,Unknown,0.284
1763880632.769516,23,Unknown,0.125
1763880632.9279768,23,Unknown,0.405
1763880633.103429,23,Unknown,0.120
1763880633.26621,23,Unknown,0.052
1763880633.437922,23,Unknown,0.211
1763880635.752705,25,Unknown,0.120
1763880637.936547,26,Unknown,0.281
1763880650.71898,27,Unknown,0.334
1763880658.232041,28,Unknown,0.514
1763880658.4025862,28,Koushik,0.613
1763880658.583812,28,Koushik,0.613
1763880659.952769,29,Unknown,0.181
1763880661.333924,30,Unknown,0.164
1763880661.621372,30,Unknown,0.185
1763880661.934788,31,Unknown,0.446
1763880662.0835881,31,Koushik,0.819
1763880662.270489,31,Koushik,0.819
1763880662.434164,31,Koushik,0.819
1763880662.5917492,31,Koushik,0.819
1763880662.766701,31,Koushik,0.819
1763880662.929804,31,Koushik,0.819
1763880663.101543,31,Koushik,0.819
1763880663.2525492,31,Koushik,0.819
1763880663.433734,31,Koushik,0.819
1763880663.590134,31,Koushik,0.819
1763880663.777756,31,Koushik,0.819
1763880663.93079,31,Koushik,0.819
1763880664.104606,31,Koushik,0.819
1763880664.27681,31,Koushik,0.819
1763880664.4680269,31,Koushik,0.819
1763880664.664425,31,Koushik,0.819
1763880664.851983,31,Koushik,0.819
1763880665.003693,31,Koushik,0.819
1763880665.169589,31,Koushik,0.819
1763880665.345403,31,Koushik,0.819
1763880665.506708,31,Koushik,0.819
1763880665.6782012,31,Koushik,0.819
1763880665.837885,31,Koushik,0.819
timestamp,track_id,name,score
1763880908.640202,1,Unknown,0.565
1763880908.823924,1,Unknown,0.547
1763880908.997516,1,Unknown,0.514
1763880909.190134,1,Kartik,0.662
1763880909.361305,1,Kartik,0.662
1763880909.530595,1,Kartik,0.662
1763880909.695775,1,Kartik,0.662
1763880909.864046,1,Kartik,0.662
1763880910.041217,1,Kartik,0.662
1763880910.2052338,1,Kartik,0.662
1763880910.37016,1,Kartik,0.662
1763880910.5222678,1,Kartik,0.662
1763880910.7017589,1,Kartik,0.662
1763880910.8625898,1,Kartik,0.662
1763880911.03585,1,Kartik,0.662
1763880911.2020102,1,Kartik,0.662
1763880911.3701062,1,Kartik,0.662
1763880911.5377212,1,Kartik,0.662
1763880911.703715,1,Kartik,0.662
1763880911.867041,1,Kartik,0.662
1763880912.0458822,1,Kartik,0.662
1763880912.212167,1,Kartik,0.662
1763880912.379539,1,Kartik,0.662
1763880912.534946,1,Kartik,0.662
1763880912.697886,1,Kartik,0.662
1763880912.8689122,1,Kartik,0.662
1763880913.029759,1,Kartik,0.662
1763880913.200722,1,Kartik,0.662
1763880913.360668,1,Kartik,0.662
1763880913.534932,1,Kartik,0.662
1763880913.6927848,1,Kartik,0.662
1763880913.8678248,1,Kartik,0.662
1763880914.031831,1,Kartik,0.662
1763880914.201888,1,Kartik,0.662
1763880914.361714,1,Kartik,0.662
1763880914.535211,1,Kartik,0.662
1763880914.8331368,1,Kartik,0.662
1763880915.002008,2,Unknown,0.585
1763880915.167468,2,Unknown,0.581
1763880915.32479,2,Unknown,0.544
1763880915.500318,2,Unknown,0.533
1763880915.659967,2,Unknown,0.542
1763880915.8336499,2,Unknown,0.552
1763880915.996284,2,Unknown,0.556
1763880916.179363,2,Kartik,0.609
1763880916.326252,2,Kartik,0.609
1763880916.4986382,2,Kartik,0.609
1763880916.661741,2,Kartik,0.609
1763880916.830997,2,Kartik,0.609
1763880917.006073,2,Kartik,0.609
1763880917.178446,2,Kartik,0.609
1763880917.347882,2,Kartik,0.609
1763880917.5298471,2,Kartik,0.609
1763880917.703538,2,Kartik,0.609
1763880917.864599,2,Kartik,0.609
1763880918.0467079,2,Kartik,0.609
1763880918.203968,2,Kartik,0.609
1763880918.368703,2,Kartik,0.609
1763880918.535647,2,Kartik,0.609
1763880918.7011998,2,Kartik,0.609
1763880918.880092,2,Kartik,0.609
1763880919.035948,2,Kartik,0.609
1763880919.1975858,2,Kartik,0.609
1763880919.366904,2,Kartik,0.609
1763880924.948172,3,Koushik,0.828
1763880925.112344,3,Koushik,0.828
1763880932.113527,4,Koushik,0.721
1763880932.254681,4,Koushik,0.721
1763880932.430476,4,Koushik,0.721
1763880936.219906,5,Koushik,0.742
timestamp,track_id,name,score
1763917836.57313,1,Koushik,0.824
1763917836.788207,1,Koushik,0.824
1763917836.974607,1,Koushik,0.824
1763917837.17314,1,Koushik,0.824
1763917837.380385,1,Koushik,0.824
1763917837.572458,1,Koushik,0.824
1763917837.7786,1,Koushik,0.824
1763917837.9655402,1,Koushik,0.824
1763917838.152823,1,Koushik,0.824
1763917838.359243,1,Koushik,0.824
1763917838.564759,1,Koushik,0.824
1763917838.765161,1,Koushik,0.824
1763917838.966924,1,Koushik,0.824
1763917839.1911948,1,Koushik,0.824
1763917839.3853881,1,Koushik,0.824
1763917839.6317189,1,Koushik,0.824
1763917839.879856,1,Koushik,0.824
1763917840.1204789,1,Koushik,0.824
1763917840.3659258,1,Koushik,0.824
1763917840.5960152,1,Koushik,0.824
1763917840.846056,1,Koushik,0.824
1763917841.079545,1,Koushik,0.824
1763917841.332194,1,Koushik,0.824
1763917841.545187,1,Koushik,0.824
1763917841.8141718,1,Koushik,0.824
1763917842.008577,1,Koushik,0.824
1763917842.210978,1,Koushik,0.824
1763917842.400552,1,Koushik,0.824
1763917842.593214,1,Koushik,0.824
1763917842.77711,1,Koushik,0.824
1763917842.934001,1,Koushik,0.824
1763917843.0946538,1,Koushik,0.824
1763917843.2536,1,Koushik,0.824
1763917843.4355829,1,Koushik,0.824
1763917843.633002,1,Koushik,0.824
1763917843.8329332,1,Koushik,0.824
1763917844.0342999,1,Koushik,0.824
1763917844.2412958,1,Koushik,0.824
1763917844.8327029,2,Unknown,0.254
1763917844.980763,2,Koushik,0.612
1763917845.164672,2,Koushik,0.612
1763917845.320695,3,Koushik,0.629
1763917845.498791,3,Koushik,0.629
1763917845.647661,3,Koushik,0.629
1763917845.8284569,3,Koushik,0.629
1763917845.975182,3,Koushik,0.629
1763917846.551229,4,Unknown,0.020
1763917846.7100549,4,Unknown,0.050
1763917846.8846788,4,Unknown,0.070
1763917847.047387,4,Unknown,0.029
1763917848.019147,5,Unknown,-0.033
1763917848.178282,6,Unknown,0.127
1763917848.364036,6,Unknown,0.231
1763917848.53147,7,Unknown,0.161
1763917848.6864698,8,Unknown,0.251
1763917848.864025,9,Unknown,0.175
1763917849.019862,9,Unknown,0.579
1763917849.1987689,10,Unknown,0.446
1763917849.3540401,10,Unknown,0.335
1763917849.5331562,10,Unknown,0.434
1763917849.6918101,10,Unknown,0.370
1763917849.865107,10,Unknown,0.505
1763917850.021892,10,Unknown,0.507
1763917850.203767,10,Unknown,0.522
1763917850.3632152,10,Unknown,0.504
1763917850.5358279,10,Unknown,0.594
1763917850.688233,10,Unknown,0.568
1763917851.083072,10,Unknown,0.600
1763917851.083086,11,Unknown,0.253
1763917851.258092,10,Unknown,0.325
1763917851.435804,10,Unknown,0.436
1763917851.586711,10,Unknown,0.551
1763917851.788587,10,Kartik,0.676
1763917851.944862,10,Kartik,0.676
1763917852.1169019,10,Kartik,0.676
1763917852.278561,10,Kartik,0.676
1763917852.469771,10,Kartik,0.676
1763917852.4697769,12,Unknown,0.234
1763917852.661553,10,Kartik,0.676
1763917852.8372009,10,Kartik,0.676
1763917852.837209,13,Unknown,0.249
1763917853.026137,10,Kartik,0.676
1763917853.182525,10,Kartik,0.676
1763917853.345035,10,Kartik,0.676
1763917853.5267131,10,Kartik,0.676
1763917853.700211,10,Kartik,0.676
1763917853.865821,10,Kartik,0.676
1763917854.032678,10,Kartik,0.676
1763917854.193629,10,Kartik,0.676
1763917854.350328,10,Kartik,0.676
1763917854.513221,10,Kartik,0.676
1763917854.700937,10,Kartik,0.676
1763917854.84939,10,Kartik,0.676
1763917855.029834,10,Kartik,0.676
1763917855.184271,10,Kartik,0.676
1763917855.365233,10,Kartik,0.676
1763917855.516186,10,Kartik,0.676
1763917855.699544,10,Kartik,0.676
1763917855.8493068,10,Kartik,0.676
1763917856.032356,10,Kartik,0.676
1763917856.188009,10,Kartik,0.676
1763917856.3652742,10,Kartik,0.676
1763917856.5211468,10,Kartik,0.676
1763917856.697495,10,Kartik,0.676
1763917856.8570502,10,Kartik,0.676
1763917857.0299609,10,Kartik,0.676
1763917857.1847591,10,Kartik,0.676
1763917857.365602,10,Kartik,0.676
1763917857.5207648,10,Kartik,0.676
1763917857.701622,10,Kartik,0.676
1763917857.875392,10,Kartik,0.676
1763917858.0519328,10,Kartik,0.676
1763917858.2068548,10,Kartik,0.676
1763917858.3823192,10,Kartik,0.676
1763917858.5413618,10,Kartik,0.676
1763917858.729728,10,Kartik,0.676
1763917858.890665,10,Kartik,0.676
1763917859.062922,10,Kartik,0.676
1763917859.206697,10,Kartik,0.676
1763917859.349549,10,Kartik,0.676
1763917859.520229,10,Kartik,0.676
1763917859.697034,10,Kartik,0.676
1763917859.850411,10,Kartik,0.676
1763917860.031308,10,Kartik,0.676
1763917860.185444,10,Kartik,0.676
1763917860.364727,10,Kartik,0.676
1763917860.516042,10,Kartik,0.676
1763917860.69949,10,Kartik,0.676
1763917860.851478,10,Kartik,0.676
1763917861.0330849,10,Kartik,0.676
1763917861.18703,10,Kartik,0.676
1763917861.365385,10,Kartik,0.676
1763917861.5186229,10,Kartik,0.676
1763917861.699487,10,Kartik,0.676
1763917861.84906,10,Kartik,0.676
1763917862.033557,10,Kartik,0.676
1763917862.182383,10,Kartik,0.676
1763917862.365767,10,Kartik,0.676
1763917862.5173252,10,Kartik,0.676
1763917862.697804,10,Kartik,0.676
1763917862.853346,10,Kartik,0.676
1763917863.036624,10,Kartik,0.676
1763917863.1831849,10,Kartik,0.676
1763917863.3672042,10,Kartik,0.676
1763917863.5251489,10,Kartik,0.676
1763917863.69983,10,Kartik,0.676
1763917863.8545222,10,Kartik,0.676
1763917864.051421,10,Kartik,0.676
1763917864.214887,10,Kartik,0.676
1763917864.384236,10,Kartik,0.676
1763917864.543509,10,Kartik,0.676
1763917864.713869,10,Kartik,0.676
1763917864.886076,10,Kartik,0.676
1763917865.069951,10,Kartik,0.676
1763917865.219251,10,Kartik,0.676
1763917865.376123,10,Kartik,0.676
1763917865.565384,10,Kartik,0.676
1763917865.7146292,10,Kartik,0.676
1763917865.8964329,10,Kartik,0.676
1763917866.064466,10,Kartik,0.676
1763917866.219421,10,Kartik,0.676
1763917866.398232,10,Kartik,0.676
1763917866.5556731,10,Kartik,0.676
1763917866.730575,10,Kartik,0.676
1763917866.8847208,10,Kartik,0.676
1763917867.066925,10,Kartik,0.676
1763917867.2322218,10,Kartik,0.676
1763917867.387559,10,Kartik,0.676
1763917867.565567,10,Kartik,0.676
1763917867.717782,10,Kartik,0.676
1763917867.896905,10,Kartik,0.676
1763917868.0547452,10,Kartik,0.676
1763917868.2320619,10,Kartik,0.676
1763917868.385203,10,Kartik,0.676
1763917868.562455,10,Kartik,0.676
1763917868.717479,10,Kartik,0.676
1763917868.8971891,10,Kartik,0.676
1763917869.051945,10,Kartik,0.676
1763917869.23425,10,Kartik,0.676
1763917869.393131,10,Kartik,0.676
1763917869.567206,10,Kartik,0.676
1763917869.719808,10,Kartik,0.676
1763917869.885519,10,Kartik,0.676
1763917870.0655391,10,Kartik,0.676
1763917870.2189178,10,Kartik,0.676
1763917870.3807209,14,Unknown,0.599
1763917870.541724,10,Kartik,0.676
1763917870.714099,10,Kartik,0.676
1763917870.8815382,10,Kartik,0.676
1763917871.060718,10,Kartik,0.676
1763917871.230564,10,Kartik,0.676
1763917871.380256,10,Kartik,0.676
1763917871.565762,10,Kartik,0.676
1763917871.718314,10,Kartik,0.676
1763917871.8970492,10,Kartik,0.676
1763917872.052924,10,Kartik,0.676
1763917872.232312,10,Kartik,0.676
1763917872.383934,10,Kartik,0.676
1763917872.5644212,10,Kartik,0.676
1763917872.715789,10,Kartik,0.676
1763917872.8973792,10,Kartik,0.676
1763917873.0506098,10,Kartik,0.676
1763917873.232878,10,Kartik,0.676
1763917873.417873,10,Kartik,0.676
1763917873.5885792,10,Kartik,0.676
1763917873.764946,10,Kartik,0.676
1763917873.916577,10,Kartik,0.676
1763917874.099093,10,Kartik,0.676
1763917874.2504609,10,Kartik,0.676
1763917874.430881,10,Kartik,0.676
1763917874.58686,10,Kartik,0.676
1763917874.753273,10,Kartik,0.676
1763917874.924893,10,Kartik,0.676
1763917875.097544,10,Kartik,0.676
1763917875.254022,10,Kartik,0.676
1763917875.434997,10,Kartik,0.676
1763917875.5968058,10,Kartik,0.676
1763917875.767992,10,Kartik,0.676
1763917875.9300742,10,Kartik,0.676
1763917876.116868,10,Kartik,0.676
1763917876.2863538,10,Kartik,0.676
1763917876.44667,10,Kartik,0.676
1763917876.613909,10,Kartik,0.676
1763917876.779841,10,Kartik,0.676
1763917876.959851,10,Kartik,0.676
1763917877.199879,10,Kartik,0.676
1763917877.199887,15,Unknown,0.068
1763917877.351737,10,Kartik,0.676
1763917877.523447,10,Kartik,0.676
1763917877.69772,10,Kartik,0.676
1763917877.845441,10,Kartik,0.676
1763917878.017704,16,Unknown,0.446
1763917878.184854,17,Unknown,0.470
1763917878.383656,18,Unknown,0.495
1763917878.554484,18,Unknown,0.510
1763917878.731395,18,Unknown,0.353
1763917878.8874109,18,Unknown,0.586
1763917879.063085,19,Unknown,0.486
1763917879.208983,19,Kartik,0.610
1763917879.395801,20,Unknown,0.536
1763917879.5664482,20,Unknown,0.557
1763917879.7328131,20,Unknown,0.488
1763917879.899466,20,Kartik,0.631
1763917880.054262,20,Kartik,0.631
1763917880.234553,20,Kartik,0.631
1763917880.401103,20,Kartik,0.631
1763917880.565956,20,Kartik,0.631
1763917880.7164109,20,Kartik,0.631
1763917880.901772,20,Kartik,0.631
1763917881.065562,20,Kartik,0.631
1763917881.229698,20,Kartik,0.631
1763917881.3845959,20,Kartik,0.631
1763917881.580213,20,Kartik,0.631
1763917881.754026,20,Kartik,0.631
1763917881.9327822,20,Kartik,0.631
1763917882.085218,20,Kartik,0.631
1763917882.2831821,20,Kartik,0.631
1763917882.444152,20,Kartik,0.631
1763917882.613748,20,Kartik,0.631
1763917882.773748,20,Kartik,0.631
1763917882.947343,20,Kartik,0.631
1763917883.1302662,20,Kartik,0.631
1763917883.285769,20,Kartik,0.631
1763917883.462005,20,Kartik,0.631
1763917883.6314251,20,Kartik,0.631
1763917883.796233,20,Kartik,0.631
1763917883.9552178,20,Kartik,0.631
1763917884.1317,20,Kartik,0.631
1763917884.284982,20,Kartik,0.631
1763917884.4647439,20,Kartik,0.631
1763917884.616543,20,Kartik,0.631
1763917884.7982621,20,Kartik,0.631
1763917884.950146,20,Kartik,0.631
1763917885.131573,20,Kartik,0.631
1763917885.2853959,20,Kartik,0.631
1763917885.4676569,20,Kartik,0.631
1763917885.632402,21,Unknown,0.492
1763917885.798582,22,Unknown,0.482
1763917886.4981399,23,Unknown,0.542
1763917886.6553018,24,Unknown,0.578
1763917886.830202,25,Unknown,0.586
1763917886.985416,25,Unknown,0.587
1763917890.167881,26,Kartik,0.615
1763917890.319666,26,Kartik,0.615
1763917890.480227,26,Kartik,0.615
1763917890.639529,26,Kartik,0.615
1763917890.814344,26,Kartik,0.615
1763917890.987371,26,Kartik,0.615
1763917891.1654952,26,Kartik,0.615
1763917891.321632,26,Kartik,0.615
1763917891.481846,26,Kartik,0.615
1763917891.65117,26,Kartik,0.615
1763917891.834433,26,Kartik,0.615
1763917891.9897652,26,Kartik,0.615
1763917894.997437,27,Kartik,0.691
1763917895.144756,27,Kartik,0.691
1763917896.55309,28,Kartik,0.689
1763917896.710804,28,Kartik,0.689
1763917896.8800871,28,Kartik,0.689
1763917898.681244,29,Unknown,0.415
1763917898.835279,30,Unknown,0.596
1763917899.6973162,31,Koushik,0.701
1763917902.197353,32,Koushik,0.639
1763917902.386067,32,Koushik,0.639
1763917902.59855,32,Koushik,0.639
1763917903.108816,33,Unknown,0.192
1763917903.880826,34,Koushik,0.611
1763917904.05036,34,Koushik,0.611
1763917904.209034,34,Koushik,0.611
1763917904.39988,34,Koushik,0.611
1763917904.598675,34,Koushik,0.611
1763917904.792303,34,Koushik,0.611
1763917905.0015738,34,Koushik,0.611
1763917905.205756,34,Koushik,0.611
1763917905.4139662,34,Koushik,0.611
1763917905.606378,34,Koushik,0.611
1763917905.8319502,34,Koushik,0.611
1763917905.994352,34,Koushik,0.611
1763917906.1601331,34,Koushik,0.611
1763917906.320638,34,Koushik,0.611
1763917906.4712079,34,Koushik,0.611
1763917906.645521,34,Koushik,0.611
1763917906.847853,34,Koushik,0.611
1763917907.0507991,34,Koushik,0.611
1763917907.267709,34,Koushik,0.611
1763917907.462785,34,Koushik,0.611
1763917907.660932,34,Koushik,0.611
1763917907.8652081,34,Koushik,0.611
1763917908.093757,34,Koushik,0.611
1763917908.333205,35,Unknown,0.391
1763917910.033542,36,Unknown,0.442
1763917910.260965,36,Unknown,0.254
1763917910.5143979,36,Unknown,0.581
1763917910.7420642,36,Unknown,0.556
1763917910.997623,36,Unknown,0.552
1763917911.2236412,36,Unknown,0.566
1763917911.46819,36,Unknown,0.586
1763917911.712167,36,Unknown,0.583
1763917911.9509308,36,Unknown,0.590
1763917912.186079,36,Unknown,0.568
1763917912.434452,36,Unknown,0.556
1763917912.6681159,36,Unknown,0.556
1763917912.913909,36,Unknown,0.550
1763917913.152856,36,Unknown,0.508
1763917913.3945742,36,Unknown,0.488
1763917913.645586,36,Unknown,0.568
1763917913.8773508,36,Unknown,0.573
1763917914.1302662,36,Koushik,0.615
1763917914.3347352,36,Koushik,0.615
1763917914.5697129,36,Koushik,0.615
1763917914.817131,36,Koushik,0.615
1763917915.0682628,36,Koushik,0.615
1763917915.312499,36,Koushik,0.615
1763917915.561592,36,Koushik,0.615
1763917915.8134148,36,Koushik,0.615
1763917916.0453372,36,Koushik,0.615
1763917916.2830012,36,Koushik,0.615
1763917916.518602,36,Koushik,0.615
1763917916.7665112,36,Koushik,0.615
1763917917.012674,36,Koushik,0.615
1763917917.249364,36,Koushik,0.615
1763917917.49599,36,Koushik,0.615
1763917917.7246451,36,Koushik,0.615
1763917917.978682,36,Koushik,0.615
1763917918.213512,36,Koushik,0.615
1763917918.44589,36,Koushik,0.615
1763917918.696901,36,Koushik,0.615
1763917918.926811,37,Unknown,0.204
1763917919.1795661,37,Unknown,0.222
1763917919.4110231,37,Unknown,0.191
1763917919.664487,38,Unknown,0.388
1763917919.897692,38,Unknown,0.231
1763917921.818513,39,Unknown,0.554
1763917922.0511339,39,Unknown,0.597
1763917922.299585,39,Unknown,0.593
1763917922.551774,39,Unknown,0.431
1763917922.783466,39,Unknown,0.224
1763917923.246754,39,Unknown,0.297
1763917923.4378939,40,Unknown,0.163
1763917923.6467671,39,Unknown,0.563
1763917923.8421178,39,Unknown,0.570
1763917924.064833,39,Koushik,0.633
1763917924.271065,39,Koushik,0.633
1763917924.47755,39,Koushik,0.633
1763917924.668087,39,Koushik,0.633
1763917924.882595,39,Koushik,0.633
1763917925.0769348,39,Koushik,0.633
1763917925.283741,39,Koushik,0.633
1763917925.4972842,39,Koushik,0.633
1763917925.700076,39,Koushik,0.633
1763917925.894948,39,Koushik,0.633
1763917926.103575,39,Koushik,0.633
1763917926.2975721,39,Koushik,0.633
1763917926.50288,39,Koushik,0.633
1763917926.6965382,39,Koushik,0.633
1763917926.9018948,39,Koushik,0.633
1763917927.0889988,39,Koushik,0.633
1763917927.2980218,39,Koushik,0.633
1763917927.494339,39,Koushik,0.633
1763917927.7011259,39,Koushik,0.633
1763917927.893489,39,Koushik,0.633
1763917928.099925,39,Koushik,0.633
1763917928.2962759,39,Koushik,0.633
1763917928.536885,39,Koushik,0.633
1763917928.760171,39,Koushik,0.633
1763917928.9584708,39,Koushik,0.633
1763917929.197668,39,Koushik,0.633
1763917929.4528708,39,Koushik,0.633
1763917929.6668868,39,Koushik,0.633
1763917929.9136379,39,Koushik,0.633
1763917930.1796758,39,Koushik,0.633
1763917930.380942,39,Koushik,0.633
1763917930.614665,39,Koushik,0.633
1763917930.864987,39,Koushik,0.633
1763917931.10751,39,Koushik,0.633
1763917931.341627,39,Koushik,0.633
1763917931.614597,39,Koushik,0.633
1763917931.849618,39,Koushik,0.633
timestamp,track_id,name,score
1763918250.9818602,1,Unknown,0.013
1763918251.6898072,1,Unknown,0.011
1763918251.6898172,2,Unknown,0.007
1763918251.873009,1,Unknown,0.002
1763918251.873017,2,Unknown,0.001
1763918252.082314,1,Unknown,0.000
1763918252.08232,2,Unknown,0.004
1763918252.2753038,1,Unknown,0.000
1763918252.27531,2,Unknown,0.004
1763918252.484489,1,Unknown,-0.001
1763918252.677546,1,Unknown,-0.001
1763918252.8822799,1,Unknown,-0.002
1763918253.095538,1,Unknown,-0.002
1763918253.3293319,1,Unknown,-0.002
1763918253.3293371,3,Unknown,-0.001
1763918253.57008,1,Unknown,-0.003
1763918253.570086,3,Unknown,-0.001
1763918253.799482,1,Unknown,-0.003
1763918254.036632,1,Unknown,-0.002
1763918254.036639,3,Unknown,-0.002
1763918254.280146,1,Unknown,-0.002
1763918254.538475,1,Unknown,-0.002
1763918254.538481,3,Unknown,-0.002
1763918254.768672,1,Unknown,-0.002
1763918255.0115352,1,Unknown,-0.002
1763918255.24693,1,Unknown,-0.002
1763918255.497547,1,Unknown,-0.001
1763918255.7274618,1,Unknown,-0.001
1763918255.9750578,1,Unknown,-0.001
1763918256.2171898,1,Unknown,-0.000
1763918256.443404,1,Unknown,-0.000
1763918256.7015219,1,Unknown,-0.001
1763918256.936312,1,Unknown,-0.002
1763918257.176927,1,Unknown,0.001
1763918257.415561,1,Unknown,0.001
1763918257.659416,1,Unknown,0.001
1763918257.901982,1,Unknown,-0.001
1763918258.144824,1,Unknown,-0.000
1763918258.374036,1,Unknown,-0.000
1763918258.617224,1,Unknown,0.001
1763918258.863162,1,Unknown,0.001
1763918259.096537,1,Unknown,0.001
1763918259.341331,1,Unknown,0.001
1763918259.581252,1,Unknown,-0.001
1763918259.8190432,4,Unknown,-0.001
1763918260.0649118,1,Unknown,-0.000
1763918260.304068,1,Unknown,-0.002
1763918260.531508,1,Unknown,-0.004
1763918260.7759428,1,Unknown,-0.002
1763918260.981908,1,Unknown,-0.003
1763918261.178993,1,Unknown,-0.003
1763918261.1790001,5,Unknown,0.002
1763918261.388041,1,Unknown,-0.001
1763918261.583016,1,Unknown,-0.002
1763918261.583026,5,Unknown,-0.000
1763918261.790785,1,Unknown,-0.002
1763918261.790793,5,Unknown,-0.000
1763918261.9741812,1,Unknown,-0.003
1763918262.170593,1,Unknown,-0.003
1763918262.3812292,1,Unknown,-0.002
1763918262.381234,6,Unknown,-0.001
1763918262.582098,1,Unknown,-0.002
1763918262.582104,6,Unknown,-0.001
1763918262.795187,1,Unknown,-0.002
1763918262.7951949,6,Unknown,-0.001
1763918262.986787,1,Unknown,-0.004
1763918263.1873658,1,Unknown,-0.001
1763918263.187372,6,Unknown,-0.001
1763918263.3896089,1,Unknown,-0.001
1763918263.58966,1,Unknown,-0.002
1763918263.7877629,1,Unknown,-0.001
1763918263.989912,1,Unknown,-0.000
1763918264.1918159,1,Unknown,-0.002
1763918264.389623,1,Unknown,-0.003
1763918264.583018,1,Unknown,-0.003
1763918264.791616,1,Unknown,-0.002
1763918264.991085,1,Unknown,-0.002
1763918265.188096,1,Unknown,-0.001
1763918265.3978162,1,Unknown,-0.003
1763918265.5898082,1,Unknown,-0.002
1763918265.7909591,1,Unknown,-0.002
1763918265.992435,1,Unknown,-0.002
1763918266.194358,1,Unknown,-0.002
1763918266.1943629,7,Unknown,0.003
1763918266.3945842,1,Unknown,-0.002
1763918266.602656,1,Unknown,-0.003
1763918266.6026611,7,Unknown,0.002
1763918266.7999911,1,Unknown,-0.003
1763918266.7999969,7,Unknown,-0.001
1763918266.99739,1,Unknown,-0.003
1763918267.200254,1,Unknown,-0.002
1763918267.200261,7,Unknown,-0.004
1763918267.399623,1,Unknown,-0.003
1763918267.603812,1,Unknown,-0.002
1763918267.8093052,1,Unknown,-0.003
1763918267.809312,8,Unknown,-0.001
1763918267.9979908,1,Unknown,-0.003
1763918268.205439,1,Unknown,-0.003
1763918268.4078999,1,Unknown,-0.002
1763918268.407907,9,Unknown,-0.001
1763918268.604751,1,Unknown,-0.003
1763918268.808673,1,Unknown,-0.003
1763918268.8086789,9,Unknown,-0.003
1763918269.002818,1,Unknown,-0.002
1763918269.20478,1,Unknown,-0.004
1763918269.404901,1,Unknown,-0.004
1763918269.6068249,1,Unknown,-0.003
1763918269.808467,1,Unknown,-0.003
1763918270.012119,1,Unknown,-0.002
1763918270.2046652,1,Unknown,-0.003
1763918270.4165661,1,Unknown,-0.003
1763918270.4165719,10,Unknown,0.001
timestamp,track_id,name,score
1763979852.210753,1,Koushik,0.803
1763979852.451843,1,Koushik,0.803
1763979852.626154,1,Koushik,0.803
1763979852.782096,1,Koushik,0.803
1763979852.94815,1,Koushik,0.803
1763979853.120924,1,Koushik,0.803
1763979853.278974,1,Koushik,0.803
1763979853.4538398,1,Koushik,0.803
1763979853.625259,1,Koushik,0.803
1763979853.788404,1,Koushik,0.803
1763979853.950015,1,Koushik,0.803
1763979854.120811,1,Koushik,0.803
1763979854.285961,1,Koushik,0.803
1763979854.469596,1,Koushik,0.803
1763979854.613594,1,Koushik,0.803
1763979854.800585,1,Koushik,0.803
1763979854.949334,1,Koushik,0.803
1763979855.133446,1,Koushik,0.803
1763979855.2881238,1,Koushik,0.803
1763979855.466573,1,Koushik,0.803
1763979855.6275241,1,Koushik,0.803
1763979855.800666,1,Koushik,0.803
1763979855.9479308,1,Koushik,0.803
1763979856.134905,1,Koushik,0.803
1763979856.286633,1,Koushik,0.803
1763979856.468145,1,Koushik,0.803
1763979856.6243331,1,Koushik,0.803
1763979856.80201,1,Koushik,0.803
1763979856.952791,1,Koushik,0.803
1763979857.134672,1,Koushik,0.803
1763979857.283212,1,Koushik,0.803
1763979857.469472,1,Koushik,0.803
1763979857.622936,1,Koushik,0.803
1763979857.8027048,1,Koushik,0.803
1763979857.952239,1,Koushik,0.803
1763979858.151537,1,Koushik,0.803
1763979858.31491,1,Koushik,0.803
1763979858.485248,1,Koushik,0.803
1763979858.6539469,1,Koushik,0.803
1763979858.816882,2,Unknown,0.435
1763979859.6422322,3,Unknown,0.262
1763979859.642238,4,Koushik,0.837
1763979859.801899,4,Koushik,0.837
1763979859.801908,5,Unknown,0.108
1763979859.9609149,4,Koushik,0.837
1763979860.136251,4,Koushik,0.837
1763979860.286987,4,Koushik,0.837
1763979860.4705348,4,Koushik,0.837
1763979860.618391,4,Koushik,0.837
1763979860.801976,4,Koushik,0.837
1763979860.9631438,4,Koushik,0.837
1763979861.133861,4,Koushik,0.837
1763979861.299739,4,Koushik,0.837
1763979861.447996,4,Koushik,0.837
1763979861.634902,4,Koushik,0.837
1763979861.790546,4,Koushik,0.837
1763979861.962364,4,Koushik,0.837
1763979862.119644,4,Koushik,0.837
1763979862.301244,4,Koushik,0.837
1763979862.458805,4,Koushik,0.837
1763979862.631051,4,Koushik,0.837
1763979862.798767,4,Koushik,0.837
1763979862.9649012,4,Koushik,0.837
1763979863.133066,4,Koushik,0.837
1763979864.488244,6,Koushik,0.776
1763979864.664705,6,Koushik,0.776
1763979864.833507,6,Koushik,0.776
1763979864.8335118,7,Unknown,0.230
1763979865.0034308,6,Koushik,0.776
1763979865.003438,7,Unknown,0.170
1763979865.162224,6,Koushik,0.776
1763979865.162229,7,Unknown,0.258
1763979865.344814,6,Koushik,0.776
1763979865.34482,7,Unknown,0.330
1763979865.506306,6,Koushik,0.776
1763979865.6750221,6,Koushik,0.776
1763979865.837785,6,Koushik,0.776
1763979866.003419,6,Koushik,0.776
1763979866.172351,6,Koushik,0.776
1763979866.3363252,6,Koushik,0.776
1763979866.5057101,6,Koushik,0.776
1763979866.6722329,6,Koushik,0.776
1763979866.8519602,6,Koushik,0.776
1763979867.004684,6,Koushik,0.776
1763979867.183936,6,Koushik,0.776
1763979867.335968,6,Koushik,0.776
1763979867.517626,6,Koushik,0.776
1763979867.664595,6,Koushik,0.776
1763979867.8512158,6,Koushik,0.776
1763979868.021327,6,Koushik,0.776
1763979868.021336,8,Unknown,0.182
1763979872.199816,9,Koushik,0.783
1763979872.391816,9,Koushik,0.783
1763979872.3918211,10,Unknown,0.226
1763979872.551362,9,Koushik,0.783
1763979872.720236,9,Koushik,0.783
1763979872.720242,11,Unknown,0.257
1763979872.8789299,9,Koushik,0.783
1763979873.068238,9,Koushik,0.783
1763979873.223304,9,Koushik,0.783
1763979873.39645,9,Koushik,0.783
1763979873.5549068,9,Koushik,0.783
1763979873.716033,9,Koushik,0.783
1763979873.888713,9,Koushik,0.783
1763979874.05485,9,Koushik,0.783
1763979874.2205179,9,Koushik,0.783
1763979874.38574,9,Koushik,0.783
1763979874.571247,9,Koushik,0.783
1763979874.715206,9,Koushik,0.783
1763979874.897795,9,Koushik,0.783
1763979875.054378,9,Koushik,0.783
1763979875.220824,9,Koushik,0.783
1763979875.3877592,9,Koushik,0.783
1763979875.547838,9,Koushik,0.783
1763979875.730091,9,Koushik,0.783
1763979875.901113,9,Koushik,0.783
1763979876.053011,9,Koushik,0.783
1763979876.234862,9,Koushik,0.783
1763979876.384494,9,Koushik,0.783
1763979876.555269,9,Koushik,0.783
1763979876.717613,12,Koushik,0.829
1763979876.9009259,13,Koushik,0.793
1763979879.9880261,14,Unknown,0.137
1763979879.988032,15,Unknown,0.077
1763979880.1359959,16,Unknown,0.159
1763979880.136001,17,Unknown,0.144
1763979880.324335,17,Unknown,0.300
1763979880.3243399,18,Unknown,0.094
1763979880.479936,19,Unknown,0.228
1763979880.638471,20,Unknown,0.214
1763979880.79631,21,Unknown,0.277
1763979880.9378262,22,Unknown,0.162
1763979882.569205,23,Unknown,0.143
1763979885.8216991,24,Unknown,0.106
1763979885.8217049,25,Unknown,0.136
1763979886.041721,26,Unknown,0.015
1763979886.0417259,27,Unknown,0.214
1763979886.041728,28,Unknown,0.065
1763979886.20639,29,Unknown,0.170
1763979886.206395,30,Unknown,0.094
1763979886.373152,31,Unknown,0.173
1763979886.373157,32,Unknown,0.088
1763979886.373159,33,Unknown,0.090
1763979886.6150131,34,Unknown,0.183
1763979886.615018,35,Unknown,0.155
1763979886.615019,36,Unknown,0.231
1763979886.61502,37,Unknown,0.207
1763979886.7799418,38,Unknown,0.128
1763979886.779947,39,Unknown,0.125
1763979886.779949,40,Unknown,0.145
1763979886.7799501,41,Unknown,0.096
1763979886.9375942,38,Unknown,0.151
1763979886.937598,39,Unknown,0.114
1763979886.937599,42,Unknown,0.368
1763979886.937601,43,Unknown,0.222
1763979887.1178691,44,Unknown,0.155
1763979887.117874,45,Unknown,0.148
1763979887.117876,46,Unknown,0.107
1763979887.117877,47,Unknown,0.367
1763979887.280651,45,Unknown,0.143
1763979887.2806559,47,Unknown,0.357
1763979887.2806568,48,Unknown,0.148
1763979887.280659,49,Unknown,0.184
1763979887.444641,50,Unknown,0.152
1763979887.4446452,51,Unknown,0.105
1763979887.444646,52,Unknown,0.352
1763979887.444648,53,Unknown,0.090
1763979887.612863,54,Unknown,0.131
1763979887.612868,55,Unknown,0.076
1763979887.61287,56,Unknown,0.323
1763979887.612871,57,Unknown,0.107
1763979887.775902,54,Unknown,0.171
1763979887.775908,55,Unknown,0.224
1763979887.77591,56,Unknown,0.566
1763979887.7759109,57,Unknown,0.209
1763979887.946027,54,Unknown,0.134
1763979887.946033,55,Unknown,0.145
1763979887.946034,56,Unknown,0.473
1763979887.946035,57,Unknown,0.278
1763979888.1083589,54,Unknown,0.152
1763979888.108364,55,Unknown,0.146
1763979888.108365,56,Unknown,0.545
1763979888.108366,58,Unknown,0.101
1763979888.279327,59,Unknown,0.148
1763979888.2793322,60,Unknown,0.158
1763979888.2793338,61,Unknown,0.243
1763979888.279335,62,Unknown,0.185
1763979888.443508,63,Unknown,0.116
1763979888.4435132,64,Unknown,0.171
1763979888.4435148,65,Unknown,0.428
1763979888.443516,66,Unknown,0.096
1763979888.623013,63,Unknown,0.169
1763979888.623017,64,Unknown,0.212
1763979888.623019,66,Unknown,0.332
1763979888.62302,67,Unknown,0.352
1763979888.780281,63,Unknown,0.124
1763979888.780285,64,Unknown,0.144
1763979888.780287,66,Unknown,0.272
1763979888.780288,67,Unknown,0.345
1763979888.963727,63,Unknown,0.154
1763979888.963734,64,Unknown,0.142
1763979888.963735,66,Unknown,0.150
1763979888.963737,67,Unknown,0.329
1763979889.1134238,63,Unknown,0.101
1763979889.1134279,64,Unknown,0.124
1763979889.11343,66,Unknown,-0.005
1763979889.113431,67,Unknown,0.208
1763979889.2769659,64,Unknown,0.181
1763979889.276972,66,Unknown,0.152
1763979889.276974,67,Unknown,0.213
1763979889.2769752,68,Unknown,0.107
1763979889.463233,64,Unknown,0.087
1763979889.46324,66,Unknown,0.072
1763979889.4632409,67,Unknown,0.427
1763979889.463243,68,Unknown,0.101
1763979889.630573,64,Unknown,0.243
1763979889.6305778,66,Unknown,0.036
1763979889.630579,67,Unknown,0.344
1763979889.63058,68,Unknown,0.091
1763979889.796576,64,Unknown,0.184
1763979889.796582,66,Unknown,0.228
1763979889.796583,67,Unknown,0.411
1763979889.7965848,68,Unknown,0.135
1763979889.9658592,64,Unknown,0.104
1763979889.965867,66,Unknown,0.098
1763979889.965869,67,Unknown,0.259
1763979889.9658701,68,Unknown,0.052
1763979890.121588,64,Unknown,0.211
1763979890.1215942,66,Unknown,0.238
1763979890.121871,67,Unknown,0.227
1763979890.121872,68,Unknown,0.050
1763979890.285326,64,Unknown,0.129
1763979890.285331,66,Unknown,0.375
1763979890.285332,67,Unknown,0.355
1763979890.285333,68,Unknown,0.140
1763979890.455395,64,Unknown,0.199
1763979890.4554,67,Unknown,0.366
1763979890.455402,68,Unknown,0.104
1763979890.455403,69,Unknown,0.247
1763979890.628505,64,Unknown,0.168
1763979890.628511,67,Unknown,0.242
1763979890.628512,68,Unknown,0.097
1763979890.628513,69,Unknown,0.187
1763979890.79207,70,Unknown,0.208
1763979890.792074,71,Unknown,0.211
1763979890.792075,72,Unknown,0.146
1763979890.792077,73,Unknown,0.257
1763979890.944124,74,Unknown,0.141
1763979890.944129,75,Unknown,0.268
1763979890.94413,76,Unknown,0.138
1763979890.9441311,77,Unknown,0.381
1763979891.13007,75,Unknown,0.401
1763979891.130076,77,Unknown,0.419
1763979891.130077,78,Unknown,0.155
1763979891.130079,79,Unknown,0.145
1763979891.292243,80,Unknown,0.117
1763979891.2922492,81,Unknown,0.268
1763979891.2922502,82,Unknown,0.120
1763979891.436439,83,Unknown,0.150
1763979891.596619,84,Unknown,0.140
1763979891.734842,85,Unknown,0.299
1763979891.896944,85,Unknown,0.257
1763979892.036623,86,Unknown,0.086
1763979892.208179,87,Unknown,0.081
1763979892.3725271,88,Unknown,0.198
1763979892.5465589,89,Unknown,0.221
1763979892.5465658,90,Unknown,0.145
1763979892.7059,91,Unknown,0.230
1763979892.705906,92,Unknown,0.120
1763979892.87115,93,Unknown,0.275
1763979892.871156,94,Unknown,0.028
1763979893.0414531,93,Unknown,0.365
1763979893.0414588,95,Unknown,0.072
1763979893.2060978,96,Unknown,0.244
1763979893.206103,97,Unknown,0.022
1763979893.374023,98,Unknown,0.284
1763979893.374027,99,Unknown,0.153
1763979893.537766,98,Unknown,0.220
1763979893.537771,100,Unknown,0.043
1763979893.707457,98,Unknown,0.332
1763979893.707463,100,Unknown,0.056
1763979893.869774,98,Unknown,0.438
1763979893.869782,100,Unknown,0.088
1763979894.041226,98,Unknown,0.290
1763979894.0412312,100,Unknown,0.189
1763979894.203669,98,Unknown,0.457
1763979894.2036731,100,Unknown,0.117
1763979894.374791,98,Unknown,0.403
1763979894.374796,100,Unknown,0.226
1763979894.5434828,98,Unknown,0.281
1763979894.543488,100,Unknown,0.305
1763979894.707607,98,Unknown,0.384
1763979894.707613,100,Unknown,0.338
1763979894.86494,98,Unknown,0.388
1763979894.8649468,100,Unknown,0.354
1763979895.016017,98,Unknown,0.319
1763979895.016022,100,Unknown,0.337
1763979895.16743,98,Unknown,0.353
1763979895.167437,100,Unknown,0.245
1763979895.312223,98,Unknown,0.391
1763979895.3122282,100,Unknown,0.267
1763979895.49045,98,Unknown,0.341
1763979895.490456,100,Unknown,0.242
1763979895.490457,101,Unknown,0.133
1763979895.636571,98,Unknown,0.343
1763979895.636576,100,Unknown,0.305
1763979895.636578,101,Unknown,0.135
1763979895.8100128,98,Unknown,0.338
1763979895.810018,100,Unknown,0.353
1763979895.8100202,101,Unknown,0.094
1763979895.981162,98,Unknown,0.382
1763979895.981167,100,Unknown,0.286
1763979895.981168,101,Unknown,0.054
1763979895.981169,102,Unknown,0.100
1763979896.1442502,98,Unknown,0.365
1763979896.144255,100,Unknown,0.295
1763979896.144257,101,Unknown,0.098
1763979896.308309,98,Unknown,0.387
1763979896.3083148,100,Unknown,0.297
1763979896.308317,101,Unknown,0.130
1763979896.480691,98,Unknown,0.317
1763979896.480695,100,Unknown,0.351
1763979896.480698,101,Unknown,0.092
1763979896.4806988,103,Unknown,0.121
1763979896.6539562,98,Unknown,0.320
1763979896.653962,100,Unknown,0.310
1763979896.653963,101,Unknown,0.100
1763979896.653965,103,Unknown,0.257
1763979896.80968,98,Unknown,0.496
1763979896.809685,100,Unknown,0.213
1763979896.809686,101,Unknown,0.158
1763979896.9805539,98,Unknown,0.365
1763979896.9805582,100,Unknown,0.091
1763979896.980559,101,Unknown,0.083
1763979896.9805598,103,Unknown,0.194
1763979897.149528,98,Unknown,0.426
1763979897.149535,100,Unknown,0.075
1763979897.149536,101,Unknown,0.115
1763979897.324448,98,Unknown,0.371
1763979897.324455,100,Unknown,0.355
1763979897.324456,101,Unknown,0.130
1763979897.4820428,98,Unknown,0.269
1763979897.482048,100,Unknown,0.405
1763979897.482049,101,Unknown,0.092
1763979897.654589,98,Unknown,0.338
1763979897.654596,100,Unknown,0.278
1763979897.654597,101,Unknown,0.116
1763979897.810733,98,Unknown,0.473
1763979897.8107378,100,Unknown,0.359
1763979897.81074,101,Unknown,0.114
1763979897.992247,98,Unknown,0.350
1763979897.9922528,100,Unknown,0.499
1763979897.992255,101,Unknown,0.109
1763979897.992256,104,Unknown,0.156
1763979898.138744,98,Unknown,0.387
1763979898.1387498,100,Unknown,0.580
1763979898.138751,101,Unknown,0.154
1763979898.138752,104,Unknown,0.057
1763979898.317937,98,Unknown,0.352
1763979898.317943,100,Unknown,0.259
1763979898.317945,101,Unknown,0.169
1763979898.476552,98,Unknown,0.311
1763979898.476558,100,Unknown,0.250
1763979898.4765592,101,Unknown,0.081
1763979898.6380851,98,Unknown,0.440
1763979898.63809,100,Unknown,0.333
1763979898.806622,98,Unknown,0.369
1763979898.806627,100,Unknown,0.180
1763979898.973404,98,Unknown,0.331
1763979898.9734101,100,Unknown,0.256
1763979899.1527581,98,Unknown,0.316
1763979899.152763,100,Unknown,0.243
1763979899.3187551,98,Unknown,0.405
1763979899.318759,100,Unknown,0.269
1763979899.4740238,98,Unknown,0.205
1763979899.474028,100,Unknown,0.405
1763979899.633043,98,Unknown,0.372
1763979899.633049,100,Unknown,0.369
1763979899.7733288,98,Unknown,0.363
1763979899.773333,100,Unknown,0.211
1763979899.934531,98,Unknown,0.301
1763979899.934536,100,Unknown,0.359
1763979900.076017,98,Unknown,0.414
1763979900.076022,100,Unknown,0.308
1763979900.076024,105,Unknown,0.125
1763979900.242608,98,Unknown,0.298
1763979900.242614,100,Unknown,0.464
1763979900.2426162,105,Unknown,0.221
1763979900.409185,98,Unknown,0.401
1763979900.409191,100,Unknown,0.430
1763979900.4091918,105,Unknown,0.135
1763979900.569994,98,Unknown,0.428
1763979900.57,106,Unknown,0.432
1763979900.740932,107,Unknown,0.330
1763979900.740936,108,Unknown,0.178
1763979900.8974562,109,Unknown,0.243
1763979902.802046,110,Unknown,0.043
1763979902.96261,110,Unknown,0.362
1763979903.128617,110,Unknown,0.414
1763979905.2804391,111,Unknown,0.202
1763979905.4690702,112,Unknown,0.163
1763979905.469077,113,Unknown,0.114
1763979905.638496,113,Unknown,0.089
1763979905.638502,114,Unknown,0.209
1763979905.804137,115,Unknown,-0.069
1763979905.968459,115,Unknown,0.077
1763979906.102159,116,Unknown,0.049
1763979906.651746,117,Unknown,0.025
1763979906.94011,118,Unknown,0.078
1763979907.1169221,119,Unknown,0.158
1763979907.42468,120,Unknown,0.309
1763979907.424685,121,Unknown,0.206
1763979907.589706,122,Unknown,0.384
1763979907.589712,123,Unknown,0.368
1763979907.756298,124,Unknown,0.447
1763979907.756303,125,Unknown,0.483
1763979907.9215848,123,Unknown,0.449
1763979907.92159,126,Unknown,0.358
1763979908.09267,123,Koushik,0.657
1763979908.0926762,126,Unknown,0.372
1763979908.251658,127,Unknown,0.444
1763979908.251664,128,Unknown,0.484
1763979908.417313,129,Unknown,0.432
1763979908.4173179,130,Koushik,0.663
1763979908.598412,131,Unknown,0.390
1763979908.598419,132,Unknown,0.226
1763979908.598421,133,Unknown,0.069
1763979908.598422,134,Koushik,0.642
1763979908.767364,135,Unknown,0.374
1763979908.767373,136,Unknown,0.224
1763979908.767375,137,Koushik,0.808
1763979908.767377,138,Unknown,0.027
1763979908.948732,139,Unknown,0.486
1763979908.948739,140,Unknown,0.104
1763979908.9487412,141,Koushik,0.691
1763979908.948742,142,Unknown,0.038
1763979909.479902,143,Unknown,0.427
1763979909.479907,144,Unknown,0.354
1763979909.4799092,145,Koushik,0.607
1763979909.4799109,146,Unknown,0.191
1763979909.479912,147,Unknown,0.102
1763979909.681563,148,Unknown,0.361
1763979909.681568,149,Koushik,0.758
1763979909.681569,150,Unknown,0.165
1763979909.68157,151,Unknown,0.197
1763979909.681571,152,Unknown,0.279
1763979909.860097,148,Unknown,0.379
1763979909.860102,149,Koushik,0.758
1763979909.860103,153,Unknown,0.145
1763979909.860105,154,Unknown,0.169
1763979909.860106,155,Unknown,0.300
1763979910.037673,148,Unknown,0.381
1763979910.0376809,149,Koushik,0.758
1763979910.037992,154,Unknown,0.295
1763979910.037994,155,Unknown,0.348
1763979910.037995,156,Unknown,0.050
1763979910.213503,148,Unknown,0.396
1763979910.2135098,149,Koushik,0.758
1763979910.213512,154,Unknown,0.156
1763979910.213513,157,Unknown,0.118
1763979910.213514,158,Unknown,0.369
1763979910.381751,149,Koushik,0.758
1763979910.3817558,154,Unknown,0.140
1763979910.381758,159,Unknown,0.328
1763979910.381759,160,Unknown,0.315
1763979910.38176,161,Unknown,0.122
1763979910.564349,149,Koushik,0.758
1763979910.5643551,154,Unknown,0.154
1763979910.564356,159,Unknown,0.359
1763979910.564357,161,Unknown,0.133
1763979910.72751,162,Unknown,0.325
1763979910.727515,163,Unknown,0.133
1763979910.727517,164,Unknown,0.437
1763979910.915446,165,Unknown,0.308
1763979910.915452,166,Unknown,0.221
1763979910.915454,167,Unknown,0.582
1763979910.9154549,168,Unknown,0.220
1763979911.1121762,169,Unknown,0.329
1763979911.112182,170,Unknown,0.092
1763979911.112184,171,Unknown,0.507
1763979911.112185,172,Unknown,0.118
1763979911.275306,173,Unknown,0.291
1763979911.275315,174,Unknown,0.172
1763979911.275316,175,Unknown,0.373
1763979911.275317,176,Unknown,0.107
1763979911.275318,177,Unknown,0.021
1763979911.4437299,178,Unknown,0.290
1763979911.443736,179,Unknown,0.150
1763979911.443737,180,Unknown,0.486
1763979911.4437382,181,Unknown,0.280
1763979911.610024,173,Unknown,0.284
1763979911.610029,179,Unknown,0.237
1763979911.6100302,182,Unknown,0.208
1763979911.610032,183,Unknown,0.365
1763979911.7750971,181,Unknown,0.228
1763979911.775103,184,Unknown,0.251
1763979911.775104,185,Unknown,0.220
1763979911.775105,186,Unknown,0.258
1763979911.95275,179,Unknown,0.139
1763979911.952755,182,Unknown,0.234
1763979911.952756,183,Koushik,0.692
1763979911.952757,184,Unknown,0.297
1763979912.149801,183,Koushik,0.692
1763979912.1498072,184,Unknown,0.268
1763979912.1498082,187,Unknown,0.113
1763979912.1498098,188,Unknown,0.003
1763979912.149811,189,Unknown,0.167
1763979912.327404,183,Koushik,0.692
1763979912.3274088,184,Unknown,0.367
1763979912.32741,187,Unknown,0.157
1763979912.327412,189,Unknown,0.180
1763979912.505068,190,Unknown,0.362
1763979912.505076,191,Unknown,0.229
1763979912.505077,192,Unknown,0.341
1763979912.505078,193,Unknown,0.167
1763979912.6803231,194,Unknown,0.207
1763979912.6803288,195,Unknown,0.179
1763979912.68033,196,Koushik,0.605
1763979912.6803331,197,Unknown,0.378
1763979912.841687,198,Unknown,0.341
1763979912.841693,199,Unknown,0.113
1763979912.8416939,200,Unknown,0.354
1763979912.841695,201,Unknown,0.286
1763979913.0034518,202,Unknown,0.160
1763979913.003458,203,Unknown,0.349
1763979913.0034602,204,Unknown,0.160
1763979913.0034611,205,Unknown,0.237
1763979913.168601,202,Unknown,0.204
1763979913.168608,206,Unknown,0.061
1763979913.1686091,207,Unknown,0.553
1763979913.168614,208,Unknown,0.277
1763979913.3414688,202,Unknown,0.217
1763979913.341474,209,Unknown,0.012
1763979913.341475,210,Koushik,0.644
1763979913.3414762,211,Unknown,0.229
1763979913.497733,212,Unknown,0.242
1763979913.497739,213,Unknown,0.461
1763979913.49774,214,Unknown,0.218
1763979913.4977422,215,Unknown,0.136
1763979913.6752052,216,Unknown,0.452
1763979913.675211,217,Unknown,0.385
1763979913.675213,218,Unknown,0.075
1763979913.675214,219,Unknown,0.106
1763979913.848872,220,Unknown,0.206
1763979913.848877,221,Unknown,0.499
1763979913.8488781,222,Unknown,0.182
1763979913.84888,223,Unknown,0.161
1763979914.04888,224,Koushik,0.606
1763979914.048886,225,Unknown,0.200
1763979914.048888,226,Unknown,0.092
1763979914.0488892,227,Unknown,0.115
1763979914.2444701,228,Unknown,0.556
1763979914.244475,229,Unknown,0.078
1763979914.2444758,230,Unknown,0.177
1763979914.427818,231,Koushik,0.621
1763979914.427826,232,Unknown,0.211
1763979914.427827,233,Unknown,0.082
1763979914.6038,234,Koushik,0.629
1763979914.603806,235,Unknown,-0.006
1763979914.603807,236,Unknown,0.171
1763979914.755955,237,Unknown,0.565
1763979914.75596,238,Unknown,0.061
1763979914.7559621,239,Unknown,0.108
1763979914.7559628,240,Unknown,0.076
1763979914.923468,241,Unknown,0.074
1763979914.9234738,242,Unknown,0.437
1763979914.923475,243,Unknown,0.088
1763979915.09487,244,Unknown,0.389
1763979915.0948749,245,Unknown,-0.003
1763979915.094877,246,Unknown,0.542
1763979915.094878,247,Unknown,0.298
1763979915.2668319,244,Unknown,0.331
1763979915.2668421,248,Unknown,0.094
1763979915.2668438,249,Koushik,0.622
1763979915.266845,250,Unknown,0.181
1763979915.4361758,251,Unknown,0.325
1763979915.4361842,252,Unknown,0.349
1763979915.436186,253,Unknown,0.065
1763979915.436188,254,Unknown,0.152
1763979915.6096718,255,Unknown,0.286
1763979915.609678,256,Koushik,0.613
1763979915.6096792,257,Unknown,0.149
1763979915.6096818,258,Unknown,0.216
1763979915.813678,255,Unknown,0.326
1763979915.813683,256,Koushik,0.613
1763979915.813685,257,Unknown,0.070
1763979915.8136861,259,Unknown,0.084
1763979915.813687,260,Unknown,0.140
1763979915.9763489,255,Unknown,0.335
1763979915.976356,256,Koushik,0.613
1763979915.9763572,261,Unknown,0.139
1763979915.976359,262,Unknown,0.082
1763979915.9763598,263,Unknown,0.166
1763979916.149035,264,Unknown,0.381
1763979916.149041,265,Koushik,0.623
1763979916.149042,266,Unknown,0.146
1763979916.1490428,267,Unknown,0.284
1763979916.149045,268,Unknown,0.475
1763979916.315091,264,Unknown,0.330
1763979916.3150988,265,Koushik,0.623
1763979916.3151,269,Unknown,0.054
1763979916.3151019,270,Unknown,0.221
1763979916.315103,271,Unknown,0.192
1763979916.4870698,272,Unknown,0.334
1763979916.4870772,273,Unknown,0.200
1763979916.487078,274,Unknown,0.148
1763979916.4870799,275,Unknown,0.499
1763979916.487081,276,Unknown,0.217
1763979916.687156,277,Unknown,0.214
1763979916.6871622,278,Unknown,0.108
1763979916.6871638,279,Unknown,0.141
1763979916.687165,280,Unknown,0.296
1763979916.687166,281,Unknown,0.147
1763979916.89622,282,Unknown,0.345
1763979916.896228,283,Unknown,0.165
1763979916.896229,284,Unknown,0.324
1763979916.89623,285,Unknown,0.273
1763979916.896231,286,Unknown,0.187
1763979917.083182,286,Unknown,0.146
1763979917.08319,287,Unknown,0.461
1763979917.0831912,288,Unknown,0.074
1763979917.083192,289,Unknown,0.419
1763979917.083193,290,Unknown,0.011
1763979917.2662961,283,Unknown,0.183
1763979917.2663019,284,Unknown,0.439
1763979917.266304,287,Unknown,0.294
1763979917.2663062,291,Unknown,0.213
1763979917.266307,292,Unknown,0.032
1763979917.435984,283,Unknown,0.294
1763979917.435992,284,Unknown,0.365
1763979917.4359941,292,Unknown,0.205
1763979917.4359949,293,Unknown,0.433
1763979917.435997,294,Unknown,0.207
1763979917.60218,283,Unknown,0.211
1763979917.602187,284,Unknown,0.562
1763979917.602188,291,Unknown,0.223
1763979917.602189,292,Unknown,0.271
1763979917.6021912,293,Unknown,0.297
1763979917.783884,283,Unknown,0.098
1763979917.7838888,291,Unknown,0.278
1763979917.78389,292,Unknown,0.175
1763979917.783892,295,Unknown,0.313
1763979917.783893,296,Unknown,0.578
1763979917.983094,297,Unknown,0.262
1763979917.983099,298,Unknown,0.085
1763979917.9831,299,Unknown,0.216
1763979917.983101,300,Unknown,0.300
1763979917.9831018,301,Unknown,0.407
1763979918.165021,302,Unknown,0.488
1763979918.165026,303,Unknown,0.080
1763979918.165028,304,Unknown,0.244
1763979918.165029,305,Unknown,0.155
1763979918.16503,306,Unknown,0.411
1763979918.332293,302,Unknown,0.398
1763979918.332299,307,Unknown,0.174
1763979918.3323011,308,Unknown,0.169
1763979918.332302,309,Unknown,0.356
1763979918.4963782,302,Unknown,0.462
1763979918.496383,310,Unknown,0.128
1763979918.496384,311,Unknown,0.195
1763979918.496385,312,Koushik,0.632
1763979918.6708522,313,Unknown,0.254
1763979918.6708632,314,Koushik,0.603
1763979918.840804,315,Unknown,0.328
1763979918.8408089,316,Unknown,0.224
1763979918.84081,317,Unknown,0.365
1763979918.995397,318,Unknown,0.076
1763979918.995401,319,Unknown,0.460
1763979918.995402,320,Unknown,0.035
1763979919.177053,321,Unknown,0.594
1763979919.177057,322,Unknown,0.122
1763979919.177058,323,Unknown,0.128
1763979919.1770592,324,Unknown,0.179
1763979919.323332,325,Unknown,0.153
1763979919.323385,326,Unknown,0.300
1763979919.3233862,327,Unknown,0.216
1763979919.514486,328,Unknown,-0.019
1763979919.5144908,329,Unknown,0.365
1763979919.514493,330,Unknown,0.105
1763979919.514494,331,Unknown,0.184
1763979919.514495,332,Unknown,0.148
1763979919.7005382,333,Unknown,0.256
1763979919.700544,334,Unknown,0.386
1763979919.700546,335,Unknown,0.102
1763979919.700547,336,Unknown,0.217
1763979919.7005482,337,Unknown,0.016
1763979920.118449,334,Unknown,0.399
1763979920.118455,338,Unknown,0.474
1763979920.1184561,339,Unknown,0.321
1763979920.118457,340,Unknown,-0.061
1763979920.118458,341,Unknown,0.141
1763979920.11846,342,Unknown,-0.064
1763979920.5494819,338,Unknown,0.440
1763979920.54949,343,Unknown,0.208
1763979920.549492,344,Unknown,0.190
1763979920.549493,345,Unknown,0.296
1763979920.549494,346,Unknown,0.114
1763979920.549495,347,Unknown,0.004
1763979920.5494962,348,Unknown,0.211
1763979920.751795,338,Unknown,0.552
1763979920.751801,349,Unknown,0.224
1763979920.7518022,350,Unknown,0.298
1763979920.751803,351,Unknown,-0.036
1763979920.7518048,352,Unknown,0.327
1763979920.751806,353,Unknown,0.025
1763979920.9367082,338,Unknown,0.463
1763979920.936714,349,Unknown,0.313
1763979920.936716,350,Unknown,0.249
1763979920.936717,351,Unknown,-0.016
1763979920.9367192,352,Unknown,0.230
1763979920.93672,353,Unknown,0.047
1763979920.93672,354,Unknown,0.083
1763979921.102853,338,Unknown,0.514
1763979921.102859,349,Unknown,0.138
1763979921.10286,350,Unknown,0.236
1763979921.1028621,352,Unknown,0.129
1763979921.102863,355,Unknown,0.017
1763979921.1028638,356,Unknown,0.018
1763979921.275441,338,Unknown,0.524
1763979921.2754471,349,Unknown,0.439
1763979921.275448,350,Unknown,0.085
1763979921.275449,351,Unknown,0.030
1763979921.2754502,352,Unknown,-0.022
1763979921.275451,353,Unknown,0.115
1763979921.275452,354,Unknown,0.352
1763979921.4420822,338,Unknown,0.501
1763979921.442091,350,Unknown,0.221
1763979921.4420931,351,Unknown,-0.030
1763979921.442094,357,Unknown,0.464
1763979921.442095,358,Unknown,0.131
1763979921.4420962,359,Unknown,0.174
1763979921.618211,338,Unknown,0.332
1763979921.618217,360,Unknown,0.371
1763979921.618218,361,Unknown,0.108
1763979921.61822,362,Unknown,-0.049
1763979921.618221,363,Unknown,0.179
1763979921.618222,364,Unknown,0.120
1763979921.817491,365,Unknown,0.090
1763979921.817496,366,Unknown,0.449
1763979921.817497,367,Unknown,0.208
1763979921.8174982,368,Unknown,0.077
1763979921.8174999,369,Unknown,0.109
1763979921.8175008,370,Unknown,0.083
1763979921.996928,365,Unknown,0.170
1763979921.996934,366,Unknown,0.570
1763979921.9969358,367,Unknown,0.079
1763979921.996937,368,Unknown,0.299
1763979921.996938,369,Unknown,0.065
1763979921.996939,370,Unknown,0.066
1763979922.178466,366,Unknown,0.381
1763979922.17847,367,Unknown,0.255
1763979922.178472,371,Unknown,0.112
1763979922.178473,372,Unknown,0.289
1763979922.178474,373,Unknown,0.046
1763979922.178475,374,Unknown,0.190
1763979922.178476,375,Unknown,0.049
1763979922.361301,376,Unknown,0.263
1763979922.3613062,377,Unknown,0.254
1763979922.361307,378,Unknown,0.291
1763979922.3613079,379,Unknown,0.092
1763979922.3613088,380,Unknown,0.213
1763979922.36131,381,Unknown,0.072
1763979922.5530062,382,Unknown,0.323
1763979922.553011,383,Unknown,0.307
1763979922.553012,384,Unknown,0.249
1763979922.553013,385,Unknown,0.060
1763979922.553014,386,Unknown,0.220
1763979922.553016,387,Unknown,-0.036
1763979922.5530171,388,Unknown,-0.005
1763979922.73549,382,Unknown,0.485
1763979922.735497,389,Unknown,0.414
1763979922.735498,390,Unknown,0.164
1763979922.735499,391,Unknown,0.152
1763979922.7355,392,Unknown,0.046
1763979922.735502,393,Unknown,0.189
1763979922.7355032,394,Unknown,0.096
1763979922.909216,382,Unknown,0.481
1763979922.909222,389,Unknown,0.359
1763979922.909224,390,Unknown,0.102
1763979922.909225,395,Unknown,0.285
1763979922.909226,396,Unknown,-0.011
1763979922.909227,397,Unknown,-0.051
1763979922.909228,398,Unknown,0.047
1763979923.080272,382,Unknown,0.435
1763979923.080277,389,Unknown,0.283
1763979923.080278,390,Unknown,0.172
1763979923.080279,395,Unknown,0.339
1763979923.08028,396,Unknown,0.301
1763979923.080281,399,Unknown,0.080
1763979923.0802822,400,Unknown,-0.058
1763979923.257567,382,Unknown,0.488
1763979923.2575722,401,Unknown,0.249
1763979923.2575731,402,Unknown,-0.060
1763979923.2575748,403,Unknown,-0.029
1763979923.257576,404,Unknown,0.292
1763979923.257577,405,Unknown,0.292
1763979923.257578,406,Unknown,0.120
1763979923.4507048,382,Unknown,0.493
1763979923.450711,407,Unknown,0.212
1763979923.4507132,408,Unknown,0.316
1763979923.450714,409,Unknown,-0.020
1763979923.4507148,410,Unknown,0.030
1763979923.450716,411,Unknown,0.247
1763979923.628167,382,Unknown,0.538
1763979923.628171,412,Unknown,0.192
1763979923.628172,413,Unknown,0.196
1763979923.628173,414,Unknown,0.039
1763979923.628174,415,Unknown,0.133
1763979923.80119,415,Unknown,0.146
1763979923.801195,416,Unknown,0.317
1763979923.801196,417,Unknown,0.002
1763979923.801198,418,Unknown,0.168
1763979923.972327,419,Unknown,-0.033
1763979923.972332,420,Unknown,0.144
1763979923.9723341,421,Unknown,0.125
1763979924.2711282,422,Unknown,0.307
1763979924.271134,423,Unknown,0.156
1763979924.419883,424,Unknown,0.023
1763979924.59777,424,Unknown,0.351
1763979925.566304,425,Unknown,0.447
1763979925.71996,425,Unknown,0.301
1763979926.033403,425,Unknown,0.258
1763979926.1881752,425,Unknown,0.229
1763979926.470923,425,Unknown,0.341
1763979926.6388512,425,Unknown,0.231
1763979926.80456,425,Unknown,0.354
1763979926.968429,425,Unknown,0.414
1763979927.64928,426,Unknown,0.440
1763979927.815309,426,Unknown,0.425
1763979927.984291,426,Unknown,0.448
1763979931.768508,427,Unknown,0.189
1763979934.732141,428,Unknown,0.087
1763979934.890528,428,Unknown,0.348
1763979935.085021,428,Unknown,0.426
1763979935.0850282,429,Unknown,0.027
1763979935.268938,428,Unknown,0.416
1763979935.268945,430,Unknown,0.094
1763979935.43852,428,Unknown,0.306
1763979935.438525,431,Unknown,0.081
1763979935.438526,432,Unknown,0.103
1763979935.5977228,433,Unknown,-0.004
1763979935.597729,434,Unknown,0.334
1763979935.597731,435,Unknown,0.092
1763979935.757992,436,Unknown,0.265
1763979936.3323479,437,Unknown,0.155
1763979938.7938619,438,Koushik,0.736
1763979938.9539762,439,Koushik,0.811
1763979939.120079,439,Koushik,0.811
1763979939.269572,439,Koushik,0.811
1763979939.4371781,439,Koushik,0.811
1763979939.601505,440,Unknown,0.500
1763979939.783316,441,Unknown,0.427
1763979939.9459782,440,Koushik,0.837
1763979940.116697,440,Koushik,0.837
1763979940.275821,440,Koushik,0.837
1763979940.453233,440,Koushik,0.837
1763979940.613587,440,Koushik,0.837
1763979940.778208,440,Koushik,0.837
1763979940.960546,440,Koushik,0.837
1763979941.1174002,440,Koushik,0.837
1763979941.279841,440,Koushik,0.837
1763979941.455519,440,Koushik,0.837
1763979941.612753,440,Koushik,0.837
1763979941.786921,440,Koushik,0.837
1763979941.950756,440,Koushik,0.837
1763979942.120151,440,Koushik,0.837
1763979942.274838,440,Koushik,0.837
1763979942.451296,440,Koushik,0.837
1763979942.611997,440,Koushik,0.837
1763979942.786602,440,Koushik,0.837
1763979942.946774,440,Koushik,0.837
1763979943.136671,440,Koushik,0.837
1763979943.273473,440,Koushik,0.837
1763979943.4511292,440,Koushik,0.837
1763979943.615515,440,Koushik,0.837
1763979943.8055859,440,Koushik,0.837
1763979943.9750981,440,Koushik,0.837
1763979944.141289,440,Koushik,0.837
1763979944.322664,440,Koushik,0.837
1763979944.482535,440,Koushik,0.837
1763979944.652166,440,Koushik,0.837
1763979944.8513129,440,Koushik,0.837
1763979945.004235,440,Koushik,0.837
1763979945.165677,440,Koushik,0.837
1763979945.3063731,440,Koushik,0.837
1763979945.469246,440,Koushik,0.837
timestamp,track_id,name,score
1763988105.259212,1,Koushik,0.882
1763988105.2592251,2,Unknown,0.311
1763988105.710915,1,Koushik,0.882
1763988105.710922,2,Unknown,0.292
1763988105.710923,3,Unknown,0.562
1763988105.913653,1,Koushik,0.882
1763988105.9136589,2,Unknown,0.245
1763988105.9136598,3,Unknown,0.502
1763988106.11797,1,Koushik,0.882
1763988106.1179829,2,Unknown,0.212
1763988106.117985,3,Unknown,0.560
1763988106.326466,1,Koushik,0.882
1763988106.326478,2,Unknown,0.302
1763988106.32648,3,Unknown,0.581
1763988106.523595,1,Koushik,0.882
1763988106.5236008,2,Unknown,0.289
1763988106.523603,3,Unknown,0.527
1763988106.712054,1,Koushik,0.882
1763988106.7120588,2,Unknown,0.303
1763988106.712061,3,Unknown,0.498
1763988106.872628,1,Koushik,0.882
1763988106.872635,2,Unknown,0.336
1763988106.872637,3,Unknown,0.507
1763988107.127496,1,Koushik,0.882
1763988107.127502,2,Unknown,0.312
1763988107.1275039,3,Unknown,0.521
1763988107.1275048,4,Unknown,-0.028
1763988107.3163562,1,Koushik,0.882
1763988107.316363,2,Unknown,0.328
1763988107.316364,3,Unknown,0.515
1763988107.479249,1,Koushik,0.882
1763988107.479255,2,Unknown,0.352
1763988107.479257,3,Unknown,0.529
1763988107.643397,1,Koushik,0.882
1763988107.643411,2,Unknown,0.366
1763988107.6434119,3,Unknown,0.484
1763988107.824163,1,Koushik,0.882
1763988107.824168,2,Unknown,0.355
1763988107.8241699,3,Unknown,0.476
1763988108.0192928,1,Koushik,0.882
1763988108.019299,2,Unknown,0.327
1763988108.0193012,3,Unknown,0.493
1763988108.22813,1,Koushik,0.882
1763988108.2281358,2,Unknown,0.332
1763988108.228138,3,Unknown,0.515
1763988108.228139,5,Unknown,0.342
1763988108.423094,1,Koushik,0.882
1763988108.4230988,2,Unknown,0.260
1763988108.423101,3,Unknown,0.490
1763988108.423102,5,Unknown,0.324
1763988108.616399,1,Koushik,0.882
1763988108.6164072,2,Unknown,0.371
1763988108.616408,3,Unknown,0.451
1763988108.61641,5,Unknown,0.319
1763988108.8041909,1,Koushik,0.882
1763988108.8041961,2,Unknown,0.328
1763988108.804197,3,Unknown,0.463
1763988108.975787,1,Koushik,0.882
1763988108.975801,2,Unknown,0.355
1763988108.975803,3,Unknown,0.438
1763988109.1622741,1,Koushik,0.882
1763988109.162281,2,Unknown,0.385
1763988109.162282,3,Unknown,0.476
1763988109.3596852,1,Koushik,0.882
1763988109.359692,2,Unknown,0.348
1763988109.359694,3,Unknown,0.460
1763988109.552304,1,Koushik,0.882
1763988109.552311,2,Unknown,0.287
1763988109.5523121,3,Unknown,0.431
1763988109.747307,1,Koushik,0.882
1763988109.747314,2,Unknown,0.366
1763988109.747315,3,Unknown,0.440
1763988109.9152179,1,Koushik,0.882
1763988109.915225,2,Unknown,0.357
1763988109.9152262,3,Unknown,0.371
1763988110.08011,1,Koushik,0.882
1763988110.080116,2,Unknown,0.331
1763988110.080118,3,Unknown,0.183
1763988110.2477849,1,Koushik,0.882
1763988110.247791,2,Unknown,0.272
1763988110.2477922,3,Unknown,0.271
1763988110.413476,1,Koushik,0.882
1763988110.413483,2,Unknown,0.335
1763988110.413484,3,Unknown,0.276
1763988110.576163,1,Koushik,0.882
1763988110.5761678,2,Unknown,0.268
1763988110.755332,1,Koushik,0.882
1763988110.755338,2,Unknown,0.295
1763988110.755339,3,Unknown,0.279
1763988110.9497359,1,Koushik,0.882
1763988110.949746,2,Unknown,0.277
1763988110.9497468,3,Unknown,0.290
1763988111.1194959,1,Koushik,0.882
1763988111.119502,2,Unknown,0.330
1763988111.3421571,1,Koushik,0.882
1763988111.342165,2,Unknown,0.317
1763988111.3421671,6,Unknown,0.246
1763988111.522461,1,Koushik,0.882
1763988111.5224671,2,Unknown,0.315
1763988111.522468,6,Unknown,0.106
1763988111.7179189,1,Koushik,0.882
1763988111.7179258,2,Unknown,0.347
1763988111.717927,6,Unknown,0.429
1763988111.717928,7,Unknown,0.334
1763988111.92114,1,Koushik,0.882
1763988111.9211462,2,Unknown,0.330
1763988111.9211478,6,Unknown,0.370
1763988112.121799,1,Koushik,0.882
1763988112.121807,2,Unknown,0.345
1763988112.1218078,6,Unknown,0.324
1763988112.12181,7,Unknown,0.363
1763988112.328466,1,Koushik,0.882
1763988112.328473,2,Unknown,0.342
1763988112.328475,6,Unknown,0.308
1763988112.328476,7,Unknown,0.304
1763988112.518375,1,Koushik,0.882
1763988112.518382,2,Unknown,0.332
1763988112.5183842,6,Unknown,0.413
1763988112.518385,7,Unknown,0.277
1763988112.707959,1,Koushik,0.882
1763988112.707964,2,Unknown,0.325
1763988112.707965,6,Unknown,0.433
1763988112.8943949,1,Koushik,0.882
1763988112.894401,2,Unknown,0.333
1763988112.894402,6,Unknown,0.426
1763988112.894403,7,Unknown,0.347
1763988113.095135,1,Koushik,0.882
1763988113.0951412,2,Unknown,0.357
1763988113.095149,6,Unknown,0.422
1763988113.09515,7,Unknown,0.382
1763988113.285783,1,Koushik,0.882
1763988113.285789,2,Unknown,0.305
1763988113.285791,6,Unknown,0.436
1763988113.49266,1,Koushik,0.882
1763988113.492666,2,Unknown,0.344
1763988113.492668,6,Unknown,0.482
1763988113.68274,1,Koushik,0.882
1763988113.682747,2,Unknown,0.345
1763988113.682749,6,Unknown,0.493
1763988113.860182,1,Koushik,0.882
1763988113.860189,2,Unknown,0.352
1763988113.86019,6,Unknown,0.497
1763988113.8601909,8,Unknown,0.468
1763988114.0535731,1,Koushik,0.882
1763988114.05358,2,Unknown,0.376
1763988114.0535822,6,Unknown,0.528
1763988114.257887,1,Koushik,0.882
1763988114.257893,2,Unknown,0.358
1763988114.2578938,6,Unknown,0.449
1763988114.455111,1,Koushik,0.882
1763988114.455117,2,Unknown,0.375
1763988114.4551182,6,Unknown,0.546
1763988114.658988,1,Koushik,0.882
1763988114.658994,2,Unknown,0.329
1763988114.6589959,6,Unknown,0.475
1763988114.861035,1,Koushik,0.882
1763988114.861043,2,Unknown,0.334
1763988114.861044,6,Unknown,0.467
1763988115.058811,1,Koushik,0.882
1763988115.058817,2,Unknown,0.318
1763988115.058819,6,Unknown,0.465
1763988115.259506,1,Koushik,0.882
1763988115.2595131,2,Unknown,0.337
1763988115.259514,6,Unknown,0.460
1763988115.4581382,1,Koushik,0.882
1763988115.458143,2,Unknown,0.377
1763988115.458144,6,Unknown,0.455
1763988115.653924,1,Koushik,0.882
1763988115.65393,2,Unknown,0.393
1763988115.653932,6,Unknown,0.447
1763988115.8579168,1,Koushik,0.882
1763988115.857922,2,Unknown,0.403
1763988115.8579252,6,Unknown,0.497
1763988116.0573518,1,Koushik,0.882
1763988116.05736,2,Unknown,0.349
1763988116.057361,6,Unknown,0.508
1763988116.261714,1,Koushik,0.882
1763988116.2617211,2,Unknown,0.352
1763988116.2617228,6,Unknown,0.534
1763988116.261724,9,Unknown,0.240
1763988116.456817,1,Koushik,0.882
1763988116.456822,2,Unknown,0.363
1763988116.456823,6,Unknown,0.515
1763988116.456824,9,Unknown,0.353
1763988116.6644878,1,Koushik,0.882
1763988116.664494,2,Unknown,0.352
1763988116.664495,6,Unknown,0.414
1763988116.85805,1,Koushik,0.882
1763988116.8580549,2,Unknown,0.369
1763988116.858057,6,Unknown,0.466
1763988117.0523012,1,Koushik,0.882
1763988117.052307,2,Unknown,0.360
1763988117.052309,6,Unknown,0.491
1763988117.258643,1,Koushik,0.882
1763988117.25865,2,Unknown,0.335
1763988117.2586508,6,Unknown,0.470
1763988117.481677,1,Koushik,0.882
1763988117.481688,2,Unknown,0.342
1763988117.481689,6,Unknown,0.476
1763988117.481691,10,Unknown,0.303
1763988117.692377,1,Koushik,0.882
1763988117.6923819,2,Unknown,0.374
1763988117.692384,6,Unknown,0.520
1763988117.692385,10,Unknown,0.328
1763988117.879472,1,Koushik,0.882
1763988117.879477,2,Unknown,0.325
1763988117.879478,6,Unknown,0.508
1763988117.8794801,10,Unknown,0.319
1763988118.047549,1,Koushik,0.882
1763988118.047555,2,Unknown,0.283
1763988118.047557,6,Unknown,0.537
1763988118.0475578,10,Unknown,0.394
1763988118.245402,1,Koushik,0.882
1763988118.245408,2,Unknown,0.331
1763988118.24541,6,Unknown,0.464
1763988118.2454112,10,Unknown,0.414
1763988118.427949,1,Koushik,0.882
1763988118.427955,2,Unknown,0.394
1763988118.427957,6,Unknown,0.521
1763988118.427958,10,Unknown,0.281
1763988118.620807,1,Koushik,0.882
1763988118.6208131,2,Unknown,0.392
1763988118.620814,6,Unknown,0.430
1763988118.620815,10,Unknown,0.402
1763988118.830374,1,Koushik,0.882
1763988118.830379,2,Unknown,0.354
1763988118.83038,6,Unknown,0.425
1763988118.8303812,10,Unknown,0.428
1763988119.028648,1,Koushik,0.882
1763988119.028655,2,Unknown,0.308
1763988119.028657,6,Unknown,0.404
1763988119.028658,10,Unknown,0.351
1763988119.224156,1,Koushik,0.882
1763988119.224163,2,Unknown,0.299
1763988119.2241652,6,Unknown,0.425
1763988119.224166,10,Unknown,0.363
1763988119.4292438,1,Koushik,0.882
1763988119.429251,2,Unknown,0.328
1763988119.4292521,6,Unknown,0.465
1763988119.429253,10,Unknown,0.397
1763988119.6368608,1,Koushik,0.882
1763988119.636867,2,Unknown,0.323
1763988119.636868,6,Unknown,0.498
1763988119.6368692,10,Unknown,0.408
1763988119.906977,1,Koushik,0.882
1763988119.9069839,2,Unknown,0.309
1763988119.906986,6,Unknown,0.490
1763988119.906987,10,Unknown,0.432
1763988119.9069881,11,Unknown,0.173
1763988120.087211,1,Koushik,0.882
1763988120.0872161,2,Unknown,0.334
1763988120.0872169,6,Unknown,0.419
1763988120.0872178,10,Unknown,0.425
1763988120.294871,1,Koushik,0.882
1763988120.2948759,2,Unknown,0.328
1763988120.2948768,6,Unknown,0.452
1763988120.294878,10,Unknown,0.416
1763988120.491971,1,Koushik,0.882
1763988120.491977,2,Unknown,0.332
1763988120.4919791,6,Unknown,0.437
1763988120.49198,10,Unknown,0.386
1763988120.69556,1,Koushik,0.882
1763988120.6955688,2,Unknown,0.324
1763988120.695571,6,Unknown,0.449
1763988120.695572,10,Unknown,0.423
1763988120.893933,1,Koushik,0.882
1763988120.893939,2,Unknown,0.342
1763988120.893941,6,Unknown,0.407
1763988120.893942,10,Unknown,0.323
1763988121.095285,1,Koushik,0.882
1763988121.0952919,2,Unknown,0.346
1763988121.095293,6,Unknown,0.408
1763988121.095295,10,Unknown,0.374
1763988121.302284,1,Koushik,0.882
1763988121.302291,2,Unknown,0.327
1763988121.302293,6,Unknown,0.456
1763988121.302294,10,Unknown,0.380
1763988121.4966998,1,Koushik,0.882
1763988121.496707,2,Unknown,0.356
1763988121.496709,6,Unknown,0.513
1763988121.4967098,10,Unknown,0.399
1763988121.697796,1,Koushik,0.882
1763988121.6978009,2,Unknown,0.299
1763988121.697803,6,Unknown,0.397
1763988121.697804,10,Unknown,0.331
1763988121.908284,1,Koushik,0.882
1763988121.908291,2,Unknown,0.297
1763988121.908292,6,Unknown,0.442
1763988121.908293,10,Unknown,0.304
1763988122.101215,1,Koushik,0.882
1763988122.101223,2,Unknown,0.286
1763988122.101224,6,Unknown,0.495
1763988122.101225,10,Unknown,0.279
1763988122.2976,1,Koushik,0.882
1763988122.297607,2,Unknown,0.328
1763988122.297608,6,Unknown,0.439
1763988122.2976089,10,Unknown,0.314
1763988122.502781,1,Koushik,0.882
1763988122.502788,2,Unknown,0.239
1763988122.50279,6,Unknown,0.441
1763988122.502791,10,Unknown,0.253
1763988122.696806,1,Koushik,0.882
1763988122.696813,2,Unknown,0.286
1763988122.696814,6,Unknown,0.423
1763988122.696815,10,Unknown,0.243
1763988122.90385,1,Koushik,0.882
1763988122.903856,2,Unknown,0.283
1763988122.903857,6,Unknown,0.516
1763988122.903858,10,Unknown,0.222
1763988123.0970922,1,Koushik,0.882
1763988123.0970979,2,Unknown,0.288
1763988123.097099,6,Unknown,0.469
1763988123.097101,10,Unknown,0.283
1763988123.3025448,1,Koushik,0.882
1763988123.30255,2,Unknown,0.293
1763988123.302552,6,Unknown,0.524
1763988123.3025532,10,Unknown,0.279
1763988123.517764,1,Koushik,0.882
1763988123.5177758,2,Unknown,0.319
1763988123.517778,6,Unknown,0.405
1763988123.5177789,10,Unknown,0.222
1763988123.7346308,1,Koushik,0.882
1763988123.734637,2,Unknown,0.303
1763988123.7346392,6,Unknown,0.463
1763988123.7346401,10,Unknown,0.224
1763988123.9263942,1,Koushik,0.882
1763988123.926399,2,Unknown,0.303
1763988123.9264011,6,Unknown,0.449
1763988123.926402,10,Unknown,0.215
1763988124.116891,1,Koushik,0.882
1763988124.116897,2,Unknown,0.303
1763988124.116898,6,Unknown,0.504
1763988124.116899,10,Unknown,0.285
1763988124.3387158,1,Koushik,0.882
1763988124.3387232,2,Unknown,0.285
1763988124.3387241,6,Unknown,0.498
1763988124.3387258,10,Unknown,0.349
1763988124.533567,1,Koushik,0.882
1763988124.5335748,2,Unknown,0.332
1763988124.533577,6,Unknown,0.484
1763988124.533579,10,Unknown,0.274
1763988124.746204,1,Koushik,0.882
1763988124.746212,2,Unknown,0.284
1763988124.746214,6,Unknown,0.464
1763988124.7462149,10,Unknown,0.277
1763988124.926389,1,Koushik,0.882
1763988124.9263942,2,Unknown,0.331
1763988124.926396,6,Unknown,0.452
1763988124.9263968,10,Unknown,0.356
1763988125.134072,1,Koushik,0.882
1763988125.1340768,2,Unknown,0.282
1763988125.134078,6,Unknown,0.443
1763988125.13408,10,Unknown,0.285
1763988125.320808,1,Koushik,0.882
1763988125.320813,2,Unknown,0.328
1763988125.3208141,6,Unknown,0.457
1763988125.320815,10,Unknown,0.339
1763988125.537565,1,Koushik,0.882
1763988125.537571,2,Unknown,0.336
1763988125.537573,6,Unknown,0.507
1763988125.5375738,10,Unknown,0.331
1763988125.72898,1,Koushik,0.882
1763988125.728986,2,Unknown,0.297
1763988125.728987,6,Unknown,0.506
1763988125.728988,10,Unknown,0.354
1763988125.927229,1,Koushik,0.882
1763988125.9272351,2,Unknown,0.307
1763988125.927236,6,Unknown,0.469
1763988125.927237,10,Unknown,0.438
1763988126.124824,1,Koushik,0.882
1763988126.1248288,2,Unknown,0.275
1763988126.12483,6,Unknown,0.491
1763988126.325237,1,Koushik,0.882
1763988126.325242,2,Unknown,0.312
1763988126.325243,6,Unknown,0.473
1763988126.325244,12,Unknown,0.200
1763988126.524914,1,Koushik,0.882
1763988126.52492,2,Unknown,0.317
1763988126.5249221,6,Unknown,0.502
1763988126.726061,1,Koushik,0.882
1763988126.726068,2,Unknown,0.299
1763988126.72607,6,Unknown,0.443
1763988126.726072,13,Unknown,0.310
1763988126.912908,1,Koushik,0.882
1763988126.912914,2,Unknown,0.301
1763988126.912915,6,Unknown,0.454
1763988127.077593,1,Koushik,0.882
1763988127.0776021,2,Unknown,0.337
1763988127.077603,6,Unknown,0.466
1763988127.247257,1,Koushik,0.882
1763988127.247263,2,Unknown,0.309
1763988127.247265,6,Unknown,0.457
1763988127.417482,1,Koushik,0.882
1763988127.4174879,2,Unknown,0.314
1763988127.41749,6,Unknown,0.457
1763988127.5920372,1,Koushik,0.882
1763988127.592043,2,Unknown,0.285
1763988127.592045,6,Unknown,0.485
1763988127.793582,1,Koushik,0.882
1763988127.793588,2,Unknown,0.309
1763988127.79359,6,Unknown,0.455
1763988127.988221,1,Koushik,0.882
1763988127.988229,2,Unknown,0.296
1763988127.988231,6,Unknown,0.446
1763988128.194904,1,Koushik,0.882
1763988128.19491,2,Unknown,0.332
1763988128.194911,6,Unknown,0.480
1763988128.194913,14,Unknown,0.331
1763988128.3950799,1,Koushik,0.882
1763988128.395087,2,Unknown,0.308
1763988128.395089,6,Unknown,0.486
1763988128.3950899,14,Unknown,0.409
1763988128.596585,1,Koushik,0.882
1763988128.5965922,2,Unknown,0.345
1763988128.596593,6,Unknown,0.453
1763988128.5965939,14,Unknown,0.429
1763988128.792334,1,Koushik,0.882
1763988128.7923388,2,Unknown,0.305
1763988128.79234,6,Unknown,0.438
1763988128.792341,14,Unknown,0.440
1763988128.9965272,1,Koushik,0.882
1763988128.996533,2,Unknown,0.301
1763988128.996535,6,Unknown,0.420
1763988128.996536,14,Unknown,0.421
1763988129.1978502,1,Koushik,0.882
1763988129.1978571,2,Unknown,0.288
1763988129.197858,6,Unknown,0.436
1763988129.197859,14,Unknown,0.362
1763988129.3970351,1,Koushik,0.882
1763988129.3970408,2,Unknown,0.295
1763988129.397042,6,Unknown,0.563
1763988129.397043,14,Unknown,0.356
1763988129.623339,1,Koushik,0.882
1763988129.62335,2,Unknown,0.287
1763988129.623351,6,Unknown,0.534
1763988129.623352,14,Unknown,0.305
1763988129.8490958,1,Koushik,0.882
1763988129.849102,2,Unknown,0.290
1763988129.849104,6,Unknown,0.520
1763988129.849105,14,Unknown,0.356
1763988130.0369449,1,Koushik,0.882
1763988130.036951,2,Unknown,0.294
1763988130.036952,6,Unknown,0.463
1763988130.036953,14,Unknown,0.313
1763988130.228608,1,Koushik,0.882
1763988130.2286148,2,Unknown,0.301
1763988130.228616,6,Unknown,0.485
1763988130.228617,14,Unknown,0.280
1763988130.432611,1,Koushik,0.882
1763988130.432617,2,Unknown,0.324
1763988130.432619,6,Unknown,0.477
1763988130.43262,14,Unknown,0.313
1763988130.648013,1,Koushik,0.882
1763988130.64802,2,Unknown,0.312
1763988130.648022,6,Unknown,0.459
1763988130.648024,14,Unknown,0.379
1763988130.8491,1,Koushik,0.882
1763988130.849108,2,Unknown,0.306
1763988130.8491101,6,Unknown,0.442
1763988130.849111,14,Unknown,0.319
1763988131.061622,1,Koushik,0.882
1763988131.061627,2,Unknown,0.295
1763988131.0616279,6,Unknown,0.447
1763988131.0616288,14,Unknown,0.307
1763988131.262858,1,Koushik,0.882
1763988131.2628648,2,Unknown,0.325
1763988131.262867,6,Unknown,0.498
1763988131.262868,14,Unknown,0.358
1763988131.463094,1,Koushik,0.882
1763988131.4630988,2,Unknown,0.307
1763988131.463101,6,Unknown,0.469
1763988131.4631019,14,Unknown,0.324
1763988131.658126,1,Koushik,0.882
1763988131.658131,2,Unknown,0.295
1763988131.658132,6,Unknown,0.507
1763988131.658133,14,Unknown,0.275
1763988131.8617542,1,Koushik,0.882
1763988131.861759,2,Unknown,0.305
1763988131.861761,6,Unknown,0.468
1763988131.861762,14,Unknown,0.309
1763988132.063212,1,Koushik,0.882
1763988132.0632179,2,Unknown,0.302
1763988132.0632188,6,Unknown,0.472
1763988132.063221,14,Unknown,0.316
1763988132.282145,1,Koushik,0.882
1763988132.2821498,2,Unknown,0.285
1763988132.282151,6,Unknown,0.475
1763988132.282153,14,Unknown,0.309
1763988132.463275,1,Koushik,0.882
1763988132.463281,2,Unknown,0.337
1763988132.463283,6,Unknown,0.493
1763988132.463284,14,Unknown,0.285
1763988132.6644962,1,Koushik,0.882
1763988132.664503,2,Unknown,0.312
1763988132.664504,6,Unknown,0.539
1763988132.6645062,14,Unknown,0.313
1763988132.877443,1,Koushik,0.882
1763988132.877451,2,Unknown,0.297
1763988132.877453,6,Unknown,0.467
1763988132.877454,14,Unknown,0.304
1763988133.066211,1,Koushik,0.882
1763988133.066218,2,Unknown,0.280
1763988133.066219,6,Unknown,0.516
1763988133.066221,14,Unknown,0.362
1763988133.2629209,1,Koushik,0.882
1763988133.262927,2,Unknown,0.291
1763988133.2629278,6,Unknown,0.483
1763988133.262929,14,Unknown,0.339
1763988133.467732,1,Koushik,0.882
1763988133.4677382,2,Unknown,0.243
1763988133.4677398,6,Unknown,0.531
1763988133.467741,14,Unknown,0.393
1763988133.688555,1,Koushik,0.882
1763988133.688562,2,Unknown,0.317
1763988133.6885629,6,Unknown,0.522
1763988133.688564,14,Unknown,0.423
1763988133.688565,15,Unknown,0.003
1763988133.87107,1,Koushik,0.882
1763988133.871076,2,Unknown,0.305
1763988133.8710778,6,Unknown,0.550
1763988133.871079,14,Unknown,0.348
1763988134.078581,1,Koushik,0.882
1763988134.0785909,2,Unknown,0.286
1763988134.078593,6,Unknown,0.541
1763988134.078594,14,Unknown,0.378
1763988134.263367,1,Koushik,0.882
1763988134.263375,2,Unknown,0.270
1763988134.2633758,6,Unknown,0.550
1763988134.263377,14,Unknown,0.374
1763988134.5443578,14,Unknown,0.379
1763988134.701081,14,Unknown,0.423
1763988136.085477,16,Unknown,0.401
1763988136.085485,17,Unknown,0.250
1763988136.290297,16,Unknown,0.400
1763988136.290312,17,Unknown,0.274
1763988136.290314,18,Koushik,0.896
1763988136.290315,19,Unknown,0.468
1763988136.46332,16,Unknown,0.411
1763988136.463328,17,Unknown,0.294
1763988136.463329,18,Koushik,0.896
1763988136.46333,19,Unknown,0.538
1763988136.630835,16,Unknown,0.406
1763988136.63084,17,Unknown,0.301
1763988136.6308422,18,Koushik,0.896
1763988136.630843,19,Unknown,0.547
1763988136.7944589,16,Unknown,0.404
1763988136.794469,17,Unknown,0.294
1763988136.7944698,18,Koushik,0.896
1763988136.794471,19,Unknown,0.578
1763988136.9655528,16,Unknown,0.404
1763988136.965559,17,Unknown,0.310
1763988136.96556,18,Koushik,0.896
1763988136.9655612,19,Unknown,0.547
1763988137.1482072,16,Unknown,0.374
1763988137.148214,17,Unknown,0.267
1763988137.148216,18,Koushik,0.896
1763988137.1482172,19,Unknown,0.529
1763988137.363298,16,Unknown,0.352
1763988137.363308,17,Unknown,0.282
1763988137.3633091,18,Koushik,0.896
1763988137.36331,19,Unknown,0.515
1763988137.563835,16,Unknown,0.367
1763988137.5638442,17,Unknown,0.293
1763988137.5638452,18,Koushik,0.896
1763988137.5638468,19,Unknown,0.558
1763988137.745475,16,Unknown,0.383
1763988137.7454789,17,Unknown,0.288
1763988137.745481,18,Koushik,0.896
1763988137.745482,19,Unknown,0.513
1763988137.942076,16,Unknown,0.402
1763988137.942084,17,Unknown,0.273
1763988137.942085,18,Koushik,0.896
1763988137.942086,19,Unknown,0.518
1763988138.14732,16,Unknown,0.424
1763988138.147325,17,Unknown,0.293
1763988138.147327,18,Koushik,0.896
1763988138.147328,19,Unknown,0.515
1763988138.34873,16,Unknown,0.454
1763988138.348737,17,Unknown,0.312
1763988138.348738,18,Koushik,0.896
1763988138.34874,19,Unknown,0.509
1763988138.5460281,16,Unknown,0.387
1763988138.546033,17,Unknown,0.272
1763988138.5460339,18,Koushik,0.896
1763988138.546035,19,Unknown,0.542
1763988138.751429,16,Unknown,0.413
1763988138.751435,17,Unknown,0.286
1763988138.751436,18,Koushik,0.896
1763988138.751437,19,Unknown,0.439
1763988138.946406,16,Unknown,0.428
1763988138.946413,17,Unknown,0.245
1763988138.9464152,18,Koushik,0.896
1763988138.9464161,19,Unknown,0.496
1763988139.147946,16,Unknown,0.436
1763988139.1479528,17,Unknown,0.276
1763988139.147955,18,Koushik,0.896
1763988139.147957,19,Unknown,0.463
1763988139.346716,16,Unknown,0.404
1763988139.3467221,17,Unknown,0.265
1763988139.346723,18,Koushik,0.896
1763988139.346724,19,Unknown,0.577
1763988139.550401,16,Unknown,0.449
1763988139.550407,17,Unknown,0.304
1763988139.550408,18,Koushik,0.896
1763988139.55041,19,Unknown,0.506
1763988139.765418,16,Unknown,0.413
1763988139.765423,17,Unknown,0.253
1763988139.765424,18,Koushik,0.896
1763988139.765426,19,Unknown,0.456
1763988139.946303,16,Unknown,0.394
1763988139.946309,17,Unknown,0.282
1763988139.9463098,18,Koushik,0.896
1763988139.946311,19,Unknown,0.394
1763988140.145993,16,Unknown,0.419
1763988140.1460009,17,Unknown,0.314
1763988140.1460018,18,Koushik,0.896
1763988140.146004,19,Unknown,0.477
1763988140.366177,16,Unknown,0.429
1763988140.3661819,17,Unknown,0.254
1763988140.366184,18,Koushik,0.896
1763988140.366185,19,Unknown,0.483
1763988140.548671,16,Unknown,0.431
1763988140.548678,17,Unknown,0.291
1763988140.5486798,18,Koushik,0.896
1763988140.548681,19,Unknown,0.471
1763988140.7507951,16,Unknown,0.398
1763988140.7508008,17,Unknown,0.300
1763988140.750803,18,Koushik,0.896
1763988140.750804,19,Unknown,0.475
1763988140.971919,16,Unknown,0.430
1763988140.971926,17,Unknown,0.318
1763988140.9719281,18,Koushik,0.896
1763988140.971929,19,Unknown,0.510
1763988140.97193,20,Unknown,-0.048
1763988141.15462,16,Unknown,0.446
1763988141.154625,17,Unknown,0.264
1763988141.154627,18,Koushik,0.896
1763988141.1546292,19,Unknown,0.454
1763988141.3229408,16,Unknown,0.415
1763988141.322958,17,Unknown,0.278
1763988141.32296,19,Unknown,0.457
1763988141.4972858,16,Unknown,0.410
1763988141.497292,17,Unknown,0.295
1763988141.4972942,18,Koushik,0.896
1763988141.4972951,19,Unknown,0.409
1763988141.7044532,16,Unknown,0.431
1763988141.7044601,17,Unknown,0.285
1763988141.704461,18,Koushik,0.896
1763988141.704462,19,Unknown,0.440
1763988141.916044,16,Unknown,0.400
1763988141.916049,17,Unknown,0.255
1763988141.916051,18,Koushik,0.896
1763988141.9160519,19,Unknown,0.424
1763988142.097887,16,Unknown,0.409
1763988142.0978932,17,Unknown,0.283
1763988142.097895,18,Koushik,0.896
1763988142.0978959,19,Unknown,0.452
1763988142.32789,16,Unknown,0.446
1763988142.327901,17,Unknown,0.291
1763988142.327903,18,Koushik,0.896
1763988142.327904,19,Unknown,0.445
1763988142.327905,21,Unknown,0.109
1763988142.519197,16,Unknown,0.409
1763988142.5192041,17,Unknown,0.285
1763988142.6853702,16,Unknown,0.389
1763988147.2788732,22,Unknown,0.404
1763988147.27888,23,Unknown,0.087
1763988147.4796019,22,Unknown,0.325
1763988147.4796102,23,Unknown,0.266
1763988147.479611,24,Koushik,0.809
1763988147.4796128,25,Unknown,0.502
1763988147.66849,22,Unknown,0.406
1763988147.668496,23,Unknown,0.283
1763988147.6684968,24,Koushik,0.809
1763988147.6684978,25,Unknown,0.440
1763988147.838162,22,Unknown,0.404
1763988147.838167,23,Unknown,0.240
1763988147.8381681,24,Koushik,0.809
1763988147.838169,25,Unknown,0.440
1763988148.016084,22,Unknown,0.413
1763988148.0160902,23,Unknown,0.287
1763988148.0160909,24,Koushik,0.809
1763988148.016093,25,Unknown,0.474
1763988148.213653,22,Unknown,0.429
1763988148.213658,23,Unknown,0.277
1763988148.2136588,24,Koushik,0.809
1763988148.21366,25,Unknown,0.516
1763988148.425781,22,Unknown,0.417
1763988148.4257889,23,Unknown,0.306
1763988148.4257898,24,Koushik,0.809
1763988148.425791,25,Unknown,0.509
1763988148.6121972,22,Unknown,0.375
1763988148.612923,23,Unknown,0.301
1763988148.6129248,24,Koushik,0.809
1763988148.612926,25,Unknown,0.450
1763988148.811129,22,Unknown,0.410
1763988148.8111339,23,Unknown,0.322
1763988148.811136,24,Koushik,0.809
1763988148.811137,25,Unknown,0.451
1763988148.998964,22,Unknown,0.382
1763988148.99897,23,Unknown,0.335
1763988148.998972,24,Koushik,0.809
1763988148.998973,25,Unknown,0.463
1763988149.1755211,22,Unknown,0.387
1763988149.175528,23,Unknown,0.320
1763988149.17553,24,Koushik,0.809
1763988149.175531,25,Unknown,0.506
1763988149.3867688,22,Unknown,0.408
1763988149.386776,23,Unknown,0.356
1763988149.386778,24,Koushik,0.809
1763988149.3867798,25,Unknown,0.477
1763988149.5932531,22,Unknown,0.373
1763988149.593266,23,Unknown,0.321
1763988149.593268,24,Koushik,0.809
1763988149.59327,25,Unknown,0.471
1763988149.77849,22,Unknown,0.367
1763988149.778497,23,Unknown,0.307
1763988149.778498,24,Koushik,0.809
1763988149.7785,25,Unknown,0.513
1763988149.980618,22,Unknown,0.398
1763988149.980623,23,Unknown,0.321
1763988149.980625,24,Koushik,0.809
1763988149.9806259,25,Unknown,0.511
1763988150.185199,22,Unknown,0.391
1763988150.185205,23,Unknown,0.316
1763988150.1852071,24,Koushik,0.809
1763988150.185209,25,Unknown,0.517
1763988150.381589,22,Unknown,0.397
1763988150.381595,23,Unknown,0.336
1763988150.3815958,24,Koushik,0.809
1763988150.381597,25,Unknown,0.427
1763988150.586876,22,Unknown,0.436
1763988150.586884,23,Unknown,0.416
1763988150.586886,24,Koushik,0.809
1763988150.5868878,25,Unknown,0.504
1763988150.7808099,22,Unknown,0.424
1763988150.7808158,23,Unknown,0.269
1763988150.7808168,24,Koushik,0.809
1763988150.780818,25,Unknown,0.503
1763988150.982513,22,Unknown,0.401
1763988150.98252,23,Unknown,0.174
1763988150.982522,24,Koushik,0.809
1763988150.982523,25,Unknown,0.498
1763988151.18122,22,Unknown,0.384
1763988151.181227,23,Unknown,0.247
1763988151.181229,24,Koushik,0.809
1763988151.181231,25,Unknown,0.517
1763988151.3821151,22,Unknown,0.428
1763988151.382122,23,Unknown,0.240
1763988151.382123,24,Koushik,0.809
1763988151.382124,25,Unknown,0.494
1763988151.602678,22,Unknown,0.374
1763988151.602684,23,Unknown,0.254
1763988151.602685,24,Koushik,0.809
1763988151.602686,25,Unknown,0.496
1763988151.7921941,22,Unknown,0.362
1763988151.7921999,23,Unknown,0.264
1763988151.792203,24,Koushik,0.809
1763988151.7922041,25,Unknown,0.459
1763988151.980997,22,Unknown,0.370
1763988151.981003,23,Unknown,0.246
1763988151.981005,24,Koushik,0.809
1763988151.9810061,25,Unknown,0.483
1763988152.181398,22,Unknown,0.357
1763988152.1814048,23,Unknown,0.267
1763988152.181407,24,Koushik,0.809
1763988152.181408,25,Unknown,0.522
1763988152.379946,22,Unknown,0.344
1763988152.379953,23,Unknown,0.299
1763988152.379956,24,Koushik,0.809
1763988152.379957,25,Unknown,0.429
1763988152.588576,22,Unknown,0.349
1763988152.588583,23,Unknown,0.312
1763988152.588584,24,Koushik,0.809
1763988152.588585,25,Unknown,0.540
1763988152.7815602,22,Unknown,0.358
1763988152.781566,23,Unknown,0.238
1763988152.781568,24,Koushik,0.809
1763988152.781569,25,Unknown,0.520
1763988152.987917,22,Unknown,0.392
1763988152.987932,23,Unknown,0.237
1763988152.9879339,24,Koushik,0.809
1763988152.987935,25,Unknown,0.424
1763988153.180887,22,Unknown,0.381
1763988153.180897,23,Unknown,0.269
1763988153.1809,24,Koushik,0.809
1763988153.180901,25,Unknown,0.347
1763988153.4056919,22,Unknown,0.426
1763988153.4057071,23,Unknown,0.275
1763988153.405709,24,Koushik,0.809
1763988153.40571,25,Unknown,0.443
1763988153.626166,22,Unknown,0.402
1763988153.626174,23,Unknown,0.229
1763988153.626175,24,Koushik,0.809
1763988153.626177,25,Unknown,0.428
1763988153.831787,22,Unknown,0.406
1763988153.8317928,23,Unknown,0.282
1763988153.831794,24,Koushik,0.809
1763988153.831795,25,Unknown,0.386
1763988154.035081,22,Unknown,0.445
1763988154.035087,23,Unknown,0.248
1763988154.03509,24,Koushik,0.809
1763988154.035091,25,Unknown,0.479
1763988154.20842,22,Unknown,0.459
1763988154.208427,23,Unknown,0.249
1763988154.208429,24,Koushik,0.809
1763988154.20843,25,Unknown,0.482
1763988154.430631,22,Unknown,0.455
1763988154.430641,23,Unknown,0.256
1763988154.4306428,24,Koushik,0.809
1763988154.430644,25,Unknown,0.435
1763988154.608219,22,Unknown,0.360
1763988154.608225,23,Unknown,0.211
1763988154.608226,24,Koushik,0.809
1763988154.6082282,25,Unknown,0.479
1763988154.793646,22,Unknown,0.371
1763988154.793652,23,Unknown,0.247
1763988154.793653,24,Koushik,0.809
1763988154.793654,25,Unknown,0.438
1763988154.995393,22,Unknown,0.385
1763988154.995399,23,Unknown,0.285
1763988154.995402,24,Koushik,0.809
1763988154.995403,25,Unknown,0.389
timestamp,track_id,name,score
1763988882.2562041,1,Koushik,0.872
1763988882.2562292,2,Unknown,0.394
1763988882.2562308,3,Unknown,0.489
1763988882.499537,1,Koushik,0.872
1763988882.499543,2,Unknown,0.402
1763988882.4995441,3,Unknown,0.429
1763988882.693245,1,Koushik,0.872
1763988882.69325,2,Unknown,0.426
1763988882.693252,3,Unknown,0.383
1763988882.869189,1,Koushik,0.872
1763988882.869196,2,Unknown,0.392
1763988882.869198,3,Unknown,0.435
1763988883.061924,1,Koushik,0.872
1763988883.061932,2,Unknown,0.396
1763988883.061934,3,Unknown,0.459
1763988883.289571,1,Koushik,0.872
1763988883.289577,2,Unknown,0.373
1763988883.289579,3,Unknown,0.449
1763988883.4877608,1,Koushik,0.872
1763988883.4877691,2,Unknown,0.360
1763988883.4877708,3,Unknown,0.455
1763988883.675204,1,Koushik,0.872
1763988883.675211,2,Unknown,0.361
1763988883.675213,3,Unknown,0.511
1763988883.887716,1,Koushik,0.872
1763988883.887724,2,Unknown,0.320
1763988883.887725,3,Unknown,0.477
1763988884.066371,1,Koushik,0.872
1763988884.0663779,2,Unknown,0.390
1763988884.066379,3,Unknown,0.500
1763988884.270209,1,Koushik,0.872
1763988884.2702148,2,Unknown,0.343
1763988884.270217,3,Unknown,0.531
1763988884.465437,1,Koushik,0.872
1763988884.4654431,2,Unknown,0.407
1763988884.465444,3,Unknown,0.508
1763988884.683582,1,Koushik,0.872
1763988884.6835892,2,Unknown,0.363
1763988884.68359,3,Unknown,0.472
1763988884.864929,1,Koushik,0.872
1763988884.864935,2,Unknown,0.382
1763988884.864937,3,Unknown,0.456
1763988885.072729,1,Koushik,0.872
1763988885.072735,2,Unknown,0.423
1763988885.072736,3,Unknown,0.407
1763988885.273839,1,Koushik,0.872
1763988885.273846,2,Unknown,0.398
1763988885.273847,3,Unknown,0.490
1763988885.47071,1,Koushik,0.872
1763988885.47072,2,Unknown,0.357
1763988885.470721,3,Unknown,0.459
1763988885.680848,1,Koushik,0.872
1763988885.6808581,2,Unknown,0.360
1763988885.6808598,3,Unknown,0.445
1763988885.872413,1,Koushik,0.872
1763988885.87242,2,Unknown,0.373
1763988885.872422,3,Unknown,0.495
1763988886.073119,1,Koushik,0.872
1763988886.0731258,2,Unknown,0.398
1763988886.0731268,3,Unknown,0.508
1763988886.3485582,1,Koushik,0.872
1763988886.348565,3,Unknown,0.459
1763988886.348566,4,Unknown,0.229
1763988886.348567,5,Unknown,0.238
1763988886.610622,1,Koushik,0.872
1763988886.6106298,3,Unknown,0.470
1763988886.790686,6,Koushik,0.825
1763988886.79069,7,Unknown,0.484
1763988886.790692,8,Unknown,0.295
1763988886.964479,9,Koushik,0.882
1763988886.9644842,10,Unknown,0.310
1763988886.9644852,11,Unknown,0.583
1763988886.9644868,12,Unknown,0.217
1763988887.24085,9,Koushik,0.882
1763988887.24086,10,Unknown,0.482
1763988887.240862,11,Docter Shinu Abhi ,0.645
1763988887.24087,13,Unknown,0.363
1763988887.240871,14,Unknown,0.404
1763988887.4576352,9,Koushik,0.882
1763988887.457642,10,Unknown,0.399
1763988887.457643,11,Docter Shinu Abhi ,0.645
1763988887.457645,14,Unknown,0.522
1763988887.4576461,15,Unknown,0.182
1763988887.639276,9,Koushik,0.882
1763988887.639282,10,Unknown,0.454
1763988887.639284,11,Docter Shinu Abhi ,0.645
1763988887.639285,14,Unknown,0.489
1763988887.830273,9,Koushik,0.882
1763988887.8302798,10,Unknown,0.396
1763988887.830281,11,Docter Shinu Abhi ,0.645
1763988887.830283,14,Unknown,0.480
1763988888.0559192,9,Koushik,0.882
1763988888.055939,10,Unknown,0.494
1763988888.055941,11,Docter Shinu Abhi ,0.645
1763988888.055943,14,Unknown,0.528
1763988888.285877,9,Koushik,0.882
1763988888.285899,10,Unknown,0.465
1763988888.285902,11,Docter Shinu Abhi ,0.645
1763988888.285904,14,Unknown,0.459
1763988888.2859058,16,Unknown,0.283
1763988888.485913,9,Koushik,0.882
1763988888.485921,10,Unknown,0.451
1763988888.485922,11,Docter Shinu Abhi ,0.645
1763988888.485924,14,Unknown,0.502
1763988888.678366,10,Unknown,0.319
1763988888.678373,11,Docter Shinu Abhi ,0.645
1763988888.6783738,14,Unknown,0.234
1763988888.678376,17,Koushik,0.807
1763988888.864102,10,Unknown,0.455
1763988888.864108,11,Docter Shinu Abhi ,0.645
1763988888.86411,14,Unknown,0.502
1763988889.048555,10,Unknown,0.308
1763988889.0485609,11,Docter Shinu Abhi ,0.645
1763988889.048563,14,Unknown,0.538
1763988889.232982,11,Docter Shinu Abhi ,0.645
1763988889.2329888,14,Unknown,0.486
1763988889.436553,11,Docter Shinu Abhi ,0.645
1763988889.43656,14,Unknown,0.490
1763988889.4365618,18,Unknown,0.178
1763988889.738987,11,Docter Shinu Abhi ,0.645
1763988889.9029682,11,Docter Shinu Abhi ,0.645
1763988890.063603,11,Docter Shinu Abhi ,0.645
1763988890.22091,11,Docter Shinu Abhi ,0.645
1763988890.4030411,11,Docter Shinu Abhi ,0.645
1763988890.552633,11,Docter Shinu Abhi ,0.645
1763988890.749515,11,Docter Shinu Abhi ,0.645
1763988890.7495198,19,Unknown,0.375
1763988890.936484,11,Docter Shinu Abhi ,0.645
1763988890.9365,19,Unknown,0.556
1763988891.117138,11,Docter Shinu Abhi ,0.645
1763988891.117144,19,Unknown,0.520
1763988891.304042,11,Docter Shinu Abhi ,0.645
1763988891.30405,19,Unknown,0.327
1763988891.46045,11,Docter Shinu Abhi ,0.645
1763988891.6287308,11,Docter Shinu Abhi ,0.645
1763988891.8143518,11,Docter Shinu Abhi ,0.645
1763988891.9627361,11,Docter Shinu Abhi ,0.645
1763988892.1334321,11,Docter Shinu Abhi ,0.645
1763988892.297042,11,Docter Shinu Abhi ,0.645
1763988893.392999,20,Unknown,0.555
1763988893.39301,21,Unknown,0.536
1763988893.589018,20,Docter Shinu Abhi ,0.712
1763988893.589031,21,Unknown,0.489
1763988893.589032,22,Unknown,0.474
1763988893.7715259,20,Docter Shinu Abhi ,0.712
1763988893.771532,21,Unknown,0.419
1763988893.771533,22,Unknown,0.338
1763988893.931512,20,Docter Shinu Abhi ,0.712
1763988893.9315178,21,Unknown,0.505
1763988893.931519,22,Unknown,0.383
1763988894.119114,20,Docter Shinu Abhi ,0.712
1763988894.1191208,21,Unknown,0.447
1763988894.119122,22,Unknown,0.425
1763988894.324485,20,Docter Shinu Abhi ,0.712
1763988894.324491,21,Unknown,0.478
1763988894.324492,22,Unknown,0.332
1763988894.5225239,20,Docter Shinu Abhi ,0.712
1763988894.5225332,21,Unknown,0.497
1763988894.522534,22,Unknown,0.401
1763988894.717063,20,Docter Shinu Abhi ,0.712
1763988894.7170691,21,Unknown,0.480
1763988894.717071,22,Unknown,0.443
1763988894.9203908,20,Docter Shinu Abhi ,0.712
1763988894.9203992,21,Unknown,0.502
1763988894.9204009,22,Unknown,0.362
1763988895.113083,20,Docter Shinu Abhi ,0.712
1763988895.113089,21,Unknown,0.487
1763988895.11309,22,Unknown,0.314
1763988895.296341,20,Docter Shinu Abhi ,0.712
1763988895.296347,21,Unknown,0.481
1763988895.2963479,22,Unknown,0.291
1763988895.48995,20,Docter Shinu Abhi ,0.712
1763988895.4899578,21,Unknown,0.485
1763988895.489959,22,Unknown,0.379
1763988895.683745,20,Docter Shinu Abhi ,0.712
1763988895.6837518,21,Unknown,0.481
1763988895.683753,22,Unknown,0.442
1763988895.866993,20,Docter Shinu Abhi ,0.712
1763988895.867,21,Unknown,0.449
1763988895.867001,22,Unknown,0.147
1763988895.867002,23,Unknown,0.071
1763988896.053888,20,Docter Shinu Abhi ,0.712
1763988896.053896,21,Unknown,0.489
1763988896.053897,22,Unknown,0.296
1763988896.25204,20,Docter Shinu Abhi ,0.712
1763988896.252047,21,Unknown,0.496
1763988896.2520478,22,Unknown,0.371
1763988896.455542,20,Docter Shinu Abhi ,0.712
1763988896.455549,21,Unknown,0.406
1763988896.45555,22,Unknown,0.355
1763988896.651561,20,Docter Shinu Abhi ,0.712
1763988896.651569,21,Unknown,0.444
1763988896.651571,22,Unknown,0.349
1763988896.82217,20,Docter Shinu Abhi ,0.712
1763988896.822177,21,Unknown,0.478
1763988896.822179,22,Unknown,0.379
1763988897.0358982,20,Docter Shinu Abhi ,0.712
1763988897.035907,21,Unknown,0.467
1763988897.035908,22,Unknown,0.338
1763988897.2194471,20,Docter Shinu Abhi ,0.712
1763988897.219459,21,Unknown,0.413
1763988897.2194612,22,Unknown,0.406
1763988897.439314,20,Docter Shinu Abhi ,0.712
1763988897.439321,21,Unknown,0.472
1763988897.439322,22,Unknown,0.442
1763988897.622313,20,Docter Shinu Abhi ,0.712
1763988897.6223202,21,Unknown,0.467
1763988897.6223218,22,Unknown,0.371
1763988897.824738,20,Docter Shinu Abhi ,0.712
1763988897.824745,21,Unknown,0.441
1763988897.824747,22,Unknown,0.412
1763988898.0339022,20,Docter Shinu Abhi ,0.712
1763988898.033907,21,Unknown,0.435
1763988898.034142,22,Unknown,0.463
1763988898.225495,20,Docter Shinu Abhi ,0.712
1763988898.225502,21,Unknown,0.496
1763988898.225503,22,Unknown,0.477
1763988898.434243,20,Docter Shinu Abhi ,0.712
1763988898.434248,21,Unknown,0.505
1763988898.4342499,22,Unknown,0.439
1763988898.6264372,20,Docter Shinu Abhi ,0.712
1763988898.626444,21,Unknown,0.573
1763988898.626446,22,Unknown,0.427
1763988898.844295,20,Docter Shinu Abhi ,0.712
1763988898.844318,21,Koushik,0.620
1763988898.8443189,22,Unknown,0.440
1763988899.022486,20,Docter Shinu Abhi ,0.712
1763988899.022493,21,Koushik,0.620
1763988899.022495,22,Unknown,0.427
1763988899.022496,24,Unknown,0.209
1763988899.227802,20,Docter Shinu Abhi ,0.712
1763988899.227809,21,Koushik,0.620
1763988899.2278101,22,Unknown,0.442
1763988899.227812,24,Unknown,0.075
1763988899.423213,20,Docter Shinu Abhi ,0.712
1763988899.42322,21,Koushik,0.620
1763988899.4232209,22,Unknown,0.502
1763988899.650676,20,Docter Shinu Abhi ,0.712
1763988899.6506891,21,Koushik,0.620
1763988899.650691,22,Unknown,0.438
1763988899.650692,24,Unknown,0.158
1763988899.870056,20,Docter Shinu Abhi ,0.712
1763988899.870066,21,Koushik,0.620
1763988899.870068,22,Unknown,0.395
1763988900.0605829,20,Docter Shinu Abhi ,0.712
1763988900.06059,21,Koushik,0.620
1763988900.0605922,22,Unknown,0.443
1763988900.249891,20,Docter Shinu Abhi ,0.712
1763988900.249898,21,Koushik,0.620
1763988900.249899,22,Unknown,0.493
1763988900.438572,21,Koushik,0.620
1763988900.438577,22,Unknown,0.349
1763988900.4385788,25,Unknown,0.554
1763988900.43858,26,Unknown,0.063
1763988900.629641,21,Koushik,0.620
1763988900.629648,27,Unknown,0.567
1763988900.818975,28,Unknown,0.569
1763988900.8189828,29,Unknown,0.453
1763988900.818985,30,Unknown,0.178
1763988901.009994,29,Unknown,0.595
1763988901.010005,31,Unknown,0.540
1763988901.169191,29,Unknown,0.468
1763988901.169197,31,Docter Shinu Abhi ,0.621
1763988901.342475,29,Unknown,0.469
1763988901.342484,31,Docter Shinu Abhi ,0.621
1763988901.50003,29,Unknown,0.529
1763988901.500036,31,Docter Shinu Abhi ,0.621
1763988901.6817448,29,Unknown,0.487
1763988901.681751,31,Docter Shinu Abhi ,0.621
1763988901.8358731,29,Unknown,0.476
1763988901.8358788,31,Docter Shinu Abhi ,0.621
1763988902.006528,29,Unknown,0.472
1763988902.0065339,31,Docter Shinu Abhi ,0.621
1763988902.171406,29,Unknown,0.473
1763988902.171413,31,Docter Shinu Abhi ,0.621
1763988902.171414,32,Unknown,0.353
1763988902.340032,29,Unknown,0.514
1763988902.340037,31,Docter Shinu Abhi ,0.621
1763988902.5003881,29,Unknown,0.459
1763988902.500392,31,Docter Shinu Abhi ,0.621
1763988902.679817,29,Unknown,0.482
1763988902.6798232,31,Docter Shinu Abhi ,0.621
1763988902.85204,29,Unknown,0.534
1763988902.852044,31,Docter Shinu Abhi ,0.621
1763988902.852046,33,Koushik,0.718
1763988903.0393112,29,Unknown,0.552
1763988903.039318,31,Docter Shinu Abhi ,0.621
1763988903.039319,34,Koushik,0.752
1763988903.234642,29,Unknown,0.533
1763988903.234647,31,Docter Shinu Abhi ,0.621
1763988903.2346501,34,Koushik,0.752
1763988903.410795,29,Unknown,0.479
1763988903.410802,31,Docter Shinu Abhi ,0.621
1763988903.4108028,34,Koushik,0.752
1763988903.410805,35,Unknown,0.138
1763988903.607502,29,Unknown,0.449
1763988903.607508,31,Docter Shinu Abhi ,0.621
1763988903.60751,34,Koushik,0.752
1763988903.809246,29,Unknown,0.484
1763988903.809254,31,Docter Shinu Abhi ,0.621
1763988903.8092558,34,Koushik,0.752
1763988904.014221,29,Unknown,0.524
1763988904.014227,31,Docter Shinu Abhi ,0.621
1763988904.014229,34,Koushik,0.752
1763988904.01423,36,Unknown,0.167
1763988904.20804,29,Unknown,0.497
1763988904.2080488,31,Docter Shinu Abhi ,0.621
1763988904.20805,34,Koushik,0.752
1763988904.422792,29,Unknown,0.490
1763988904.422799,31,Docter Shinu Abhi ,0.621
1763988904.4227998,34,Koushik,0.752
1763988904.4228008,37,Unknown,0.336
1763988904.617881,29,Unknown,0.513
1763988904.617888,31,Docter Shinu Abhi ,0.621
1763988904.6178901,34,Koushik,0.752
1763988904.617891,38,Unknown,0.306
1763988904.864623,29,Unknown,0.480
1763988904.864643,31,Docter Shinu Abhi ,0.621
1763988904.864645,34,Koushik,0.752
1763988904.864646,39,Unknown,0.402
1763988905.051609,29,Unknown,0.506
1763988905.051614,31,Docter Shinu Abhi ,0.621
1763988905.051617,34,Koushik,0.752
1763988905.051618,39,Unknown,0.360
1763988905.051619,40,Unknown,0.320
1763988905.2512362,29,Unknown,0.383
1763988905.251242,31,Docter Shinu Abhi ,0.621
1763988905.251243,34,Koushik,0.752
1763988905.251244,39,Unknown,0.355
1763988905.454251,29,Unknown,0.489
1763988905.454257,31,Docter Shinu Abhi ,0.621
1763988905.454258,34,Koushik,0.752
1763988905.4542599,39,Unknown,0.395
1763988905.6699169,29,Unknown,0.495
1763988905.669929,31,Docter Shinu Abhi ,0.621
1763988905.669931,34,Koushik,0.752
1763988905.6699321,39,Unknown,0.411
1763988905.9208682,29,Unknown,0.545
1763988905.9208739,31,Docter Shinu Abhi ,0.621
1763988905.920876,34,Koushik,0.752
1763988905.920877,39,Unknown,0.407
1763988906.147428,29,Unknown,0.532
1763988906.147446,31,Docter Shinu Abhi ,0.621
1763988906.147448,34,Koushik,0.752
1763988906.1474502,39,Unknown,0.460
1763988906.35621,29,Unknown,0.562
1763988906.356216,31,Docter Shinu Abhi ,0.621
1763988906.3562171,34,Koushik,0.752
1763988906.3562188,39,Unknown,0.518
1763988906.549691,29,Unknown,0.537
1763988906.549696,31,Docter Shinu Abhi ,0.621
1763988906.549698,34,Koushik,0.752
1763988906.549699,39,Unknown,0.477
1763988906.776285,29,Unknown,0.416
1763988906.7762969,31,Docter Shinu Abhi ,0.621
1763988906.776299,34,Koushik,0.752
1763988906.7763,39,Unknown,0.519
1763988907.015347,29,Unknown,0.436
1763988907.01536,31,Docter Shinu Abhi ,0.621
1763988907.015361,34,Koushik,0.752
1763988907.015363,39,Unknown,0.425
1763988907.245638,29,Unknown,0.469
1763988907.2456489,31,Docter Shinu Abhi ,0.621
1763988907.245651,34,Koushik,0.752
1763988907.245653,41,Unknown,0.299
1763988907.473228,29,Unknown,0.505
1763988907.473235,31,Docter Shinu Abhi ,0.621
1763988907.473237,34,Koushik,0.752
1763988907.6585732,29,Unknown,0.534
1763988907.65858,31,Docter Shinu Abhi ,0.621
1763988907.658582,34,Koushik,0.752
1763988907.845642,29,Unknown,0.552
1763988907.845649,31,Docter Shinu Abhi ,0.621
1763988907.845651,34,Koushik,0.752
1763988908.038326,29,Unknown,0.480
1763988908.038332,31,Docter Shinu Abhi ,0.621
1763988908.038333,34,Koushik,0.752
1763988908.24274,29,Unknown,0.492
1763988908.2427468,31,Docter Shinu Abhi ,0.621
1763988908.242749,34,Koushik,0.752
1763988908.4387531,29,Unknown,0.532
1763988908.438762,31,Docter Shinu Abhi ,0.621
1763988908.438764,34,Koushik,0.752
1763988908.610325,29,Unknown,0.469
1763988908.610332,31,Docter Shinu Abhi ,0.621
1763988908.610334,34,Koushik,0.752
timestamp,track_id,name,score
1763988923.3669178,1,Koushik,0.896
1763988923.366925,2,Docter Shinu Abhi ,0.805
1763988923.3669271,3,Unknown,0.442
1763988923.579233,1,Koushik,0.896
1763988923.579239,2,Docter Shinu Abhi ,0.805
1763988923.579241,3,Unknown,0.439
1763988923.748684,1,Koushik,0.896
1763988923.74869,2,Docter Shinu Abhi ,0.805
1763988923.748692,3,Unknown,0.409
1763988923.927676,1,Koushik,0.896
1763988923.9276822,2,Docter Shinu Abhi ,0.805
1763988923.927684,3,Unknown,0.424
1763988924.1047812,1,Koushik,0.896
1763988924.1047869,2,Docter Shinu Abhi ,0.805
1763988924.104789,3,Unknown,0.473
1763988924.4694989,1,Koushik,0.896
1763988924.4695082,2,Docter Shinu Abhi ,0.805
1763988924.4695091,3,Unknown,0.498
1763988924.4695108,4,Unknown,0.147
1763988924.687576,1,Koushik,0.896
1763988924.68759,2,Docter Shinu Abhi ,0.805
1763988924.687592,3,Unknown,0.468
1763988924.889194,1,Koushik,0.896
1763988924.8892102,2,Docter Shinu Abhi ,0.805
1763988924.889212,3,Unknown,0.462
1763988924.889214,4,Unknown,0.165
1763988925.0715342,1,Koushik,0.896
1763988925.0715399,2,Docter Shinu Abhi ,0.805
1763988925.071541,3,Unknown,0.523
1763988925.261769,1,Koushik,0.896
1763988925.261774,2,Docter Shinu Abhi ,0.805
1763988925.261776,3,Unknown,0.450
1763988925.261777,4,Unknown,0.220
1763988925.44668,1,Koushik,0.896
1763988925.446686,2,Docter Shinu Abhi ,0.805
1763988925.446688,3,Unknown,0.448
1763988925.6392498,1,Koushik,0.896
1763988925.639256,2,Docter Shinu Abhi ,0.805
1763988925.6392581,3,Unknown,0.491
1763988925.846517,1,Koushik,0.896
1763988925.846524,2,Docter Shinu Abhi ,0.805
1763988925.846526,3,Unknown,0.502
1763988925.8465269,5,Unknown,0.118
1763988926.0394812,1,Koushik,0.896
1763988926.039486,2,Docter Shinu Abhi ,0.805
1763988926.039488,3,Unknown,0.425
1763988926.240874,1,Koushik,0.896
1763988926.240881,2,Docter Shinu Abhi ,0.805
1763988926.2408829,3,Unknown,0.410
1763988926.440951,1,Koushik,0.896
1763988926.440958,2,Docter Shinu Abhi ,0.805
1763988926.44096,3,Unknown,0.380
1763988926.643622,1,Koushik,0.896
1763988926.6436281,2,Docter Shinu Abhi ,0.805
1763988926.643629,3,Unknown,0.453
1763988926.83269,1,Koushik,0.896
1763988926.832696,2,Docter Shinu Abhi ,0.805
1763988926.832698,3,Unknown,0.465
1763988927.0492082,1,Koushik,0.896
1763988927.049215,2,Docter Shinu Abhi ,0.805
1763988927.049216,3,Unknown,0.444
1763988927.239758,1,Koushik,0.896
1763988927.2397618,2,Docter Shinu Abhi ,0.805
1763988927.239764,3,Unknown,0.410
1763988927.443112,1,Koushik,0.896
1763988927.443119,2,Docter Shinu Abhi ,0.805
1763988927.4431202,3,Unknown,0.424
1763988927.638963,1,Koushik,0.896
1763988927.6389692,2,Docter Shinu Abhi ,0.805
1763988927.6389701,3,Unknown,0.443
1763988927.839722,1,Koushik,0.896
1763988927.839728,2,Docter Shinu Abhi ,0.805
1763988927.83973,3,Unknown,0.430
1763988928.0554051,1,Koushik,0.896
1763988928.055414,2,Docter Shinu Abhi ,0.805
1763988928.0554152,3,Unknown,0.431
1763988928.055418,6,Unknown,0.331
1763988928.239831,1,Koushik,0.896
1763988928.239836,2,Docter Shinu Abhi ,0.805
1763988928.239838,3,Unknown,0.460
1763988928.239839,6,Unknown,0.397
1763988928.440346,1,Koushik,0.896
1763988928.440353,2,Docter Shinu Abhi ,0.805
1763988928.440354,3,Unknown,0.470
1763988928.640568,1,Koushik,0.896
1763988928.640574,2,Docter Shinu Abhi ,0.805
1763988928.640576,3,Unknown,0.449
1763988928.839786,1,Koushik,0.896
1763988928.839793,2,Docter Shinu Abhi ,0.805
1763988928.839794,3,Unknown,0.417
1763988929.0419881,1,Koushik,0.896
1763988929.041996,2,Docter Shinu Abhi ,0.805
1763988929.041999,3,Unknown,0.437
1763988929.24227,1,Koushik,0.896
1763988929.2422762,2,Docter Shinu Abhi ,0.805
1763988929.2422779,3,Unknown,0.489
1763988929.2422788,7,Unknown,0.351
1763988929.494004,1,Koushik,0.896
1763988929.494014,2,Docter Shinu Abhi ,0.805
1763988929.494016,3,Unknown,0.520
1763988929.6723819,1,Koushik,0.896
1763988929.6723871,2,Docter Shinu Abhi ,0.805
1763988929.672389,3,Unknown,0.504
1763988929.8619468,1,Koushik,0.896
1763988929.861954,2,Docter Shinu Abhi ,0.805
1763988929.8619552,3,Unknown,0.484
1763988930.036334,1,Koushik,0.896
1763988930.03634,2,Docter Shinu Abhi ,0.805
1763988930.036347,3,Unknown,0.498
1763988930.241667,1,Koushik,0.896
1763988930.241672,2,Docter Shinu Abhi ,0.805
1763988930.241674,3,Unknown,0.531
1763988930.460608,1,Koushik,0.896
1763988930.4606159,2,Docter Shinu Abhi ,0.805
1763988930.460618,3,Unknown,0.528
1763988930.648053,1,Koushik,0.896
1763988930.648059,2,Docter Shinu Abhi ,0.805
1763988930.6480598,3,Unknown,0.470
1763988930.867483,1,Koushik,0.896
1763988930.867491,2,Docter Shinu Abhi ,0.805
1763988930.8674932,3,Unknown,0.488
1763988931.085715,1,Koushik,0.896
1763988931.08572,2,Docter Shinu Abhi ,0.805
1763988931.0857222,3,Unknown,0.480
1763988931.2596748,1,Koushik,0.896
1763988931.259682,2,Docter Shinu Abhi ,0.805
1763988931.259684,3,Unknown,0.479
1763988931.4291542,1,Koushik,0.896
1763988931.4291599,2,Docter Shinu Abhi ,0.805
1763988931.429161,3,Unknown,0.461
1763988931.6045802,1,Koushik,0.896
1763988931.604585,2,Docter Shinu Abhi ,0.805
1763988931.604587,3,Unknown,0.486
1763988931.822603,1,Koushik,0.896
1763988931.822609,2,Docter Shinu Abhi ,0.805
1763988931.82261,3,Unknown,0.487
1763988932.0054772,1,Koushik,0.896
1763988932.005482,2,Docter Shinu Abhi ,0.805
1763988932.005484,3,Unknown,0.478
1763988932.2043352,1,Koushik,0.896
1763988932.20434,2,Docter Shinu Abhi ,0.805
1763988932.2043421,3,Unknown,0.456
1763988932.40657,1,Koushik,0.896
1763988932.4065769,2,Docter Shinu Abhi ,0.805
1763988932.406579,3,Unknown,0.447
1763988932.608763,1,Koushik,0.896
1763988932.608769,2,Docter Shinu Abhi ,0.805
1763988932.6087701,3,Unknown,0.490
1763988932.8070452,1,Koushik,0.896
1763988932.807051,2,Docter Shinu Abhi ,0.805
1763988932.807053,3,Unknown,0.475
1763988933.012186,1,Koushik,0.896
1763988933.012192,2,Docter Shinu Abhi ,0.805
1763988933.012193,3,Unknown,0.490
1763988933.224424,1,Koushik,0.896
1763988933.224434,2,Docter Shinu Abhi ,0.805
1763988933.224436,3,Unknown,0.498
1763988933.40731,1,Koushik,0.896
1763988933.407316,2,Docter Shinu Abhi ,0.805
1763988933.407318,3,Unknown,0.460
1763988933.614778,1,Koushik,0.896
1763988933.614785,2,Docter Shinu Abhi ,0.805
1763988933.614787,3,Unknown,0.481
1763988933.614788,8,Unknown,0.184
1763988933.807658,1,Koushik,0.896
1763988933.8076632,2,Docter Shinu Abhi ,0.805
1763988933.8076642,3,Unknown,0.518
1763988934.0121238,1,Koushik,0.896
1763988934.01213,2,Docter Shinu Abhi ,0.805
1763988934.0121322,3,Unknown,0.473
1763988934.2076118,1,Koushik,0.896
1763988934.2076192,2,Docter Shinu Abhi ,0.805
1763988934.207623,3,Unknown,0.442
1763988934.41301,1,Koushik,0.896
1763988934.413016,2,Docter Shinu Abhi ,0.805
1763988934.4130182,3,Unknown,0.452
1763988934.620521,1,Koushik,0.896
1763988934.620527,2,Docter Shinu Abhi ,0.805
1763988934.6205282,3,Unknown,0.446
1763988934.80334,1,Koushik,0.896
1763988934.8033469,2,Docter Shinu Abhi ,0.805
1763988934.803349,3,Unknown,0.459
1763988935.006614,1,Koushik,0.896
1763988935.006621,2,Docter Shinu Abhi ,0.805
1763988935.006623,3,Unknown,0.446
1763988935.20447,1,Koushik,0.896
1763988935.204478,2,Docter Shinu Abhi ,0.805
1763988935.20448,3,Unknown,0.446
1763988935.407556,1,Koushik,0.896
1763988935.407562,2,Docter Shinu Abhi ,0.805
1763988935.407563,3,Unknown,0.462
1763988935.6483421,1,Koushik,0.896
1763988935.648355,2,Docter Shinu Abhi ,0.805
1763988935.6483572,3,Unknown,0.464
1763988935.857197,1,Koushik,0.896
1763988935.857203,2,Docter Shinu Abhi ,0.805
1763988935.857205,3,Unknown,0.495
1763988936.035487,1,Koushik,0.896
1763988936.0354922,2,Docter Shinu Abhi ,0.805
1763988936.0354939,3,Unknown,0.488
1763988936.228804,1,Koushik,0.896
1763988936.2288089,2,Docter Shinu Abhi ,0.805
1763988936.228811,3,Unknown,0.522
1763988936.435909,1,Koushik,0.896
1763988936.435915,2,Docter Shinu Abhi ,0.805
1763988936.435916,3,Unknown,0.491
1763988936.665527,1,Koushik,0.896
1763988936.665535,2,Docter Shinu Abhi ,0.805
1763988936.665536,3,Unknown,0.494
1763988936.889902,1,Koushik,0.896
1763988936.889915,2,Docter Shinu Abhi ,0.805
1763988936.890021,3,Unknown,0.457
1763988937.087975,1,Koushik,0.896
1763988937.0879822,2,Docter Shinu Abhi ,0.805
1763988937.087984,3,Koushik,0.602
1763988937.269137,1,Koushik,0.896
1763988937.269144,2,Docter Shinu Abhi ,0.805
1763988937.269145,3,Koushik,0.602
1763988937.4706292,1,Koushik,0.896
1763988937.470635,2,Docter Shinu Abhi ,0.805
1763988937.470637,3,Koushik,0.602
1763988937.671,1,Koushik,0.896
1763988937.671007,2,Docter Shinu Abhi ,0.805
1763988937.671009,3,Koushik,0.602
1763988937.873173,1,Koushik,0.896
1763988937.873178,2,Docter Shinu Abhi ,0.805
1763988937.873179,3,Koushik,0.602
1763988938.081315,1,Koushik,0.896
1763988938.081323,2,Docter Shinu Abhi ,0.805
1763988938.081325,3,Koushik,0.602
1763988938.081326,9,Unknown,0.146
1763988938.273906,1,Koushik,0.896
1763988938.2739131,2,Docter Shinu Abhi ,0.805
1763988938.2739148,3,Koushik,0.602
1763988938.47438,1,Koushik,0.896
1763988938.4743848,2,Docter Shinu Abhi ,0.805
1763988938.474387,3,Koushik,0.602
1763988938.474388,9,Unknown,0.155
1763988938.67359,1,Koushik,0.896
1763988938.673596,2,Docter Shinu Abhi ,0.805
1763988938.673598,3,Koushik,0.602
1763988938.881927,1,Koushik,0.896
1763988938.8819351,2,Docter Shinu Abhi ,0.805
1763988938.8819368,3,Koushik,0.602
1763988939.09746,1,Koushik,0.896
1763988939.0974662,2,Docter Shinu Abhi ,0.805
1763988939.097468,3,Koushik,0.602
1763988939.0974689,10,Unknown,0.163
1763988939.280056,1,Koushik,0.896
1763988939.280064,2,Docter Shinu Abhi ,0.805
1763988939.280065,3,Koushik,0.602
1763988939.486006,1,Koushik,0.896
1763988939.486012,2,Docter Shinu Abhi ,0.805
1763988939.486014,3,Koushik,0.602
1763988939.668703,1,Koushik,0.896
1763988939.668711,2,Docter Shinu Abhi ,0.805
1763988939.6687129,3,Koushik,0.602
1763988939.8722281,1,Koushik,0.896
1763988939.872235,2,Docter Shinu Abhi ,0.805
1763988939.872237,3,Koushik,0.602
1763988940.088325,1,Koushik,0.896
1763988940.088332,2,Docter Shinu Abhi ,0.805
1763988940.0883331,3,Koushik,0.602
1763988940.088335,11,Unknown,0.076
1763988940.295628,1,Koushik,0.896
1763988940.295634,2,Docter Shinu Abhi ,0.805
1763988940.295636,3,Koushik,0.602
1763988940.295637,11,Unknown,0.157
1763988940.479906,1,Koushik,0.896
1763988940.479913,2,Docter Shinu Abhi ,0.805
1763988940.479915,3,Koushik,0.602
1763988940.6858041,1,Koushik,0.896
1763988940.6858099,2,Docter Shinu Abhi ,0.805
1763988940.685812,3,Koushik,0.602
1763988940.870989,1,Koushik,0.896
1763988940.870997,2,Docter Shinu Abhi ,0.805
1763988940.870999,3,Koushik,0.602
1763988941.0761878,1,Koushik,0.896
1763988941.076194,2,Docter Shinu Abhi ,0.805
1763988941.076195,3,Koushik,0.602
1763988941.0761962,12,Unknown,0.432
1763988941.273813,1,Koushik,0.896
1763988941.273819,2,Docter Shinu Abhi ,0.805
1763988941.2738209,3,Koushik,0.602
1763988941.479368,1,Koushik,0.896
1763988941.4793751,2,Docter Shinu Abhi ,0.805
1763988941.4793768,3,Koushik,0.602
1763988941.73207,1,Koushik,0.896
1763988941.73209,2,Docter Shinu Abhi ,0.805
1763988941.732092,3,Koushik,0.602
1763988941.957063,1,Koushik,0.896
1763988941.957073,2,Docter Shinu Abhi ,0.805
1763988941.957074,3,Koushik,0.602
1763988942.129268,1,Koushik,0.896
1763988942.1292732,2,Docter Shinu Abhi ,0.805
1763988942.1292748,3,Koushik,0.602
1763988942.1292758,13,Unknown,0.131
1763988942.295779,1,Koushik,0.896
1763988942.295784,2,Docter Shinu Abhi ,0.805
1763988942.295786,3,Koushik,0.602
1763988942.295787,13,Unknown,0.151
1763988942.466205,1,Koushik,0.896
1763988942.466211,2,Docter Shinu Abhi ,0.805
1763988942.4662132,3,Koushik,0.602
1763988942.466215,13,Unknown,0.063
1763988942.7017229,1,Koushik,0.896
1763988942.701731,2,Docter Shinu Abhi ,0.805
1763988942.701733,3,Koushik,0.602
1763988942.701735,13,Unknown,-0.030
1763988942.922038,1,Koushik,0.896
1763988942.922048,2,Docter Shinu Abhi ,0.805
1763988942.92205,3,Koushik,0.602
1763988943.121334,1,Koushik,0.896
1763988943.121344,2,Docter Shinu Abhi ,0.805
1763988943.121345,3,Koushik,0.602
1763988943.324828,1,Koushik,0.896
1763988943.324845,2,Docter Shinu Abhi ,0.805
1763988943.324846,3,Koushik,0.602
1763988943.3248482,14,Unknown,0.092
1763988943.493391,1,Koushik,0.896
1763988943.493398,2,Docter Shinu Abhi ,0.805
1763988943.4934,3,Koushik,0.602
1763988943.493401,14,Unknown,0.107
1763988943.669955,1,Koushik,0.896
1763988943.66996,2,Docter Shinu Abhi ,0.805
1763988943.669962,3,Koushik,0.602
1763988943.868661,1,Koushik,0.896
1763988943.868667,2,Docter Shinu Abhi ,0.805
1763988943.8686678,3,Koushik,0.602
1763988944.071048,1,Koushik,0.896
1763988944.0710552,2,Docter Shinu Abhi ,0.805
1763988944.0710568,3,Koushik,0.602
1763988944.267571,1,Koushik,0.896
1763988944.2675772,2,Docter Shinu Abhi ,0.805
1763988944.2675781,3,Koushik,0.602
1763988944.444343,1,Koushik,0.896
1763988944.4443488,2,Docter Shinu Abhi ,0.805
1763988944.44435,3,Koushik,0.602
1763988944.658124,1,Koushik,0.896
1763988944.658133,2,Docter Shinu Abhi ,0.805
1763988944.6581361,3,Koushik,0.602
1763988944.658137,15,Unknown,0.223
1763988944.833892,1,Koushik,0.896
1763988944.833898,2,Docter Shinu Abhi ,0.805
1763988944.8339,3,Koushik,0.602
1763988945.006295,1,Koushik,0.896
1763988945.006301,2,Docter Shinu Abhi ,0.805
1763988945.0063019,3,Koushik,0.602
1763988945.207551,1,Koushik,0.896
1763988945.2075589,2,Docter Shinu Abhi ,0.805
1763988945.2075598,3,Koushik,0.602
1763988945.406213,1,Koushik,0.896
1763988945.406219,2,Docter Shinu Abhi ,0.805
1763988945.40622,3,Koushik,0.602
1763988945.624133,1,Koushik,0.896
1763988945.624139,2,Docter Shinu Abhi ,0.805
1763988945.62414,3,Koushik,0.602
1763988945.82419,1,Koushik,0.896
1763988945.8241978,2,Docter Shinu Abhi ,0.805
1763988945.8242,3,Koushik,0.602
1763988946.007686,1,Koushik,0.896
1763988946.007691,2,Docter Shinu Abhi ,0.805
1763988946.007693,3,Koushik,0.602
1763988946.2173629,1,Koushik,0.896
1763988946.21737,2,Docter Shinu Abhi ,0.805
1763988946.217371,3,Koushik,0.602
1763988946.217372,16,Unknown,0.153
1763988946.4076679,1,Koushik,0.896
1763988946.4076731,2,Docter Shinu Abhi ,0.805
1763988946.4076748,3,Koushik,0.602
1763988946.605543,1,Koushik,0.896
1763988946.6055481,2,Docter Shinu Abhi ,0.805
1763988946.60555,3,Koushik,0.602
1763988946.825438,1,Koushik,0.896
1763988946.8254452,2,Docter Shinu Abhi ,0.805
1763988946.8254468,3,Koushik,0.602
1763988947.006952,1,Koushik,0.896
1763988947.006958,2,Docter Shinu Abhi ,0.805
1763988947.0069602,3,Koushik,0.602
1763988947.2106822,1,Koushik,0.896
1763988947.210688,2,Docter Shinu Abhi ,0.805
1763988947.210689,3,Koushik,0.602
1763988947.42523,1,Koushik,0.896
1763988947.425235,2,Docter Shinu Abhi ,0.805
1763988947.4252381,3,Koushik,0.602
1763988947.606561,1,Koushik,0.896
1763988947.606567,2,Docter Shinu Abhi ,0.805
1763988947.6065679,3,Koushik,0.602
1763988947.849786,1,Koushik,0.896
1763988947.849812,2,Docter Shinu Abhi ,0.805
1763988947.849814,3,Koushik,0.602
1763988948.038713,1,Koushik,0.896
1763988948.038718,2,Docter Shinu Abhi ,0.805
1763988948.03872,3,Koushik,0.602
1763988948.2340312,1,Koushik,0.896
1763988948.234036,2,Docter Shinu Abhi ,0.805
1763988948.234037,3,Koushik,0.602
1763988948.234038,17,Unknown,0.135
1763988948.43807,1,Koushik,0.896
1763988948.438076,2,Docter Shinu Abhi ,0.805
1763988948.438077,3,Koushik,0.602
1763988948.633774,1,Koushik,0.896
1763988948.63378,2,Docter Shinu Abhi ,0.805
1763988948.633781,3,Koushik,0.602
1763988948.8729951,1,Koushik,0.896
1763988948.8730052,2,Docter Shinu Abhi ,0.805
1763988948.873007,3,Koushik,0.602
1763988949.077837,1,Koushik,0.896
1763988949.077844,2,Docter Shinu Abhi ,0.805
1763988949.077846,3,Koushik,0.602
1763988949.287544,1,Koushik,0.896
1763988949.287554,2,Docter Shinu Abhi ,0.805
1763988949.2875571,3,Koushik,0.602
1763988949.474453,1,Koushik,0.896
1763988949.474463,2,Docter Shinu Abhi ,0.805
1763988949.4744651,3,Koushik,0.602
1763988949.67093,1,Koushik,0.896
1763988949.6709352,2,Docter Shinu Abhi ,0.805
1763988949.670936,3,Koushik,0.602
1763988949.868386,1,Koushik,0.896
1763988949.868393,2,Docter Shinu Abhi ,0.805
1763988949.868395,3,Koushik,0.602
1763988950.03742,1,Koushik,0.896
1763988950.0374248,2,Docter Shinu Abhi ,0.805
1763988950.037725,3,Koushik,0.602
1763988950.256585,1,Koushik,0.896
1763988950.2565918,2,Docter Shinu Abhi ,0.805
1763988950.256593,3,Koushik,0.602
1763988950.439769,1,Koushik,0.896
1763988950.439779,2,Docter Shinu Abhi ,0.805
1763988950.4397812,3,Koushik,0.602
1763988950.635263,1,Koushik,0.896
1763988950.6352692,2,Docter Shinu Abhi ,0.805
1763988950.6352708,3,Koushik,0.602
1763988950.811578,1,Koushik,0.896
1763988950.811584,2,Docter Shinu Abhi ,0.805
1763988950.8115861,3,Koushik,0.602
1763988951.028873,1,Koushik,0.896
1763988951.0288808,2,Docter Shinu Abhi ,0.805
1763988951.028883,3,Koushik,0.602
1763988951.028884,18,Unknown,0.244
1763988951.209903,1,Koushik,0.896
1763988951.209908,2,Docter Shinu Abhi ,0.805
1763988951.20991,3,Koushik,0.602
1763988951.209911,18,Unknown,0.170
1763988951.4932091,1,Koushik,0.896
1763988951.493214,2,Docter Shinu Abhi ,0.805
1763988951.493215,3,Koushik,0.602
1763988951.493216,18,Unknown,0.096
1763988951.493218,19,Unknown,0.255
1763988951.677363,1,Koushik,0.896
1763988951.677369,2,Docter Shinu Abhi ,0.805
1763988951.6773708,3,Koushik,0.602
1763988951.677372,18,Unknown,0.091
1763988951.871011,1,Koushik,0.896
1763988951.87102,2,Docter Shinu Abhi ,0.805
1763988951.871021,3,Koushik,0.602
1763988952.07374,1,Koushik,0.896
1763988952.073746,2,Docter Shinu Abhi ,0.805
1763988952.0737479,3,Koushik,0.602
1763988952.073749,18,Unknown,0.040
1763988952.286016,1,Koushik,0.896
1763988952.286023,2,Docter Shinu Abhi ,0.805
1763988952.2860239,3,Koushik,0.602
1763988952.286026,18,Unknown,0.045
1763988952.467772,1,Koushik,0.896
1763988952.467781,2,Docter Shinu Abhi ,0.805
1763988952.4677818,3,Koushik,0.602
1763988952.637065,1,Koushik,0.896
1763988952.6370728,2,Docter Shinu Abhi ,0.805
1763988952.637075,3,Koushik,0.602
1763988952.8591979,1,Koushik,0.896
1763988952.859204,2,Docter Shinu Abhi ,0.805
1763988952.859205,3,Koushik,0.602
1763988953.0412438,1,Koushik,0.896
1763988953.04125,2,Docter Shinu Abhi ,0.805
1763988953.041258,3,Koushik,0.602
1763988953.244724,1,Koushik,0.896
1763988953.244731,2,Docter Shinu Abhi ,0.805
1763988953.244732,3,Koushik,0.602
1763988953.4536462,1,Koushik,0.896
1763988953.453652,2,Docter Shinu Abhi ,0.805
1763988953.453653,3,Koushik,0.602
1763988953.641357,1,Koushik,0.896
1763988953.641363,2,Docter Shinu Abhi ,0.805
1763988953.6413639,3,Koushik,0.602
1763988953.897815,1,Koushik,0.896
1763988953.897826,2,Docter Shinu Abhi ,0.805
1763988953.897828,3,Koushik,0.602
1763988954.106923,1,Koushik,0.896
1763988954.1069288,2,Docter Shinu Abhi ,0.805
1763988954.10693,3,Koushik,0.602
1763988954.292567,1,Koushik,0.896
1763988954.292575,2,Docter Shinu Abhi ,0.805
1763988954.292577,3,Koushik,0.602
1763988954.475162,1,Koushik,0.896
1763988954.475169,2,Docter Shinu Abhi ,0.805
1763988954.4751701,3,Koushik,0.602
1763988954.6782138,1,Koushik,0.896
1763988954.67822,2,Docter Shinu Abhi ,0.805
1763988954.678221,3,Koushik,0.602
1763988954.6782238,20,Unknown,0.246
1763988954.9052749,1,Koushik,0.896
1763988954.9052858,2,Docter Shinu Abhi ,0.805
1763988954.905288,3,Koushik,0.602
1763988955.114389,1,Koushik,0.896
1763988955.1143959,2,Docter Shinu Abhi ,0.805
1763988955.114398,3,Koushik,0.602
1763988955.114399,20,Unknown,0.130
1763988955.333615,1,Koushik,0.896
1763988955.333625,2,Docter Shinu Abhi ,0.805
1763988955.333626,3,Koushik,0.602
1763988955.333628,20,Unknown,0.119
1763988955.554643,1,Koushik,0.896
1763988955.554652,2,Docter Shinu Abhi ,0.805
1763988955.554654,3,Koushik,0.602
1763988955.554656,20,Unknown,0.120
1763988955.745327,1,Koushik,0.896
1763988955.745332,2,Docter Shinu Abhi ,0.805
1763988955.745334,3,Koushik,0.602
1763988955.745335,20,Unknown,0.233
1763988955.745336,21,Unknown,0.378
1763988955.9436429,1,Koushik,0.896
1763988955.94365,2,Docter Shinu Abhi ,0.805
1763988955.943651,3,Koushik,0.602
1763988955.9436522,20,Unknown,0.156
1763988956.14175,1,Koushik,0.896
1763988956.1417558,2,Docter Shinu Abhi ,0.805
1763988956.141757,3,Koushik,0.602
1763988956.3532171,1,Koushik,0.896
1763988956.353225,2,Docter Shinu Abhi ,0.805
1763988956.353227,3,Koushik,0.602
1763988956.5413198,1,Koushik,0.896
1763988956.541328,2,Docter Shinu Abhi ,0.805
1763988956.5413299,3,Koushik,0.602
1763988956.541331,22,Unknown,0.223
1763988956.75903,1,Koushik,0.896
1763988956.7590358,2,Docter Shinu Abhi ,0.805
1763988956.759038,3,Koushik,0.602
1763988956.966922,1,Koushik,0.896
1763988956.9669278,2,Docter Shinu Abhi ,0.805
1763988956.96693,3,Koushik,0.602
1763988956.9669309,22,Unknown,0.101
1763988957.149151,1,Koushik,0.896
1763988957.14916,2,Docter Shinu Abhi ,0.805
1763988957.149162,3,Koushik,0.602
1763988957.361202,1,Koushik,0.896
1763988957.36121,2,Docter Shinu Abhi ,0.805
1763988957.361212,3,Koushik,0.602
1763988957.361213,22,Unknown,0.155
1763988957.361214,23,Unknown,0.174
1763988957.533909,1,Koushik,0.896
1763988957.533916,2,Docter Shinu Abhi ,0.805
1763988957.5339189,3,Koushik,0.602
1763988957.707582,1,Koushik,0.896
1763988957.7075891,2,Docter Shinu Abhi ,0.805
1763988957.7075908,3,Koushik,0.602
1763988957.907112,1,Koushik,0.896
1763988957.907119,2,Docter Shinu Abhi ,0.805
1763988957.907121,3,Koushik,0.602
1763988958.106312,1,Koushik,0.896
1763988958.106318,2,Docter Shinu Abhi ,0.805
1763988958.10632,3,Koushik,0.602
1763988958.1063209,24,Unknown,0.126
1763988958.3236768,1,Koushik,0.896
1763988958.323682,2,Docter Shinu Abhi ,0.805
1763988958.323683,3,Koushik,0.602
1763988958.3236852,24,Unknown,0.196
1763988958.5121,1,Koushik,0.896
1763988958.512107,2,Docter Shinu Abhi ,0.805
1763988958.512109,3,Koushik,0.602
1763988958.51211,24,Unknown,0.060
1763988958.712031,1,Koushik,0.896
1763988958.712043,2,Docter Shinu Abhi ,0.805
1763988958.712044,3,Koushik,0.602
1763988958.712045,24,Unknown,0.083
1763988958.9071722,1,Koushik,0.896
1763988958.907179,2,Docter Shinu Abhi ,0.805
1763988958.90718,3,Koushik,0.602
1763988959.126288,1,Koushik,0.896
1763988959.126294,2,Docter Shinu Abhi ,0.805
1763988959.126295,3,Koushik,0.602
1763988959.126297,24,Unknown,0.096
1763988959.3213289,1,Koushik,0.896
1763988959.321336,2,Docter Shinu Abhi ,0.805
1763988959.321337,3,Koushik,0.602
1763988959.3213382,24,Unknown,0.068
1763988959.525014,1,Koushik,0.896
1763988959.5250208,2,Docter Shinu Abhi ,0.805
1763988959.525022,3,Koushik,0.602
1763988959.525023,24,Unknown,0.062
1763988959.7107542,1,Koushik,0.896
1763988959.7107651,2,Docter Shinu Abhi ,0.805
1763988959.710767,3,Koushik,0.602
1763988959.959998,1,Koushik,0.896
1763988959.960012,2,Docter Shinu Abhi ,0.805
1763988959.9600132,3,Koushik,0.602
1763988960.17119,1,Koushik,0.896
1763988960.171198,2,Docter Shinu Abhi ,0.805
1763988960.1712,3,Koushik,0.602
1763988960.394235,1,Koushik,0.896
1763988960.394241,2,Docter Shinu Abhi ,0.805
1763988960.394243,3,Koushik,0.602
1763988960.5804749,1,Koushik,0.896
1763988960.580482,2,Docter Shinu Abhi ,0.805
1763988960.580483,3,Koushik,0.602
1763988960.580485,25,Unknown,0.142
1763988960.759341,1,Koushik,0.896
1763988960.759352,2,Docter Shinu Abhi ,0.805
1763988960.759354,3,Koushik,0.602
1763988960.9785779,1,Koushik,0.896
1763988960.9785879,2,Docter Shinu Abhi ,0.805
1763988960.97859,3,Koushik,0.602
1763988961.187485,1,Koushik,0.896
1763988961.187495,2,Docter Shinu Abhi ,0.805
1763988961.187497,3,Koushik,0.602
1763988961.3970702,1,Koushik,0.896
1763988961.397077,2,Docter Shinu Abhi ,0.805
1763988961.397079,3,Koushik,0.602
1763988961.605292,1,Koushik,0.896
1763988961.6053,2,Docter Shinu Abhi ,0.805
1763988961.605302,3,Koushik,0.602
1763988961.810729,1,Koushik,0.896
1763988961.8107362,2,Docter Shinu Abhi ,0.805
1763988961.8107378,3,Koushik,0.602
1763988961.81074,26,Unknown,0.358
1763988962.012369,1,Koushik,0.896
1763988962.012375,2,Docter Shinu Abhi ,0.805
1763988962.012376,3,Koushik,0.602
1763988962.225607,1,Koushik,0.896
1763988962.225621,2,Docter Shinu Abhi ,0.805
1763988962.2256231,3,Koushik,0.602
1763988962.411229,1,Koushik,0.896
1763988962.411236,2,Docter Shinu Abhi ,0.805
1763988962.411238,3,Koushik,0.602
1763988962.411239,27,Unknown,0.247
1763988962.609576,1,Koushik,0.896
1763988962.6095822,2,Docter Shinu Abhi ,0.805
1763988962.610388,3,Koushik,0.602
1763988962.6103969,27,Unknown,0.108
1763988962.807293,1,Koushik,0.896
1763988962.807304,2,Docter Shinu Abhi ,0.805
1763988962.807306,3,Koushik,0.602
1763988963.006297,1,Koushik,0.896
1763988963.006304,2,Docter Shinu Abhi ,0.805
1763988963.006306,3,Koushik,0.602
1763988963.22478,1,Koushik,0.896
1763988963.224787,2,Docter Shinu Abhi ,0.805
1763988963.224789,3,Koushik,0.602
timestamp,track_id,name,score
1763989446.634764,1,Koushik,0.926
1763989446.634773,2,Unknown,0.267
1763989446.816628,1,Koushik,0.926
1763989446.816635,2,Unknown,0.247
1763989446.981466,1,Koushik,0.926
1763989446.981472,2,Unknown,0.264
1763989447.1559172,1,Koushik,0.926
1763989447.155922,2,Unknown,0.290
1763989447.324376,1,Koushik,0.926
1763989447.3243809,2,Unknown,0.346
1763989447.497945,1,Koushik,0.926
1763989447.497953,2,Unknown,0.278
1763989447.675783,1,Koushik,0.926
1763989447.675791,2,Unknown,0.283
1763989447.832405,1,Koushik,0.926
1763989447.832413,2,Unknown,0.310
1763989448.0065339,1,Koushik,0.926
1763989448.00654,2,Unknown,0.245
1763989448.1700668,1,Koushik,0.926
1763989448.170073,2,Unknown,0.268
1763989448.4121401,1,Koushik,0.926
1763989448.569182,1,Koushik,0.926
1763989448.723233,1,Koushik,0.926
1763989448.903657,1,Koushik,0.926
1763989449.068566,1,Koushik,0.926
1763989449.23756,1,Koushik,0.926
1763989449.399214,1,Koushik,0.926
1763989449.572822,1,Koushik,0.926
1763989449.724601,1,Koushik,0.926
1763989449.902257,1,Koushik,0.926
1763989450.063993,1,Koushik,0.926
1763989450.237517,1,Koushik,0.926
1763989450.391812,1,Koushik,0.926
1763989450.573229,1,Koushik,0.926
1763989450.7329369,1,Koushik,0.926
1763989450.8910599,1,Koushik,0.926
1763989451.067515,1,Koushik,0.926
1763989451.23543,1,Koushik,0.926
1763989451.395454,1,Koushik,0.926
1763989451.5714922,1,Koushik,0.926
1763989451.7231889,1,Koushik,0.926
1763989451.9029062,1,Koushik,0.926
1763989452.063586,1,Koushik,0.926
1763989452.23799,1,Koushik,0.926
1763989452.393632,1,Koushik,0.926
1763989452.5704708,1,Koushik,0.926
1763989452.750289,1,Koushik,0.926
1763989452.923201,1,Koushik,0.926
1763989453.083821,1,Koushik,0.926
1763989453.255237,1,Koushik,0.926
1763989453.417307,1,Koushik,0.926
1763989453.604086,1,Koushik,0.926
1763989453.7693021,1,Koushik,0.926
1763989453.936021,1,Koushik,0.926
1763989454.0933099,1,Koushik,0.926
1763989454.268903,1,Koushik,0.926
1763989454.425013,1,Koushik,0.926
1763989454.604029,1,Koushik,0.926
1763989454.776766,1,Koushik,0.926
1763989454.776771,3,Unknown,0.426
1763989454.939605,1,Koushik,0.926
1763989454.939611,3,Unknown,0.433
1763989455.097806,1,Koushik,0.926
1763989455.097812,3,Unknown,0.427
1763989455.271925,1,Koushik,0.926
1763989455.4274108,1,Koushik,0.926
1763989455.6040041,1,Koushik,0.926
1763989455.762521,1,Koushik,0.926
1763989455.938338,1,Koushik,0.926
1763989456.098269,1,Koushik,0.926
1763989456.0982752,4,Unknown,0.283
1763989456.2730849,1,Koushik,0.926
1763989456.273089,4,Unknown,0.345
1763989456.427084,1,Koushik,0.926
1763989456.427089,4,Unknown,0.277
1763989456.606333,1,Koushik,0.926
1763989456.6063402,4,Unknown,0.309
1763989456.7596412,1,Koushik,0.926
1763989456.9369678,1,Koushik,0.926
1763989457.093531,1,Koushik,0.926
1763989457.270189,1,Koushik,0.926
1763989457.427733,1,Koushik,0.926
1763989457.6058722,1,Koushik,0.926
1763989457.757749,1,Koushik,0.926
1763989457.937042,1,Koushik,0.926
1763989458.0923111,1,Koushik,0.926
1763989458.2691891,1,Koushik,0.926
1763989458.424484,1,Koushik,0.926
1763989458.603391,1,Koushik,0.926
1763989458.775108,1,Koushik,0.926
1763989458.9214232,1,Koushik,0.926
1763989459.085001,1,Koushik,0.926
1763989459.255348,1,Koushik,0.926
1763989459.416779,1,Koushik,0.926
1763989459.5701928,1,Koushik,0.926
1763989459.733144,1,Koushik,0.926
1763989459.905288,1,Koushik,0.926
1763989460.066803,1,Koushik,0.926
1763989460.066808,5,Unknown,0.217
1763989460.2402391,1,Koushik,0.926
1763989460.240245,5,Unknown,0.164
1763989460.406555,1,Koushik,0.926
1763989460.4065611,5,Unknown,0.262
1763989460.558697,1,Koushik,0.926
1763989460.5587032,5,Unknown,0.171
1763989460.739591,1,Koushik,0.926
1763989460.739595,5,Unknown,0.256
1763989460.900119,1,Koushik,0.926
1763989461.069833,1,Koushik,0.926
1763989461.2332978,1,Koushik,0.926
1763989461.404602,1,Koushik,0.926
1763989461.5733051,1,Koushik,0.926
1763989461.7470562,1,Koushik,0.926
1763989461.912858,1,Koushik,0.926
1763989462.0740328,1,Koushik,0.926
1763989462.2374668,1,Koushik,0.926
1763989462.4141629,1,Koushik,0.926
1763989462.572288,1,Koushik,0.926
1763989462.747123,1,Koushik,0.926
1763989462.9055638,1,Koushik,0.926
1763989463.057177,1,Koushik,0.926
1763989463.237996,1,Koushik,0.926
1763989463.394739,1,Koushik,0.926
1763989463.5701902,1,Koushik,0.926
1763989463.730569,1,Koushik,0.926
timestamp,track_id,name,score
timestamp,track_id,name,score
1764069768.4136667,1,Srinivas,0.789
1764069768.573202,1,Srinivas,0.789
1764069768.741647,1,Srinivas,0.789
1764069768.8907318,1,Srinivas,0.789
1764069769.0842519,1,Srinivas,0.789
1764069769.2376666,1,Srinivas,0.789
1764069769.3786159,1,Srinivas,0.789
1764069769.5350509,1,Srinivas,0.789
1764069769.7085965,1,Srinivas,0.789
1764069769.8910184,1,Srinivas,0.789
1764069770.037882,1,Srinivas,0.789
1764069770.2017443,1,Srinivas,0.789
1764069770.3984804,1,Srinivas,0.789
1764069770.560958,1,Srinivas,0.789
1764069770.7183588,1,Srinivas,0.789
1764069770.898217,1,Srinivas,0.789
1764069770.898217,2,Unknown,0.161
1764069771.0622876,1,Srinivas,0.789
1764069771.2700078,1,Srinivas,0.789
1764069771.2700078,2,Unknown,0.170
1764069771.42517,1,Srinivas,0.789
1764069771.5959914,1,Srinivas,0.789
1764069771.791065,1,Srinivas,0.789
1764069771.791065,3,Unknown,0.133
1764069771.95084,1,Srinivas,0.789
1764069772.1237566,1,Srinivas,0.789
1764069772.1237566,3,Unknown,0.149
1764069772.338015,1,Srinivas,0.789
1764069772.338015,3,Unknown,0.150
1764069772.534586,1,Srinivas,0.789
1764069772.534586,3,Unknown,0.173
1764069772.7241764,1,Srinivas,0.789
1764069772.7241764,3,Unknown,0.210
1764069772.940348,1,Srinivas,0.789
1764069772.940348,3,Unknown,0.185
1764069773.1061444,1,Srinivas,0.789
1764069773.3171113,1,Srinivas,0.789
1764069773.3171113,3,Unknown,0.154
1764069773.5574417,1,Srinivas,0.789
1764069773.7853575,1,Srinivas,0.789
1764069773.7853575,3,Unknown,0.173
1764069774.006854,1,Srinivas,0.789
1764069774.2365053,1,Srinivas,0.789
1764069774.4588218,1,Srinivas,0.789
1764069774.6627119,1,Srinivas,0.789
1764069774.8836708,1,Srinivas,0.789
1764069775.1175127,1,Srinivas,0.789
1764069775.329447,1,Srinivas,0.789
1764069775.537962,1,Srinivas,0.789
1764069775.7639303,1,Srinivas,0.789
1764069775.986713,1,Srinivas,0.789
1764069776.2515285,1,Srinivas,0.789
1764069776.4662812,1,Srinivas,0.789
1764069776.6850224,1,Srinivas,0.789
1764069776.8986688,1,Srinivas,0.789
1764069777.1202269,1,Srinivas,0.789
1764069777.379386,1,Srinivas,0.789
1764069777.5564022,1,Srinivas,0.789
1764069777.7591393,1,Srinivas,0.789
1764069777.973296,1,Srinivas,0.789
1764069778.1790888,1,Srinivas,0.789
1764069778.3851683,1,Srinivas,0.789
1764069778.571896,1,Srinivas,0.789
1764069778.7798743,1,Srinivas,0.789
1764069779.005146,1,Srinivas,0.789
1764069779.2917514,1,Srinivas,0.789
1764069779.57997,1,Srinivas,0.789
1764069779.7898588,1,Srinivas,0.789
1764069779.9964144,1,Srinivas,0.789
1764069780.2488182,1,Srinivas,0.789
1764069780.5377629,1,Srinivas,0.789
1764069780.7999163,1,Srinivas,0.789
1764069781.048533,1,Srinivas,0.789
1764069781.2732594,1,Srinivas,0.789
1764069781.4869678,1,Srinivas,0.789
1764069781.6885045,1,Srinivas,0.789
1764069781.9481702,1,Srinivas,0.789
1764069782.1652553,1,Srinivas,0.789
1764069782.370302,1,Srinivas,0.789
1764069782.576582,1,Srinivas,0.789
1764069782.785739,1,Srinivas,0.789
1764069782.9770172,1,Srinivas,0.789
1764069783.1649632,1,Srinivas,0.789
1764069783.3825285,1,Srinivas,0.789
1764069783.591199,1,Srinivas,0.789
1764069783.8050022,1,Srinivas,0.789
1764069784.0236819,1,Srinivas,0.789
1764069784.2639709,1,Srinivas,0.789
1764069784.4647403,1,Srinivas,0.789
1764069784.6700406,1,Srinivas,0.789
1764069784.8842711,1,Srinivas,0.789
1764069785.142945,1,Srinivas,0.789
1764069785.3695543,1,Srinivas,0.789
1764069785.5977414,1,Srinivas,0.789
1764069785.7989037,1,Srinivas,0.789
1764069785.9855604,1,Srinivas,0.789
1764069786.179441,1,Srinivas,0.789
1764069786.3935456,1,Srinivas,0.789
1764069786.6102173,1,Srinivas,0.789
1764069786.819302,1,Srinivas,0.789
1764069787.0472732,1,Srinivas,0.789
1764069787.2862818,1,Srinivas,0.789
1764069787.5418608,1,Srinivas,0.789
1764069787.7612135,1,Srinivas,0.789
1764069787.9772758,1,Srinivas,0.789
1764069788.1978204,1,Srinivas,0.789
1764069788.4884477,1,Srinivas,0.789
1764069788.7642622,1,Srinivas,0.789
1764069788.97109,1,Srinivas,0.789
1764069789.1929722,1,Srinivas,0.789
1764069789.377444,1,Srinivas,0.789
1764069789.5963976,1,Srinivas,0.789
1764069789.808924,1,Srinivas,0.789
1764069790.0283723,1,Srinivas,0.789
1764069790.2556465,1,Srinivas,0.789
1764069790.4732006,1,Srinivas,0.789
1764069790.773064,1,Srinivas,0.789
1764069791.0176218,1,Srinivas,0.789
1764069791.2839627,1,Srinivas,0.789
1764069791.5265822,1,Srinivas,0.789
1764069791.7734203,1,Srinivas,0.789
1764069791.976455,1,Srinivas,0.789
1764069792.1756055,1,Srinivas,0.789
1764069792.381278,1,Srinivas,0.789
1764069792.588635,1,Srinivas,0.789
1764069792.7731266,1,Srinivas,0.789
1764069792.965919,1,Srinivas,0.789
1764069793.179554,1,Srinivas,0.789
1764069793.4629395,1,Srinivas,0.789
1764069793.671474,1,Srinivas,0.789
1764069793.8597195,1,Srinivas,0.789
1764069794.0851398,1,Srinivas,0.789
1764069794.3605509,1,Srinivas,0.789
1764069794.5830026,1,Srinivas,0.789
1764069794.7845745,1,Srinivas,0.789
1764069794.994166,1,Srinivas,0.789
1764069795.185559,1,Srinivas,0.789
1764069795.3921528,1,Srinivas,0.789
1764069795.599353,1,Srinivas,0.789
1764069795.828086,1,Srinivas,0.789
1764069796.0637631,1,Srinivas,0.789
1764069796.2511227,1,Srinivas,0.789
1764069796.469604,1,Srinivas,0.789
1764069796.6906276,1,Srinivas,0.789
1764069796.8918548,1,Srinivas,0.789
1764069797.0830908,1,Srinivas,0.789
1764069797.349289,1,Srinivas,0.789
1764069799.383488,1,Srinivas,0.789
1764069799.5220275,1,Srinivas,0.789
1764069799.6656349,1,Srinivas,0.789
1764069799.9167595,1,Srinivas,0.789
1764069801.71985,1,Srinivas,0.789
1764069801.877845,1,Srinivas,0.789
1764069802.0142045,1,Srinivas,0.789
1764069802.2002125,1,Srinivas,0.789
1764069802.4141319,1,Srinivas,0.789
1764069804.2032616,1,Srinivas,0.789
1764069804.413941,1,Srinivas,0.789
1764069804.5885887,1,Srinivas,0.789
1764069804.7137935,1,Srinivas,0.789
1764069804.9206803,1,Srinivas,0.789
1764069805.1226244,1,Srinivas,0.789
1764069805.347005,1,Srinivas,0.789
1764069805.5711732,1,Srinivas,0.789
1764069805.7665203,1,Srinivas,0.789
1764069805.9752114,1,Srinivas,0.789
1764069806.171153,1,Srinivas,0.789
1764069806.3681626,1,Srinivas,0.789
1764069806.567546,1,Srinivas,0.789
1764069806.7677405,1,Srinivas,0.789
1764069806.9446833,1,Srinivas,0.789
1764069807.1483667,1,Srinivas,0.789
1764069807.3749387,1,Srinivas,0.789
1764069807.6156232,1,Srinivas,0.789
1764069807.807994,1,Srinivas,0.789
1764069808.0458834,1,Srinivas,0.789
1764069808.2660365,1,Srinivas,0.789
1764069808.4644382,1,Srinivas,0.789
1764069808.6826806,1,Srinivas,0.789
1764069808.895323,1,Srinivas,0.789
1764069809.1079,1,Srinivas,0.789
1764069809.3533826,1,Srinivas,0.789
1764069809.5678005,1,Srinivas,0.789
1764069809.7970285,1,Srinivas,0.789
1764069810.0466683,1,Srinivas,0.789
1764069810.2629712,1,Srinivas,0.789
1764069810.4800222,1,Srinivas,0.789
1764069810.6973262,1,Srinivas,0.789
1764069810.996284,1,Srinivas,0.789
1764069811.1763206,1,Srinivas,0.789
1764069811.3412077,1,Srinivas,0.789
1764069811.5360715,1,Srinivas,0.789
1764069811.7588885,1,Srinivas,0.789
1764069812.799009,1,Srinivas,0.789
1764069813.018944,1,Srinivas,0.789
1764069813.2762008,1,Srinivas,0.789
1764069814.4019306,1,Srinivas,0.789
1764069814.6086073,1,Srinivas,0.789
1764069814.8153012,1,Srinivas,0.789
1764069815.0310314,1,Srinivas,0.789
1764069815.2944634,1,Srinivas,0.789
1764069815.522271,1,Srinivas,0.789
1764069815.7642722,1,Srinivas,0.789
1764069815.9991186,1,Srinivas,0.789
1764069816.199928,1,Srinivas,0.789
1764069816.4443786,1,Srinivas,0.789
1764069816.6672604,1,Srinivas,0.789
1764069817.0081482,1,Srinivas,0.789
1764069817.2605274,1,Srinivas,0.789
1764069817.4891546,1,Srinivas,0.789
1764069817.6922898,1,Srinivas,0.789
1764069817.8934274,1,Srinivas,0.789
1764069818.1171618,1,Srinivas,0.789
1764069818.3419058,1,Srinivas,0.789
1764069818.5843232,1,Srinivas,0.789
1764069818.7881336,1,Srinivas,0.789
1764069818.9955356,1,Srinivas,0.789
1764069819.243085,1,Srinivas,0.789
1764069819.243085,4,Unknown,0.416
1764069819.4919193,5,Srinivas,0.809
1764069819.4919193,6,Unknown,0.407
1764069819.7553818,5,Srinivas,0.809
1764069819.7553818,6,Unknown,0.395
1764069820.0294943,5,Srinivas,0.809
1764069820.0294943,6,Unknown,0.358
1764069820.303888,5,Srinivas,0.809
1764069820.303888,6,Unknown,0.462
1764069820.5546966,5,Srinivas,0.809
1764069820.5546966,6,Unknown,0.472
1764069820.812164,5,Srinivas,0.809
1764069820.812164,6,Unknown,0.463
1764069821.1000893,5,Srinivas,0.809
1764069821.1000893,6,Unknown,0.356
1764069821.3954616,5,Srinivas,0.809
1764069821.3954616,6,Unknown,0.428
1764069821.7454576,5,Srinivas,0.809
1764069821.7454576,6,Unknown,0.373
1764069821.9854794,5,Srinivas,0.809
1764069821.9854794,6,Unknown,0.357
1764069822.2288816,5,Srinivas,0.809
1764069822.2288816,6,Unknown,0.366
1764069822.5210652,5,Srinivas,0.809
1764069822.5210652,6,Unknown,0.410
1764069822.7214034,5,Srinivas,0.809
1764069822.7214034,6,Unknown,0.383
1764069822.9602067,5,Srinivas,0.809
1764069822.9602067,6,Unknown,0.414
1764069823.1802685,5,Srinivas,0.809
1764069823.1802685,6,Unknown,0.323
1764069827.6167946,5,Srinivas,0.809
1764069827.6167946,6,Unknown,0.416
1764069827.7786818,5,Srinivas,0.809
1764069827.7786818,6,Unknown,0.377
1764069827.9421163,5,Srinivas,0.809
1764069827.9421163,6,Unknown,0.409
1764069828.1372898,5,Srinivas,0.809
1764069828.1372898,6,Unknown,0.371
1764069828.3220644,5,Srinivas,0.809
1764069828.3220644,6,Unknown,0.376
1764069828.5060277,5,Srinivas,0.809
1764069828.5060277,6,Unknown,0.388
1764069828.694167,5,Srinivas,0.809
1764069828.694167,6,Unknown,0.378
1764069828.8640616,5,Srinivas,0.809
1764069828.8640616,6,Unknown,0.383
1764069829.015722,5,Srinivas,0.809
1764069829.015722,6,Unknown,0.383
1764069829.2210624,5,Srinivas,0.809
1764069829.2210624,6,Unknown,0.407
1764069829.4376333,5,Srinivas,0.809
1764069829.438623,6,Unknown,0.395
1764069829.7068226,5,Srinivas,0.809
1764069829.7068226,6,Unknown,0.342
1764069829.9425578,5,Srinivas,0.809
1764069829.9425578,6,Unknown,0.230
1764069830.1708395,7,Unknown,0.378
1764069830.1708395,8,Srinivas,0.834
1764069830.5176318,8,Srinivas,0.834
1764069830.5176318,9,Unknown,0.505
1764069830.6986737,8,Srinivas,0.834
1764069830.8876655,8,Srinivas,0.834
1764069831.1300447,8,Srinivas,0.834
1764069831.3528965,8,Srinivas,0.834
1764069831.520085,8,Srinivas,0.834
1764069831.7136445,8,Srinivas,0.834
1764069831.9422567,8,Srinivas,0.834
1764069832.1192193,8,Srinivas,0.834
1764069832.3052542,8,Srinivas,0.834
1764069832.5160885,8,Srinivas,0.834
1764069832.7494857,8,Srinivas,0.834
1764069832.9176345,8,Srinivas,0.834
1764069833.1668,8,Srinivas,0.834
1764069833.6466353,8,Srinivas,0.834
1764069833.8233883,8,Srinivas,0.834
1764069834.0330675,8,Srinivas,0.834
1764069834.2458582,8,Srinivas,0.834
1764069834.451545,8,Srinivas,0.834
1764069834.67627,8,Srinivas,0.834
1764069834.9016745,8,Srinivas,0.834
1764069835.2005193,8,Srinivas,0.834
1764069835.4287057,8,Srinivas,0.834
1764069835.657185,8,Srinivas,0.834
1764069835.8770578,8,Srinivas,0.834
1764069836.3138344,8,Srinivas,0.834
1764069836.6149988,8,Srinivas,0.834
1764069836.856261,8,Srinivas,0.834
1764069837.05619,8,Srinivas,0.834
1764069837.2539642,8,Srinivas,0.834
1764069837.4290721,8,Srinivas,0.834
1764069837.721563,8,Srinivas,0.834
1764069837.9483242,8,Srinivas,0.834
1764069838.1765597,8,Srinivas,0.834
1764069838.378217,8,Srinivas,0.834
1764069838.5901363,8,Srinivas,0.834
1764069838.7914927,8,Srinivas,0.834
1764069838.9965498,8,Srinivas,0.834
1764069839.1986327,8,Srinivas,0.834
1764069839.4197764,8,Srinivas,0.834
1764069839.6517122,8,Srinivas,0.834
1764069839.8425457,8,Srinivas,0.834
1764069840.0458686,8,Srinivas,0.834
1764069840.2887452,8,Srinivas,0.834
1764069840.5358262,8,Srinivas,0.834
1764069840.7947264,8,Srinivas,0.834
1764069841.0662026,8,Srinivas,0.834
1764069841.331274,8,Srinivas,0.834
1764069841.7187252,8,Srinivas,0.834
1764069841.9969828,8,Srinivas,0.834
1764069842.2524989,8,Srinivas,0.834
1764069842.4846668,8,Srinivas,0.834
1764069842.7448685,8,Srinivas,0.834
1764069842.9889615,8,Srinivas,0.834
1764069843.2006054,8,Srinivas,0.834
1764069843.4233205,8,Srinivas,0.834
1764069843.6728098,8,Srinivas,0.834
1764069843.8892734,8,Srinivas,0.834
1764069844.4358547,8,Srinivas,0.834
1764069844.6259124,8,Srinivas,0.834
1764069844.8318129,8,Srinivas,0.834
1764069845.0494654,8,Srinivas,0.834
1764069845.256292,8,Srinivas,0.834
1764069845.466365,8,Srinivas,0.834
1764069845.712306,8,Srinivas,0.834
1764069845.9518702,8,Srinivas,0.834
1764069846.177248,8,Srinivas,0.834
1764069846.3736875,8,Srinivas,0.834
1764069846.5669854,8,Srinivas,0.834
1764069846.7518303,8,Srinivas,0.834
1764069846.986386,8,Srinivas,0.834
1764069847.184522,8,Srinivas,0.834
1764069847.3809245,8,Srinivas,0.834
1764069847.5650282,8,Srinivas,0.834
1764069847.746976,8,Srinivas,0.834
1764069847.9817777,8,Srinivas,0.834
1764069848.1992478,8,Srinivas,0.834
1764069848.4094946,8,Srinivas,0.834
1764069848.6458416,8,Srinivas,0.834
1764069848.8641398,8,Srinivas,0.834
1764069849.0766737,8,Srinivas,0.834
1764069849.2860274,8,Srinivas,0.834
1764069849.8293178,8,Srinivas,0.834
1764069850.0885642,8,Srinivas,0.834
1764069850.3059125,8,Srinivas,0.834
1764069850.5107634,8,Srinivas,0.834
1764069850.7450745,8,Srinivas,0.834
timestamp,track_id,name,score
1764069871.1545627,1,Srinivas,0.905
1764069871.302966,1,Srinivas,0.905
1764069871.4819837,1,Srinivas,0.905
1764069871.687337,1,Srinivas,0.905
1764069871.8505373,1,Srinivas,0.905
1764069872.0028942,1,Srinivas,0.905
1764069872.160903,1,Srinivas,0.905
1764069872.3200314,1,Srinivas,0.905
1764069872.5080683,1,Srinivas,0.905
1764069872.6714787,1,Srinivas,0.905
1764069872.820918,1,Srinivas,0.905
1764069872.9699612,1,Srinivas,0.905
1764069873.1058283,1,Srinivas,0.905
1764069873.301152,1,Srinivas,0.905
1764069873.4639134,1,Srinivas,0.905
1764069873.5979462,1,Srinivas,0.905
1764069873.7562218,1,Srinivas,0.905
1764069873.910198,1,Srinivas,0.905
1764069874.0790114,1,Srinivas,0.905
1764069874.2515774,1,Srinivas,0.905
1764069874.411389,1,Srinivas,0.905
1764069874.5608244,1,Srinivas,0.905
1764069874.7148938,1,Srinivas,0.905
1764069874.8820565,1,Srinivas,0.905
1764069876.703212,1,Srinivas,0.905
1764069876.895006,1,Srinivas,0.905
1764069877.1140673,1,Srinivas,0.905
1764069877.282673,1,Srinivas,0.905
1764069877.5140882,1,Srinivas,0.905
1764069877.7029889,1,Srinivas,0.905
1764069877.915383,1,Srinivas,0.905
1764069878.1609325,1,Srinivas,0.905
1764069878.369721,1,Srinivas,0.905
1764069879.5427964,1,Srinivas,0.905
1764069879.71021,1,Srinivas,0.905
1764069881.5321412,1,Srinivas,0.905
1764069881.685229,1,Srinivas,0.905
1764069881.8311417,1,Srinivas,0.905
1764069882.0250573,1,Srinivas,0.905
1764069882.2274866,1,Srinivas,0.905
1764069882.4309173,1,Srinivas,0.905
1764069882.6455472,1,Srinivas,0.905
1764069882.8668194,1,Srinivas,0.905
1764069883.0681436,1,Srinivas,0.905
1764069884.8130295,1,Srinivas,0.905
1764069884.9856074,1,Srinivas,0.905
1764069885.2312922,1,Srinivas,0.905
1764069885.4442806,1,Srinivas,0.905
1764069885.648367,1,Srinivas,0.905
1764069885.8890536,1,Srinivas,0.905
1764069886.0946217,1,Srinivas,0.905
1764069886.3174436,1,Srinivas,0.905
1764069886.5278945,1,Srinivas,0.905
1764069886.739592,1,Srinivas,0.905
1764069886.9594471,1,Srinivas,0.905
1764069887.1655695,1,Srinivas,0.905
1764069887.366177,1,Srinivas,0.905
1764069887.5818152,1,Srinivas,0.905
1764069887.8755848,1,Srinivas,0.905
1764069888.0720522,1,Srinivas,0.905
1764069888.2777476,1,Srinivas,0.905
1764069888.5400002,1,Srinivas,0.905
1764069888.7461686,1,Srinivas,0.905
1764069888.9467242,1,Srinivas,0.905
1764069889.1695368,1,Srinivas,0.905
1764069889.3777828,1,Srinivas,0.905
1764069889.5891314,1,Srinivas,0.905
timestamp,track_id,name,score
1764069905.9376988,1,Srinivas,0.870
1764069906.1527557,1,Srinivas,0.870
1764069906.1527557,2,Unknown,0.147
1764069906.2988813,1,Srinivas,0.870
1764069906.4881773,1,Srinivas,0.870
1764069906.4881773,2,Unknown,0.152
1764069906.6683593,1,Srinivas,0.870
1764069906.816726,1,Srinivas,0.870
1764069906.974386,1,Srinivas,0.870
1764069907.1130204,1,Srinivas,0.870
1764069907.3023634,1,Srinivas,0.870
1764069907.4695404,1,Srinivas,0.870
1764069907.5908535,1,Srinivas,0.870
1764069907.739028,1,Srinivas,0.870
1764069907.9205556,1,Srinivas,0.870
1764069908.143959,1,Srinivas,0.870
1764069908.3641043,1,Srinivas,0.870
1764069908.6009748,1,Srinivas,0.870
1764069911.4721227,3,Srinivas,0.771
1764069911.8933363,4,Srinivas,0.859
1764069912.3224757,5,Unknown,0.263
1764069915.0680294,6,Srinivas,0.773
1764069915.2507162,6,Srinivas,0.773
1764069915.457653,6,Srinivas,0.773
1764069915.6686318,6,Srinivas,0.773
1764069915.8677423,6,Srinivas,0.773
1764069916.0363343,6,Srinivas,0.773
1764069916.4778526,7,Srinivas,0.707
1764069916.6573422,8,Srinivas,0.871
1764069916.8260758,8,Srinivas,0.871
1764069917.0127943,8,Srinivas,0.871
1764069917.2725933,8,Srinivas,0.871
1764069917.5515816,8,Srinivas,0.871
1764069917.5515816,9,Unknown,0.155
1764069917.792246,8,Srinivas,0.871
1764069917.792246,9,Unknown,0.335
1764069918.0007658,8,Srinivas,0.871
1764069918.198972,8,Srinivas,0.871
1764069918.4877207,8,Srinivas,0.871
1764069918.4877207,10,Unknown,0.121
1764069918.7551775,8,Srinivas,0.871
1764069918.7551775,10,Unknown,0.122
1764069919.0203404,8,Srinivas,0.871
1764069919.0203404,10,Unknown,0.161
1764069919.2211912,8,Srinivas,0.871
1764069919.4621923,8,Srinivas,0.871
1764069919.4627368,10,Unknown,0.147
1764069919.7349463,8,Srinivas,0.871
1764069919.7349463,10,Unknown,0.171
1764069919.9808128,8,Srinivas,0.871
1764069919.9808128,10,Unknown,0.267
1764069920.1820781,8,Srinivas,0.871
1764069920.3975995,8,Srinivas,0.871
1764069920.3975995,11,Unknown,0.224
1764069920.579442,8,Srinivas,0.871
1764069920.7745874,8,Srinivas,0.871
1764069920.961842,8,Srinivas,0.871
1764069921.1679657,8,Srinivas,0.871
1764069921.5706325,12,Unknown,0.332
1764069921.7659094,13,Srinivas,0.802
1764069922.0267828,13,Srinivas,0.802
1764069922.0267828,14,Unknown,0.120
1764069922.2860436,13,Srinivas,0.802
1764069922.2860436,14,Unknown,0.233
1764069922.5091615,13,Srinivas,0.802
1764069922.7122598,13,Srinivas,0.802
1764069922.9487262,13,Srinivas,0.802
1764069922.9487262,15,Unknown,0.263
1764069923.1508808,13,Srinivas,0.802
1764069925.1520128,13,Srinivas,0.802
1764069925.268416,16,Unknown,0.495
1764069925.7028968,17,Unknown,0.366
1764069925.8295186,17,Srinivas,0.743
1764069925.9781473,17,Srinivas,0.743
1764069926.2453675,18,Unknown,0.396
1764069926.4556851,19,Docter Shinu Abhi,0.780
1764069926.6454911,19,Docter Shinu Abhi,0.780
1764069926.823088,19,Docter Shinu Abhi,0.780
1764069927.0016859,20,Docter Shinu Abhi,0.795
1764069927.2709498,20,Docter Shinu Abhi,0.795
1764069927.2709498,21,Unknown,0.564
1764069927.2709498,22,Unknown,0.209
1764069927.5550134,20,Docter Shinu Abhi,0.795
1764069927.5550134,21,Docter Shinu Abhi,0.807
1764069927.5550134,23,Unknown,0.364
1764069927.5550134,24,Unknown,0.198
1764069927.8204184,20,Docter Shinu Abhi,0.795
1764069927.8204184,21,Docter Shinu Abhi,0.807
1764069927.8204184,23,Unknown,0.429
1764069927.8204184,24,Unknown,0.249
1764069928.0809886,20,Docter Shinu Abhi,0.795
1764069928.0809886,21,Docter Shinu Abhi,0.807
1764069928.0809886,24,Unknown,0.205
1764069928.3811424,20,Docter Shinu Abhi,0.795
1764069928.3811424,21,Docter Shinu Abhi,0.807
1764069928.3811424,23,Unknown,0.488
1764069928.3811424,24,Unknown,0.215
1764069928.6664052,20,Docter Shinu Abhi,0.795
1764069928.6664052,21,Docter Shinu Abhi,0.807
1764069928.6664052,24,Unknown,0.251
1764069928.9549468,20,Docter Shinu Abhi,0.795
1764069928.9549468,21,Docter Shinu Abhi,0.807
1764069928.9549468,24,Unknown,0.271
1764069929.260029,20,Docter Shinu Abhi,0.795
1764069929.260029,21,Docter Shinu Abhi,0.807
1764069929.260029,24,Unknown,0.240
1764069929.5421443,20,Docter Shinu Abhi,0.795
1764069929.5421443,21,Docter Shinu Abhi,0.807
1764069929.5421443,24,Unknown,0.318
1764069929.8183315,20,Docter Shinu Abhi,0.795
1764069929.8183315,21,Docter Shinu Abhi,0.807
1764069929.8183315,24,Unknown,0.180
1764069930.0956092,20,Docter Shinu Abhi,0.795
1764069930.0956092,21,Docter Shinu Abhi,0.807
1764069930.0956092,24,Unknown,0.277
1764069930.340456,20,Docter Shinu Abhi,0.795
1764069930.340456,21,Docter Shinu Abhi,0.807
1764069930.340456,24,Unknown,0.235
1764069930.594826,20,Docter Shinu Abhi,0.795
1764069930.5958252,21,Docter Shinu Abhi,0.807
1764069930.5958252,24,Unknown,0.254
1764069930.5958252,25,Unknown,0.083
1764069930.8567593,20,Docter Shinu Abhi,0.795
1764069930.8567593,21,Docter Shinu Abhi,0.807
1764069930.8567593,26,Unknown,0.238
1764069936.647337,27,Srinivas,0.915
1764069936.7847838,27,Srinivas,0.915
1764069936.9456887,27,Srinivas,0.915
1764069937.1188676,27,Srinivas,0.915
1764069937.2823336,27,Srinivas,0.915
1764069937.43668,27,Srinivas,0.915
1764069937.602373,27,Srinivas,0.915
1764069937.7776072,27,Srinivas,0.915
1764069937.9198992,27,Srinivas,0.915
1764069938.0791135,27,Srinivas,0.915
1764069938.2701745,27,Srinivas,0.915
1764069938.4576373,27,Srinivas,0.915
1764069938.6596904,27,Srinivas,0.915
1764069938.860118,27,Srinivas,0.915
1764069939.2024155,27,Srinivas,0.915
1764069939.4234333,27,Srinivas,0.915
1764069939.6708562,27,Srinivas,0.915
1764069939.8566122,27,Srinivas,0.915
1764069940.07915,27,Srinivas,0.915
1764069940.365162,27,Srinivas,0.915
1764069940.365162,28,Unknown,0.107
1764069940.5756001,27,Srinivas,0.915
1764069940.7910676,27,Srinivas,0.915
1764069940.983617,27,Srinivas,0.915
1764069941.18508,27,Srinivas,0.915
1764069941.3813305,27,Srinivas,0.915
1764069941.9192398,29,Unknown,0.160
1764069942.139352,29,Unknown,0.082
1764069942.139352,30,Unknown,0.144
1764069942.3226595,29,Unknown,0.165
1764069942.5139666,29,Unknown,0.136
1764069942.714636,29,Unknown,0.308
1764069942.9268415,29,Unknown,0.194
1764069943.1577406,29,Unknown,0.289
1764069943.4104762,29,Unknown,0.526
1764069943.618196,29,Docter Shinu Abhi,0.618
1764069943.8646336,29,Docter Shinu Abhi,0.618
1764069944.095357,29,Docter Shinu Abhi,0.618
1764069946.1710346,31,Srinivas,0.898
1764069946.3079612,31,Srinivas,0.898
1764069946.453704,31,Srinivas,0.898
1764069946.609341,31,Srinivas,0.898
1764069946.8510208,31,Srinivas,0.898
1764069947.0342832,31,Srinivas,0.898
1764069947.2392788,31,Srinivas,0.898
1764069947.4362137,31,Srinivas,0.898
1764069947.6467862,31,Srinivas,0.898
1764069947.8388002,31,Srinivas,0.898
1764069948.015725,31,Srinivas,0.898
1764069948.2215939,31,Srinivas,0.898
1764069948.4187677,31,Srinivas,0.898
1764069948.7246153,31,Srinivas,0.898
1764069948.9217904,31,Srinivas,0.898
1764069949.1832073,31,Srinivas,0.898
1764069949.1832073,32,Unknown,0.059
1764069949.3859842,31,Srinivas,0.898
1764069949.591167,31,Srinivas,0.898
1764069949.8639526,31,Srinivas,0.898
1764069950.0430748,31,Srinivas,0.898
1764069950.8811483,33,Unknown,0.035
1764069951.2236702,34,Unknown,0.587
1764069951.4842544,34,Docter Shinu Abhi,0.754
1764069951.4842544,35,Unknown,0.069
1764069951.7884781,34,Docter Shinu Abhi,0.754
1764069951.7884781,36,Unknown,0.464
1764069952.1257825,34,Docter Shinu Abhi,0.754
1764069952.1267898,36,Docter Shinu Abhi,0.629
1764069952.4152648,34,Docter Shinu Abhi,0.754
1764069952.4152648,36,Docter Shinu Abhi,0.629
1764069956.8892488,37,Srinivas,0.922
1764069957.035474,37,Srinivas,0.922
1764069957.2085614,37,Srinivas,0.922
1764069957.3854587,37,Srinivas,0.922
1764069957.571141,37,Srinivas,0.922
1764069957.7282813,37,Srinivas,0.922
1764069957.8785317,37,Srinivas,0.922
1764069958.0353274,37,Srinivas,0.922
1764069958.2152076,37,Srinivas,0.922
1764069958.4447227,37,Srinivas,0.922
1764069958.634269,37,Srinivas,0.922
1764069959.0649145,37,Srinivas,0.922
1764069959.2687054,37,Srinivas,0.922
1764069959.4940786,37,Srinivas,0.922
1764069959.7514107,37,Srinivas,0.922
1764069959.9798844,37,Srinivas,0.922
1764069960.196356,37,Srinivas,0.922
1764069960.4320104,37,Srinivas,0.922
1764069960.6462119,37,Srinivas,0.922
1764069960.9018297,37,Srinivas,0.922
timestamp,track_id,name,score
1764070206.3244095,1,Unknown,0.002
1764070206.5050511,1,Unknown,0.003
1764070206.6642408,1,Unknown,0.002
1764070206.7801366,1,Unknown,0.002
1764070206.9476619,1,Unknown,0.002
1764070207.0940833,1,Unknown,0.003
1764070207.2569401,1,Unknown,0.001
1764070207.396954,1,Unknown,0.002
1764070207.5379283,1,Unknown,0.001
1764070207.65739,1,Unknown,0.001
1764070207.7778986,1,Unknown,0.001
1764070207.911681,1,Unknown,0.000
1764070208.0373375,1,Unknown,0.001
1764070208.1673646,1,Unknown,0.001
1764070208.3323135,1,Unknown,0.001
1764070208.453658,1,Unknown,0.001
1764070208.5745907,1,Unknown,0.001
1764070208.6915438,1,Unknown,0.001
1764070208.8215306,1,Unknown,0.001
1764070208.9382656,1,Unknown,0.001
1764070209.0614855,1,Unknown,0.001
1764070209.1898386,1,Unknown,0.001
1764070209.3444114,1,Unknown,0.001
1764070209.47167,1,Unknown,0.001
1764070209.5907342,1,Unknown,0.001
1764070209.7098532,1,Unknown,0.001
1764070209.8309243,1,Unknown,0.001
1764070209.9521396,1,Unknown,0.001
1764070210.069629,1,Unknown,0.001
1764070210.2015824,1,Unknown,0.000
1764070210.3773649,1,Unknown,0.001
1764070210.505504,1,Unknown,0.001
1764070210.6248736,1,Unknown,0.002
1764070210.765931,1,Unknown,0.001
1764070210.926954,1,Unknown,0.001
1764070211.0453079,1,Unknown,0.000
1764070211.1731718,1,Unknown,0.001
1764070211.3323176,1,Unknown,0.001
1764070211.4518435,1,Unknown,0.001
1764070211.5649889,1,Unknown,0.002
1764070211.6817496,1,Unknown,0.001
1764070211.8161314,1,Unknown,0.001
1764070211.9516501,1,Unknown,0.002
1764070212.0654047,1,Unknown,0.001
1764070212.174925,1,Unknown,0.001
1764070212.3460963,1,Unknown,0.001
1764070212.461482,1,Unknown,0.001
1764070212.661885,1,Unknown,0.001
1764070212.8284285,1,Unknown,0.001
1764070212.9596632,1,Unknown,0.001
1764070213.0870948,1,Unknown,0.002
1764070213.2089324,1,Unknown,0.001
1764070213.3321383,1,Unknown,0.001
1764070213.4490485,1,Unknown,0.002
1764070213.5759697,1,Unknown,0.001
1764070213.75277,1,Unknown,0.002
1764070213.8676503,1,Unknown,0.002
1764070213.9979858,1,Unknown,0.002
1764070214.1618652,1,Unknown,0.002
1764070214.300845,1,Unknown,0.002
1764070214.4807138,1,Unknown,0.001
1764070214.6448083,1,Unknown,0.003
1764070214.760088,1,Unknown,0.002
1764070214.8684375,1,Unknown,0.002
1764070215.0199707,1,Unknown,0.003
1764070215.1554494,1,Unknown,0.003
1764070215.310456,1,Unknown,0.002
1764070215.4489782,1,Unknown,0.002
1764070215.6718204,1,Unknown,0.002
1764070215.849046,1,Unknown,0.003
1764070215.9696589,1,Unknown,0.003
1764070216.0929751,1,Unknown,0.002
1764070216.2174249,1,Unknown,0.004
1764070216.3469484,1,Unknown,0.003
1764070216.4731972,1,Unknown,0.003
1764070216.6256416,1,Unknown,0.002
1764070216.7360744,1,Unknown,0.002
1764070216.8610387,1,Unknown,0.002
1764070216.984984,1,Unknown,0.002
1764070217.1656673,1,Unknown,0.002
1764070217.3142495,1,Unknown,0.002
1764070217.4411771,1,Unknown,0.002
1764070217.5798638,1,Unknown,0.003
1764070217.7161589,1,Unknown,0.003
1764070217.826329,1,Unknown,0.003
1764070217.9490418,1,Unknown,0.002
1764070218.0836275,1,Unknown,0.002
timestamp,track_id,name,score
1764070250.9055653,1,Unknown,0.048
1764070251.1015506,1,Unknown,0.048
1764070251.2671907,1,Unknown,0.048
1764070251.4596496,1,Unknown,0.048
1764070251.64284,1,Unknown,0.048
1764070251.8335714,1,Unknown,0.048
1764070252.002203,1,Unknown,0.047
1764070252.1796649,1,Unknown,0.048
1764070252.3575172,1,Unknown,0.047
1764070252.496352,1,Unknown,0.048
1764070252.677426,1,Unknown,0.048
1764070252.8439763,1,Unknown,0.048
1764070253.0007389,1,Unknown,0.048
1764070253.1557646,1,Unknown,0.049
1764070253.3140175,1,Unknown,0.049
1764070253.460668,1,Unknown,0.048
1764070253.6062658,1,Unknown,0.048
1764070253.787249,1,Unknown,0.047
1764070253.96447,1,Unknown,0.046
1764070254.1476464,1,Unknown,0.048
1764070254.3398273,1,Unknown,0.048
1764070254.5043314,1,Unknown,0.050
1764070254.6796737,1,Unknown,0.049
1764070254.8454983,1,Unknown,0.050
1764070255.0161743,1,Unknown,0.051
1764070255.1833413,1,Unknown,0.051
1764070255.380046,1,Unknown,0.052
1764070255.5622375,1,Unknown,0.051
1764070255.7324884,1,Unknown,0.052
1764070256.0589683,1,Unknown,0.052
1764070256.3456964,1,Unknown,0.052
1764070256.500287,1,Unknown,0.054
1764070256.67695,1,Unknown,0.053
1764070256.8670354,1,Unknown,0.053
1764070257.0402975,1,Unknown,0.052
1764070257.2621841,1,Unknown,0.052
1764070257.439867,1,Unknown,0.052
1764070257.5984194,1,Unknown,0.051
1764070257.767791,1,Unknown,0.052
1764070257.957687,1,Unknown,0.051
1764070258.134672,1,Unknown,0.051
1764070258.314673,1,Unknown,0.051
1764070258.4854825,1,Unknown,0.051
1764070258.6500475,1,Unknown,0.051
1764070258.7836976,1,Unknown,0.051
1764070258.9481363,1,Unknown,0.051
1764070259.109626,1,Unknown,0.051
1764070266.7426097,1,Unknown,0.048
1764070266.9060748,1,Unknown,0.048
1764070267.0400102,1,Unknown,0.049
1764070267.1631787,1,Unknown,0.049
1764070267.2801733,1,Unknown,0.048
1764070267.407764,1,Unknown,0.049
1764070267.5119042,1,Unknown,0.048
1764070267.639829,1,Unknown,0.048
1764070267.7638714,1,Unknown,0.048
1764070267.9356308,1,Unknown,0.048
1764070268.0499363,1,Unknown,0.049
1764070268.2453938,1,Unknown,0.048
1764070268.3676574,1,Unknown,0.048
1764070268.5202901,1,Unknown,0.048
1764070268.724161,1,Unknown,0.048
1764070268.9171038,1,Unknown,0.048
1764070269.1232548,1,Unknown,0.048
1764070269.3852444,1,Unknown,0.048
1764070269.6338913,1,Unknown,0.049
1764070269.8770065,1,Unknown,0.048
1764070270.0707023,1,Unknown,0.048
1764070270.3189564,1,Unknown,0.048
timestamp,track_id,name,score
1764070282.8835866,1,Srinivas,0.914
1764070283.135212,1,Srinivas,0.914
1764070283.4077606,1,Srinivas,0.914
1764070283.8108783,1,Srinivas,0.914
1764070284.09141,1,Srinivas,0.914
1764070284.09141,2,Unknown,0.079
1764070284.3006876,1,Srinivas,0.914
1764070284.5155447,1,Srinivas,0.914
1764070284.7831044,1,Srinivas,0.914
1764070285.0251384,1,Srinivas,0.914
1764070285.2557104,1,Srinivas,0.914
1764070285.4379365,1,Srinivas,0.914
1764070285.6729124,1,Srinivas,0.914
1764070286.5317893,1,Srinivas,0.914
1764070286.7201195,1,Srinivas,0.914
1764070286.9280477,1,Srinivas,0.914
1764070288.762153,1,Srinivas,0.914
1764070288.9156904,1,Srinivas,0.914
1764070289.1098945,1,Srinivas,0.914
1764070289.3336,1,Srinivas,0.914
1764070289.5456643,1,Srinivas,0.914
1764070289.7817929,1,Srinivas,0.914
1764070290.3368013,1,Srinivas,0.914
1764070290.6136646,1,Srinivas,0.914
1764070290.813785,1,Srinivas,0.914
1764070291.0168612,1,Srinivas,0.914
1764070291.2389178,1,Srinivas,0.914
1764070291.4461675,1,Srinivas,0.914
1764070291.6777146,1,Srinivas,0.914
1764070291.9102643,1,Srinivas,0.914
1764070292.1128533,1,Srinivas,0.914
timestamp,track_id,name,score
1764070325.1324859,1,Srinivas,0.890
1764070325.4576974,1,Srinivas,0.890
1764070325.7371707,1,Srinivas,0.890
1764070326.0055487,1,Srinivas,0.890
1764070326.2724013,1,Srinivas,0.890
1764070326.5768952,1,Srinivas,0.890
1764070326.8277514,1,Srinivas,0.890
1764070327.089889,1,Srinivas,0.890
1764070327.3619123,1,Srinivas,0.890
1764070327.624599,1,Srinivas,0.890
1764070327.882645,1,Srinivas,0.890
1764070328.1554391,1,Srinivas,0.890
1764070328.4217849,1,Srinivas,0.890
1764070328.6969576,1,Srinivas,0.890
1764070329.033675,1,Srinivas,0.890
1764070329.3349688,1,Srinivas,0.890
1764070329.6672292,1,Srinivas,0.890
1764070330.0160425,1,Srinivas,0.890
1764070330.3817604,1,Srinivas,0.890
1764070330.762447,1,Srinivas,0.890
1764070331.1271384,1,Srinivas,0.890
1764070331.4960666,1,Srinivas,0.890
1764070331.9356177,1,Srinivas,0.890
1764070332.320184,1,Srinivas,0.890
1764070332.6760645,1,Srinivas,0.890
1764070333.0053208,1,Srinivas,0.890
1764070333.32392,1,Srinivas,0.890
1764070333.6548743,1,Srinivas,0.890
1764070333.9973104,1,Srinivas,0.890
1764070334.638887,1,Srinivas,0.890
1764070335.000993,1,Srinivas,0.890
1764070335.331935,1,Srinivas,0.890
1764070335.665114,1,Srinivas,0.890
1764070336.0654647,1,Srinivas,0.890
1764070336.4252224,1,Srinivas,0.890
1764070336.794952,1,Srinivas,0.890
1764070337.1873472,1,Srinivas,0.890
1764070337.5934737,1,Srinivas,0.890
1764070337.9679797,1,Srinivas,0.890
1764070338.3560119,1,Srinivas,0.890
1764070338.6037679,1,Srinivas,0.890
1764070338.8870325,1,Srinivas,0.890
1764070339.0899916,1,Srinivas,0.890
1764070339.3501499,1,Srinivas,0.890
1764070339.576811,1,Srinivas,0.890
1764070339.8041246,1,Srinivas,0.890
1764070340.0464392,1,Srinivas,0.890
1764070340.246191,1,Srinivas,0.890
1764070340.4688346,1,Srinivas,0.890
1764070340.6752782,1,Srinivas,0.890
1764070340.9031312,1,Srinivas,0.890
1764070341.163393,1,Srinivas,0.890
1764070341.375912,1,Srinivas,0.890
1764070341.5699933,1,Srinivas,0.890
1764070341.776083,1,Srinivas,0.890
1764070341.9689887,1,Srinivas,0.890
1764070342.2056618,1,Srinivas,0.890
1764070342.3861713,1,Srinivas,0.890
1764070342.5680423,1,Srinivas,0.890
1764070342.754686,1,Srinivas,0.890
1764070342.9497595,1,Srinivas,0.890
1764070343.1513586,1,Srinivas,0.890
1764070343.7022376,1,Srinivas,0.890
1764070344.0714004,1,Srinivas,0.890
1764070344.2752004,1,Srinivas,0.890
1764070344.4928038,1,Srinivas,0.890
1764070344.7356296,1,Srinivas,0.890
1764070344.9233377,1,Srinivas,0.890
1764070345.1321766,1,Srinivas,0.890
1764070345.3619635,1,Srinivas,0.890
1764070345.542906,1,Srinivas,0.890
1764070345.7686937,1,Srinivas,0.890
1764070345.9549186,1,Srinivas,0.890
1764070346.6160295,1,Srinivas,0.890
1764070346.982786,1,Srinivas,0.890
1764070347.3377512,1,Srinivas,0.890
1764070347.652591,1,Srinivas,0.890
1764070347.969974,1,Srinivas,0.890
1764070348.3419042,1,Srinivas,0.890
1764070348.637389,1,Srinivas,0.890
1764070348.9592369,1,Srinivas,0.890
1764070349.2774673,1,Srinivas,0.890
1764070349.6059027,1,Srinivas,0.890
1764070349.9277155,1,Srinivas,0.890
1764070350.2382705,1,Srinivas,0.890
timestamp,track_id,name,score
1764070376.6151993,1,Srinivas,0.904
1764070376.8444898,1,Srinivas,0.904
1764070377.0198913,1,Srinivas,0.904
1764070377.22743,1,Srinivas,0.904
1764070377.4053302,1,Srinivas,0.904
1764070377.5675693,1,Srinivas,0.904
1764070377.740358,1,Srinivas,0.904
1764070377.9742038,1,Srinivas,0.904
1764070378.1645324,1,Srinivas,0.904
1764070378.4048915,1,Srinivas,0.904
1764070378.5874026,1,Srinivas,0.904
1764070378.805701,1,Srinivas,0.904
1764070379.0378838,1,Srinivas,0.904
1764070379.2727938,1,Srinivas,0.904
1764070379.4974203,1,Srinivas,0.904
1764070379.685717,1,Srinivas,0.904
1764070381.0189323,1,Srinivas,0.904
1764070381.173866,1,Srinivas,0.904
1764070381.3329477,1,Srinivas,0.904
1764070381.533689,1,Srinivas,0.904
1764070382.971822,1,Srinivas,0.904
1764070383.1251185,1,Srinivas,0.904
1764070383.319964,1,Srinivas,0.904
1764070383.511693,1,Srinivas,0.904
1764070383.7817314,1,Srinivas,0.904
1764070383.9924712,1,Srinivas,0.904
1764070384.2004554,1,Srinivas,0.904
1764070384.4866364,1,Srinivas,0.904
1764070384.7061796,1,Srinivas,0.904
1764070384.9770966,1,Srinivas,0.904
1764070385.2013304,1,Srinivas,0.904
1764070385.458973,1,Srinivas,0.904
1764070385.6962602,1,Srinivas,0.904
1764070385.988509,1,Srinivas,0.904
1764070386.197446,1,Srinivas,0.904
1764070386.4007618,1,Srinivas,0.904
1764070386.6121917,1,Srinivas,0.904
1764070386.8320544,1,Srinivas,0.904
1764070387.0772266,1,Srinivas,0.904
1764070387.292456,1,Srinivas,0.904
1764070387.5163126,1,Srinivas,0.904
1764070387.7736397,1,Srinivas,0.904
1764070387.99394,1,Srinivas,0.904
1764070388.2206466,1,Srinivas,0.904
1764070388.4677362,1,Srinivas,0.904
1764070388.692181,1,Srinivas,0.904
1764070388.8970644,1,Srinivas,0.904
1764070389.162239,1,Srinivas,0.904
1764070389.3864503,1,Srinivas,0.904
1764070389.6240165,1,Srinivas,0.904
1764070389.8378212,1,Srinivas,0.904
1764070390.0871413,1,Srinivas,0.904
1764070390.2992394,1,Srinivas,0.904
1764070390.5207822,1,Srinivas,0.904
1764070390.7618954,1,Srinivas,0.904
1764070390.9848287,1,Srinivas,0.904
1764070391.2034063,1,Srinivas,0.904
1764070391.4037364,1,Srinivas,0.904
1764070391.6561909,1,Srinivas,0.904
1764070391.8796508,1,Srinivas,0.904
1764070392.0971913,1,Srinivas,0.904
1764070392.2999387,1,Srinivas,0.904
1764070392.4898424,1,Srinivas,0.904
1764070392.7100887,1,Srinivas,0.904
1764070392.924269,1,Srinivas,0.904
1764070393.1466544,1,Srinivas,0.904
1764070393.3688915,1,Srinivas,0.904
1764070393.6044114,1,Srinivas,0.904
1764070393.8843062,1,Srinivas,0.904
1764070394.0947506,1,Srinivas,0.904
1764070394.3158298,1,Srinivas,0.904
1764070394.5580313,1,Srinivas,0.904
1764070394.807468,1,Srinivas,0.904
1764070395.044621,1,Srinivas,0.904
1764070395.3288343,1,Srinivas,0.904
1764070395.587195,1,Srinivas,0.904
1764070395.8446014,1,Srinivas,0.904
1764070396.0737407,1,Srinivas,0.904
1764070396.31192,1,Srinivas,0.904
1764070396.5198054,1,Srinivas,0.904
1764070397.169735,1,Srinivas,0.904
1764070397.6618035,1,Srinivas,0.904
1764070398.0352683,1,Srinivas,0.904
1764070398.381667,1,Srinivas,0.904
1764070398.7148252,1,Srinivas,0.904
1764070399.086451,1,Srinivas,0.904
1764070399.4246786,1,Srinivas,0.904
1764070399.767593,1,Srinivas,0.904
1764070400.1675956,1,Srinivas,0.904
1764070400.8298163,1,Srinivas,0.904
1764070401.3707852,1,Srinivas,0.904
1764070401.7269645,1,Srinivas,0.904
1764070402.1018374,1,Srinivas,0.904
1764070402.6558914,1,Srinivas,0.904
1764070402.9644237,1,Srinivas,0.904
1764070403.2918882,1,Srinivas,0.904
1764070403.6171138,1,Srinivas,0.904
1764070403.945366,1,Srinivas,0.904
1764070404.3300653,1,Srinivas,0.904
1764070404.6689303,1,Srinivas,0.904
1764070404.9760406,1,Srinivas,0.904
1764070405.2139482,1,Srinivas,0.904
1764070405.467085,1,Srinivas,0.904
1764070405.6758966,1,Srinivas,0.904
1764070405.8913176,1,Srinivas,0.904
1764070406.1942203,1,Srinivas,0.904
1764070406.412397,1,Srinivas,0.904
1764070406.6162724,1,Srinivas,0.904
1764070406.8446116,1,Srinivas,0.904
1764070407.9415264,1,Srinivas,0.904
1764070408.125251,1,Srinivas,0.904
1764070408.3216484,1,Srinivas,0.904
1764070408.5475543,1,Srinivas,0.904
1764070408.7930567,1,Srinivas,0.904
1764070409.000025,1,Srinivas,0.904
1764070409.1888187,1,Srinivas,0.904
1764070409.3938904,1,Srinivas,0.904
1764070410.4095929,1,Srinivas,0.904
1764070413.9073162,1,Srinivas,0.904
1764070414.1670275,1,Srinivas,0.904
1764070414.328121,1,Srinivas,0.904
1764070414.4850135,1,Srinivas,0.904
1764070414.6413267,1,Srinivas,0.904
1764070414.8467019,1,Srinivas,0.904
1764070415.056675,1,Srinivas,0.904
1764070415.278879,1,Srinivas,0.904
1764070415.7644434,1,Srinivas,0.904
1764070415.9617324,1,Srinivas,0.904
1764070416.167331,1,Srinivas,0.904
1764070416.3872917,1,Srinivas,0.904
1764070416.638546,1,Srinivas,0.904
1764070416.8793235,1,Srinivas,0.904
1764070417.0946884,1,Srinivas,0.904
1764070417.3641794,1,Srinivas,0.904
1764070417.5815918,1,Srinivas,0.904
1764070417.8400962,1,Srinivas,0.904
1764070418.1024382,1,Srinivas,0.904
1764070418.3351169,1,Srinivas,0.904
1764070418.5593657,1,Srinivas,0.904
1764070418.8213136,1,Srinivas,0.904
1764070418.9956882,1,Srinivas,0.904
1764070419.2279835,1,Srinivas,0.904
1764070419.422653,1,Srinivas,0.904
1764070419.6842132,1,Srinivas,0.904
1764070419.900561,1,Srinivas,0.904
1764070420.1073956,1,Srinivas,0.904
1764070420.3864205,1,Srinivas,0.904
1764070431.335077,1,Srinivas,0.904
1764070431.5189755,1,Srinivas,0.904
1764070431.8295815,1,Srinivas,0.904
1764070432.0105085,1,Srinivas,0.904
1764070432.5872114,1,Srinivas,0.904
1764070432.7674587,1,Srinivas,0.904
1764070432.9091446,1,Srinivas,0.904
1764070433.1020198,1,Srinivas,0.904
1764070433.345802,1,Srinivas,0.904
1764070433.529627,1,Srinivas,0.904
1764070433.7058215,1,Srinivas,0.904
1764070433.8799067,1,Srinivas,0.904
1764070434.072533,1,Srinivas,0.904
1764070434.2641168,1,Srinivas,0.904
1764070434.5019271,1,Srinivas,0.904
1764070434.7058656,1,Srinivas,0.904
1764070434.9216723,1,Srinivas,0.904
1764070435.2139492,1,Srinivas,0.904
1764070435.4905365,1,Srinivas,0.904
1764070435.758771,1,Srinivas,0.904
1764070436.0422165,1,Srinivas,0.904
1764070436.396725,1,Srinivas,0.904
1764070436.6537302,1,Srinivas,0.904
1764070436.937107,1,Srinivas,0.904
1764070437.232097,1,Srinivas,0.904
1764070437.5484602,1,Srinivas,0.904
1764070437.7934334,1,Srinivas,0.904
1764070438.337291,1,Srinivas,0.904
1764070439.1202664,1,Srinivas,0.904
1764070439.8686035,1,Srinivas,0.904
1764070440.696506,1,Srinivas,0.904
1764070441.6159964,1,Srinivas,0.904
1764070442.135012,1,Srinivas,0.904
1764070442.4954188,1,Srinivas,0.904
1764070442.8727126,1,Srinivas,0.904
1764070443.2542605,1,Srinivas,0.904
1764070443.665049,1,Srinivas,0.904
1764070444.036209,1,Srinivas,0.904
1764070444.4287212,1,Srinivas,0.904
1764070444.8156536,1,Srinivas,0.904
1764070445.2500665,1,Srinivas,0.904
1764070445.7239075,1,Srinivas,0.904
1764070446.1601195,1,Srinivas,0.904
1764070446.4677422,1,Srinivas,0.904
1764070446.8084493,1,Srinivas,0.904
1764070447.1327984,2,Unknown,0.342
1764070447.4348013,1,Srinivas,0.904
1764070447.769389,1,Srinivas,0.904
1764070448.0877533,1,Srinivas,0.904
1764070448.426493,1,Srinivas,0.904
1764070448.756821,1,Srinivas,0.904
1764070449.0847135,1,Srinivas,0.904
1764070449.4674137,1,Srinivas,0.904
1764070449.8271062,1,Srinivas,0.904
1764070450.1756263,1,Srinivas,0.904
1764070450.5188923,1,Srinivas,0.904
1764070450.846255,1,Srinivas,0.904
1764070451.185183,1,Srinivas,0.904
1764070451.5303705,1,Srinivas,0.904
1764070451.8649693,1,Srinivas,0.904
1764070452.190159,1,Srinivas,0.904
1764070452.508817,1,Srinivas,0.904
1764070452.834111,1,Srinivas,0.904
1764070453.1620078,1,Srinivas,0.904
1764070453.510153,1,Srinivas,0.904
1764070453.836316,1,Srinivas,0.904
1764070454.1648452,1,Srinivas,0.904
1764070454.5103903,1,Srinivas,0.904
1764070454.8293853,1,Srinivas,0.904
1764070455.135892,1,Srinivas,0.904
1764070455.6517887,1,Srinivas,0.904
1764070456.0017781,1,Srinivas,0.904
1764070456.3491657,1,Srinivas,0.904
